2023-06-17T12:00:01: PM2 log: ===============================================================================
2023-06-17T12:00:01: PM2 log: --- New PM2 Daemon started ----------------------------------------------------
2023-06-17T12:00:01: PM2 log: Time                 : Sat Jun 17 2023 12:00:01 GMT+0330 (Iran Standard Time)
2023-06-17T12:00:01: PM2 log: PM2 version          : 5.3.0
2023-06-17T12:00:01: PM2 log: Node.js version      : 16.19.1
2023-06-17T12:00:01: PM2 log: Current arch         : x64
2023-06-17T12:00:01: PM2 log: PM2 home             : /opt/lidoma/lidoma-trip/.pm2
2023-06-17T12:00:01: PM2 log: PM2 PID file         : /opt/lidoma/lidoma-trip/.pm2/pm2.pid
2023-06-17T12:00:01: PM2 log: RPC socket file      : /opt/lidoma/lidoma-trip/.pm2/rpc.sock
2023-06-17T12:00:01: PM2 log: BUS socket file      : /opt/lidoma/lidoma-trip/.pm2/pub.sock
2023-06-17T12:00:01: PM2 log: Application log path : /opt/lidoma/lidoma-trip/.pm2/logs
2023-06-17T12:00:01: PM2 log: Worker Interval      : 30000
2023-06-17T12:00:01: PM2 log: Process dump file    : /opt/lidoma/lidoma-trip/.pm2/dump.pm2
2023-06-17T12:00:01: PM2 log: Concurrent actions   : 2
2023-06-17T12:00:01: PM2 log: SIGTERM timeout      : 1600
2023-06-17T12:00:01: PM2 log: ===============================================================================
2023-06-17T12:01:19: PM2 log: [Watch] Start watching myNextApp
2023-06-17T12:01:19: PM2 log: App [myNextApp:0] starting in -cluster mode-
2023-06-17T12:01:19: PM2 log: App [myNextApp:0] online
2023-06-17T12:01:19: PM2 log: [Watch] Start watching myNextApp
2023-06-17T12:01:19: PM2 log: App [myNextApp:1] starting in -cluster mode-
2023-06-17T12:01:19: PM2 log: App [myNextApp:1] online
2023-06-17T12:01:19: PM2 log: [Watch] Start watching myNextApp
2023-06-17T12:01:19: PM2 log: App [myNextApp:2] starting in -cluster mode-
2023-06-17T12:01:19: PM2 log: App [myNextApp:2] online
2023-06-17T12:01:19: PM2 log: [Watch] Start watching myNextApp
2023-06-17T12:01:19: PM2 log: App [myNextApp:3] starting in -cluster mode-
2023-06-17T12:01:19: PM2 log: App [myNextApp:3] online
2023-06-17T12:01:19: PM2 log: [Watch] Start watching myNextApp
2023-06-17T12:01:19: PM2 log: App [myNextApp:4] starting in -cluster mode-
2023-06-17T12:01:19: PM2 log: App [myNextApp:4] online
2023-06-17T12:01:19: PM2 log: [Watch] Start watching myNextApp
2023-06-17T12:01:19: PM2 log: App [myNextApp:5] starting in -cluster mode-
Error: EACCES: permission denied, open '/var/log/myNextApp/myNextApp-0.log'
Error: EACCES: permission denied, open '/var/log/myNextApp/myNextApp-2.log'
Error: EACCES: permission denied, open '/var/log/myNextApp/myNextApp-1.log'
2023-06-17T12:01:19: PM2 log: App name:myNextApp id:0 disconnected
2023-06-17T12:01:19: PM2 log: App name:myNextApp id:2 disconnected
2023-06-17T12:01:19: PM2 log: App [myNextApp:0] exited with code [1] via signal [SIGINT]
2023-06-17T12:01:19: PM2 log: App [myNextApp:1] exited with code [1] via signal [SIGINT]
2023-06-17T12:01:19: PM2 log: App [myNextApp:2] exited with code [1] via signal [SIGINT]
2023-06-17T12:01:19: PM2 log: App [myNextApp:0] starting in -cluster mode-
2023-06-17T12:01:19: PM2 log: App [myNextApp:1] starting in -cluster mode-
2023-06-17T12:01:19: PM2 log: App [myNextApp:2] starting in -cluster mode-
2023-06-17T12:01:19: PM2 log: App name:myNextApp id:1 disconnected
2023-06-17T12:01:19: PM2 log: App [myNextApp:5] online
2023-06-17T12:01:19: PM2 log: [Watch] Start watching myNextApp
2023-06-17T12:01:19: PM2 log: App [myNextApp:6] starting in -cluster mode-
Error: EACCES: permission denied, open '/var/log/myNextApp/myNextApp-3.log'
2023-06-17T12:01:19: PM2 log: App name:myNextApp id:3 disconnected
2023-06-17T12:01:19: PM2 log: App [myNextApp:3] exited with code [1] via signal [SIGINT]
2023-06-17T12:01:19: PM2 log: App [myNextApp:0] online
2023-06-17T12:01:19: PM2 log: App [myNextApp:3] starting in -cluster mode-
2023-06-17T12:01:20: PM2 log: App [myNextApp:2] online
2023-06-17T12:01:20: PM2 log: App [myNextApp:1] online
2023-06-17T12:01:20: PM2 log: App [myNextApp:6] online
2023-06-17T12:01:20: PM2 log: [Watch] Start watching myNextApp
2023-06-17T12:01:20: PM2 log: App [myNextApp:7] starting in -cluster mode-
2023-06-17T12:01:20: PM2 log: App [myNextApp:3] online
Error: EACCES: permission denied, open '/var/log/myNextApp/myNextApp-4.log'
2023-06-17T12:01:20: PM2 log: App name:myNextApp id:4 disconnected
2023-06-17T12:01:20: PM2 log: App [myNextApp:4] exited with code [1] via signal [SIGINT]
2023-06-17T12:01:20: PM2 log: App [myNextApp:4] starting in -cluster mode-
2023-06-17T12:01:20: PM2 log: App [myNextApp:7] online
2023-06-17T12:01:20: PM2 log: [Watch] Start watching myNextApp
2023-06-17T12:01:20: PM2 log: App [myNextApp:8] starting in -cluster mode-
Error: EACCES: permission denied, open '/var/log/myNextApp/myNextApp-5.log'
2023-06-17T12:01:20: PM2 log: App [myNextApp:5] exited with code [1] via signal [SIGINT]
2023-06-17T12:01:20: PM2 log: App [myNextApp:5] starting in -cluster mode-
2023-06-17T12:01:20: PM2 log: App name:myNextApp id:5 disconnected
Error: EACCES: permission denied, open '/var/log/myNextApp/myNextApp-6.log'
2023-06-17T12:01:20: PM2 log: App [myNextApp:4] online
2023-06-17T12:01:20: PM2 log: App [myNextApp:8] online
Error: EACCES: permission denied, open '/var/log/myNextApp/myNextApp-2.log'
2023-06-17T12:01:20: PM2 log: [Watch] Start watching myNextApp
2023-06-17T12:01:20: PM2 log: App [myNextApp:9] starting in -cluster mode-
2023-06-17T12:01:20: PM2 log: App name:myNextApp id:6 disconnected
2023-06-17T12:01:20: PM2 log: App [myNextApp:2] exited with code [1] via signal [SIGINT]
2023-06-17T12:01:20: PM2 log: App [myNextApp:6] exited with code [1] via signal [SIGINT]
2023-06-17T12:01:20: PM2 log: App [myNextApp:2] starting in -cluster mode-
2023-06-17T12:01:20: PM2 log: App [myNextApp:6] starting in -cluster mode-
2023-06-17T12:01:20: PM2 log: App name:myNextApp id:2 disconnected
2023-06-17T12:01:20: PM2 log: App [myNextApp:5] online
Error: EACCES: permission denied, open '/var/log/myNextApp/myNextApp-0.log'
Error: EACCES: permission denied, open '/var/log/myNextApp/myNextApp-1.log'
Error: EACCES: permission denied, open '/var/log/myNextApp/myNextApp-3.log'
2023-06-17T12:01:20: PM2 log: App name:myNextApp id:0 disconnected
2023-06-17T12:01:20: PM2 log: App name:myNextApp id:1 disconnected
2023-06-17T12:01:20: PM2 log: App [myNextApp:0] exited with code [1] via signal [SIGINT]
2023-06-17T12:01:20: PM2 log: App [myNextApp:1] exited with code [1] via signal [SIGINT]
2023-06-17T12:01:20: PM2 log: App [myNextApp:3] exited with code [1] via signal [SIGINT]
2023-06-17T12:01:20: PM2 log: App [myNextApp:0] starting in -cluster mode-
2023-06-17T12:01:20: PM2 log: App [myNextApp:1] starting in -cluster mode-
2023-06-17T12:01:20: PM2 log: App name:myNextApp id:3 disconnected
2023-06-17T12:01:20: PM2 log: App [myNextApp:2] online
2023-06-17T12:01:20: PM2 log: App [myNextApp:3] starting in -cluster mode-
2023-06-17T12:01:20: PM2 log: App [myNextApp:9] online
2023-06-17T12:01:20: PM2 log: [Watch] Start watching myNextApp
2023-06-17T12:01:20: PM2 log: App [myNextApp:10] starting in -cluster mode-
2023-06-17T12:01:20: PM2 log: App [myNextApp:6] online
2023-06-17T12:01:20: PM2 log: App [myNextApp:0] online
Error: EACCES: permission denied, open '/var/log/myNextApp/myNextApp-7.log'
2023-06-17T12:01:20: PM2 log: App [myNextApp:1] online
Error: EACCES: permission denied, open '/var/log/myNextApp/myNextApp-4.log'
2023-06-17T12:01:20: PM2 log: App name:myNextApp id:4 disconnected
2023-06-17T12:01:20: PM2 log: App name:myNextApp id:7 disconnected
2023-06-17T12:01:20: PM2 log: App [myNextApp:3] online
2023-06-17T12:01:20: PM2 log: App [myNextApp:10] online
2023-06-17T12:01:20: PM2 log: [Watch] Start watching myNextApp
2023-06-17T12:01:20: PM2 log: App [myNextApp:11] starting in -cluster mode-
2023-06-17T12:01:20: PM2 log: App [myNextApp:7] exited with code [1] via signal [SIGINT]
2023-06-17T12:01:20: PM2 log: App [myNextApp:4] exited with code [1] via signal [SIGINT]
2023-06-17T12:01:20: PM2 log: App [myNextApp:7] starting in -cluster mode-
2023-06-17T12:01:20: PM2 log: App [myNextApp:4] starting in -cluster mode-
Error: EACCES: permission denied, open '/var/log/myNextApp/myNextApp-8.log'
2023-06-17T12:01:20: PM2 log: App name:myNextApp id:8 disconnected
2023-06-17T12:01:20: PM2 log: App [myNextApp:8] exited with code [1] via signal [SIGINT]
Error: EACCES: permission denied, open '/var/log/myNextApp/myNextApp-5.log'
2023-06-17T12:01:20: PM2 log: App [myNextApp:8] starting in -cluster mode-
2023-06-17T12:01:20: PM2 log: App [myNextApp:4] online
2023-06-17T12:01:20: PM2 log: App name:myNextApp id:5 disconnected
2023-06-17T12:01:20: PM2 log: App [myNextApp:5] exited with code [1] via signal [SIGINT]
Error: EACCES: permission denied, open '/var/log/myNextApp/myNextApp-2.log'
2023-06-17T12:01:20: PM2 log: App [myNextApp:5] starting in -cluster mode-
2023-06-17T12:01:20: PM2 log: App name:myNextApp id:2 disconnected
2023-06-17T12:01:20: PM2 log: App [myNextApp:11] online
2023-06-17T12:01:20: PM2 log: [Watch] Start watching myNextApp
2023-06-17T12:01:20: PM2 log: App [myNextApp:12] starting in -cluster mode-
2023-06-17T12:01:20: PM2 log: App [myNextApp:7] online
Error: EACCES: permission denied, open '/var/log/myNextApp/myNextApp-1.log'
Error: EACCES: permission denied, open '/var/log/myNextApp/myNextApp-0.log'
2023-06-17T12:01:20: PM2 log: App [myNextApp:2] exited with code [1] via signal [SIGINT]
2023-06-17T12:01:20: PM2 log: App [myNextApp:2] starting in -cluster mode-
2023-06-17T12:01:20: PM2 log: App name:myNextApp id:0 disconnected
Error: EACCES: permission denied, open '/var/log/myNextApp/myNextApp-6.log'
2023-06-17T12:01:20: PM2 log: App name:myNextApp id:1 disconnected
Error: EACCES: permission denied, open '/var/log/myNextApp/myNextApp-3.log'
Error: EACCES: permission denied, open '/var/log/myNextApp/myNextApp-9.log'
2023-06-17T12:01:20: PM2 log: App [myNextApp:8] online
2023-06-17T12:01:20: PM2 log: App [myNextApp:9] exited with code [1] via signal [SIGINT]
2023-06-17T12:01:20: PM2 log: App [myNextApp:6] exited with code [1] via signal [SIGINT]
2023-06-17T12:01:20: PM2 log: App [myNextApp:0] exited with code [1] via signal [SIGINT]
2023-06-17T12:01:20: PM2 log: App [myNextApp:1] exited with code [1] via signal [SIGINT]
2023-06-17T12:01:20: PM2 log: App [myNextApp:3] exited with code [1] via signal [SIGINT]
2023-06-17T12:01:20: PM2 log: App [myNextApp:9] starting in -cluster mode-
Error: EACCES: permission denied, open '/var/log/myNextApp/myNextApp-10.log'
2023-06-17T12:01:20: PM2 log: App [myNextApp:6] starting in -cluster mode-
2023-06-17T12:01:20: PM2 log: App [myNextApp:0] starting in -cluster mode-
2023-06-17T12:01:20: PM2 log: App [myNextApp:1] starting in -cluster mode-
2023-06-17T12:01:20: PM2 log: App name:myNextApp id:9 disconnected
2023-06-17T12:01:20: PM2 log: App name:myNextApp id:6 disconnected
2023-06-17T12:01:20: PM2 log: App name:myNextApp id:3 disconnected
2023-06-17T12:01:20: PM2 log: App name:myNextApp id:10 disconnected
2023-06-17T12:01:20: PM2 log: App [myNextApp:5] online
2023-06-17T12:01:20: PM2 log: App [myNextApp:12] online
2023-06-17T12:01:20: PM2 log: [Watch] Start watching myNextApp
2023-06-17T12:01:20: PM2 log: App [myNextApp:13] starting in -cluster mode-
2023-06-17T12:01:20: PM2 log: App [myNextApp:2] online
2023-06-17T12:01:20: PM2 log: App [myNextApp:10] exited with code [1] via signal [SIGINT]
Error: EACCES: permission denied, open '/var/log/myNextApp/myNextApp-11.log'
2023-06-17T12:01:20: PM2 log: App [myNextApp:3] starting in -cluster mode-
Error: EACCES: permission denied, open '/var/log/myNextApp/myNextApp-7.log'
2023-06-17T12:01:20: PM2 log: App [myNextApp:10] starting in -cluster mode-
2023-06-17T12:01:20: PM2 log: App name:myNextApp id:11 disconnected
2023-06-17T12:01:20: PM2 log: App name:myNextApp id:7 disconnected
2023-06-17T12:01:20: PM2 log: App [myNextApp:9] online
2023-06-17T12:01:20: PM2 log: App [myNextApp:6] online
2023-06-17T12:01:20: PM2 log: App [myNextApp:0] online
2023-06-17T12:01:20: PM2 log: App [myNextApp:11] exited with code [1] via signal [SIGINT]
Error: EACCES: permission denied, open '/var/log/myNextApp/myNextApp-4.log'
2023-06-17T12:01:20: PM2 log: App [myNextApp:7] exited with code [1] via signal [SIGINT]
2023-06-17T12:01:20: PM2 log: App [myNextApp:11] starting in -cluster mode-
2023-06-17T12:01:20: PM2 log: App name:myNextApp id:4 disconnected
2023-06-17T12:01:20: PM2 log: App [myNextApp:13] online
2023-06-17T12:01:20: PM2 log: [Watch] Start watching myNextApp
2023-06-17T12:01:20: PM2 log: App [myNextApp:14] starting in -cluster mode-
2023-06-17T12:01:20: PM2 log: App [myNextApp:1] online
2023-06-17T12:01:20: PM2 log: App [myNextApp:4] exited with code [1] via signal [SIGINT]
2023-06-17T12:01:20: PM2 log: App [myNextApp:7] starting in -cluster mode-
Error: EACCES: permission denied, open '/var/log/myNextApp/myNextApp-8.log'
2023-06-17T12:01:20: PM2 log: App [myNextApp:3] online
2023-06-17T12:01:20: PM2 log: App [myNextApp:10] online
2023-06-17T12:01:20: PM2 log: App [myNextApp:4] starting in -cluster mode-
Error: EACCES: permission denied, open '/var/log/myNextApp/myNextApp-12.log'
2023-06-17T12:01:20: PM2 log: App name:myNextApp id:8 disconnected
2023-06-17T12:01:20: PM2 log: App [myNextApp:14] online
2023-06-17T12:01:20: PM2 log: [Watch] Start watching myNextApp
2023-06-17T12:01:20: PM2 log: App [myNextApp:15] starting in -cluster mode-
Error: EACCES: permission denied, open '/var/log/myNextApp/myNextApp-2.log'
2023-06-17T12:01:20: PM2 log: App [myNextApp:11] online
2023-06-17T12:01:20: PM2 log: App [myNextApp:8] exited with code [1] via signal [SIGINT]
2023-06-17T12:01:20: PM2 log: App [myNextApp:12] exited with code [1] via signal [SIGINT]
2023-06-17T12:01:20: PM2 log: App [myNextApp:2] exited with code [1] via signal [SIGINT]
2023-06-17T12:01:20: PM2 log: App [myNextApp:8] starting in -cluster mode-
Error: EACCES: permission denied, open '/var/log/myNextApp/myNextApp-5.log'
2023-06-17T12:01:20: PM2 log: App [myNextApp:12] starting in -cluster mode-
2023-06-17T12:01:20: PM2 log: App name:myNextApp id:12 disconnected
2023-06-17T12:01:20: PM2 log: App name:myNextApp id:2 disconnected
2023-06-17T12:01:20: PM2 log: App name:myNextApp id:5 disconnected
2023-06-17T12:01:20: PM2 log: App [myNextApp:7] online
2023-06-17T12:01:20: PM2 log: App [myNextApp:4] online
Error: EACCES: permission denied, open '/var/log/myNextApp/myNextApp-13.log'
2023-06-17T12:01:20: PM2 log: App [myNextApp:5] exited with code [1] via signal [SIGINT]
2023-06-17T12:01:20: PM2 log: App [myNextApp:2] starting in -cluster mode-
2023-06-17T12:01:20: PM2 log: App [myNextApp:5] starting in -cluster mode-
2023-06-17T12:01:21: PM2 log: App name:myNextApp id:13 disconnected
Error: EACCES: permission denied, open '/var/log/myNextApp/myNextApp-9.log'
2023-06-17T12:01:21: PM2 log: App [myNextApp:12] online
2023-06-17T12:01:21: PM2 log: App [myNextApp:13] exited with code [1] via signal [SIGINT]
Error: EACCES: permission denied, open '/var/log/myNextApp/myNextApp-3.log'
Error: EACCES: permission denied, open '/var/log/myNextApp/myNextApp-0.log'
2023-06-17T12:01:21: PM2 log: App [myNextApp:15] online
Error: EACCES: permission denied, open '/var/log/myNextApp/myNextApp-6.log'
2023-06-17T12:01:21: PM2 log: [Watch] Start watching myNextApp
2023-06-17T12:01:21: PM2 log: App [myNextApp:16] starting in -cluster mode-
2023-06-17T12:01:21: PM2 log: App [myNextApp:8] online
2023-06-17T12:01:21: PM2 log: App [myNextApp:13] starting in -cluster mode-
Error: EACCES: permission denied, open '/var/log/myNextApp/myNextApp-1.log'
2023-06-17T12:01:21: PM2 log: App name:myNextApp id:9 disconnected
2023-06-17T12:01:21: PM2 log: App name:myNextApp id:0 disconnected
2023-06-17T12:01:21: PM2 log: App name:myNextApp id:3 disconnected
2023-06-17T12:01:21: PM2 log: App name:myNextApp id:6 disconnected
2023-06-17T12:01:21: PM2 log: App [myNextApp:9] exited with code [1] via signal [SIGINT]
2023-06-17T12:01:21: PM2 log: App [myNextApp:6] exited with code [1] via signal [SIGINT]
2023-06-17T12:01:21: PM2 log: App [myNextApp:0] exited with code [1] via signal [SIGINT]
2023-06-17T12:01:21: PM2 log: App [myNextApp:1] exited with code [1] via signal [SIGINT]
2023-06-17T12:01:21: PM2 log: App [myNextApp:3] exited with code [1] via signal [SIGINT]
2023-06-17T12:01:21: PM2 log: App [myNextApp:9] starting in -cluster mode-
2023-06-17T12:01:21: PM2 log: App [myNextApp:6] starting in -cluster mode-
Error: EACCES: permission denied, open '/var/log/myNextApp/myNextApp-14.log'
2023-06-17T12:01:21: PM2 log: App [myNextApp:0] starting in -cluster mode-
2023-06-17T12:01:21: PM2 log: App [myNextApp:1] starting in -cluster mode-
Error: EACCES: permission denied, open '/var/log/myNextApp/myNextApp-4.log'
Error: EACCES: permission denied, open '/var/log/myNextApp/myNextApp-10.log'
2023-06-17T12:01:21: PM2 log: App name:myNextApp id:1 disconnected
2023-06-17T12:01:21: PM2 log: App name:myNextApp id:14 disconnected
Error: EACCES: permission denied, open '/var/log/myNextApp/myNextApp-11.log'
2023-06-17T12:01:21: PM2 log: App [myNextApp:2] online
2023-06-17T12:01:21: PM2 log: App [myNextApp:5] online
2023-06-17T12:01:21: PM2 log: App [myNextApp:10] exited with code [1] via signal [SIGINT]
2023-06-17T12:01:21: PM2 log: App [myNextApp:11] exited with code [1] via signal [SIGINT]
2023-06-17T12:01:21: PM2 log: App [myNextApp:14] exited with code [1] via signal [SIGINT]
2023-06-17T12:01:21: PM2 log: App [myNextApp:4] exited with code [1] via signal [SIGINT]
2023-06-17T12:01:21: PM2 log: App [myNextApp:3] starting in -cluster mode-
2023-06-17T12:01:21: PM2 log: App [myNextApp:10] starting in -cluster mode-
Error: EACCES: permission denied, open '/var/log/myNextApp/myNextApp-7.log'
2023-06-17T12:01:21: PM2 log: App [myNextApp:11] starting in -cluster mode-
2023-06-17T12:01:21: PM2 log: App [myNextApp:14] starting in -cluster mode-
2023-06-17T12:01:21: PM2 log: App name:myNextApp id:10 disconnected
2023-06-17T12:01:21: PM2 log: App name:myNextApp id:11 disconnected
2023-06-17T12:01:21: PM2 log: App name:myNextApp id:4 disconnected
2023-06-17T12:01:21: PM2 log: App name:myNextApp id:7 disconnected
2023-06-17T12:01:21: PM2 log: App [myNextApp:13] online
2023-06-17T12:01:21: PM2 log: App [myNextApp:16] online
2023-06-17T12:01:21: PM2 log: [Watch] Start watching myNextApp
2023-06-17T12:01:21: PM2 log: App [myNextApp:17] starting in -cluster mode-
Error: EACCES: permission denied, open '/var/log/myNextApp/myNextApp-12.log'
2023-06-17T12:01:21: PM2 log: App [myNextApp:0] online
2023-06-17T12:01:21: PM2 log: App [myNextApp:9] online
2023-06-17T12:01:21: PM2 log: App [myNextApp:6] online
2023-06-17T12:01:21: PM2 log: App [myNextApp:1] online
2023-06-17T12:01:21: PM2 log: App [myNextApp:7] exited with code [1] via signal [SIGINT]
2023-06-17T12:01:21: PM2 log: App [myNextApp:12] exited with code [1] via signal [SIGINT]
2023-06-17T12:01:21: PM2 log: App [myNextApp:4] starting in -cluster mode-
2023-06-17T12:01:21: PM2 log: App [myNextApp:7] starting in -cluster mode-
Error: EACCES: permission denied, open '/var/log/myNextApp/myNextApp-8.log'
Error: EACCES: permission denied, open '/var/log/myNextApp/myNextApp-15.log'
2023-06-17T12:01:21: PM2 log: App [myNextApp:12] starting in -cluster mode-
Error: EACCES: permission denied, open '/var/log/myNextApp/myNextApp-2.log'
Error: EACCES: permission denied, open '/var/log/myNextApp/myNextApp-5.log'
Error: EACCES: permission denied, open '/var/log/myNextApp/myNextApp-13.log'
Error: EACCES: permission denied, open '/var/log/myNextApp/myNextApp-1.log'
Error: EACCES: permission denied, open '/var/log/myNextApp/myNextApp-0.log'
Error: EACCES: permission denied, open '/var/log/myNextApp/myNextApp-16.log'
Error: EACCES: permission denied, open '/var/log/myNextApp/myNextApp-9.log'
Error: EACCES: permission denied, open '/var/log/myNextApp/myNextApp-6.log'
Error: EACCES: permission denied, open '/var/log/myNextApp/myNextApp-3.log'
Error: EACCES: permission denied, open '/var/log/myNextApp/myNextApp-11.log'
Error: EACCES: permission denied, open '/var/log/myNextApp/myNextApp-14.log'
Error: EACCES: permission denied, open '/var/log/myNextApp/myNextApp-10.log'
Error: EACCES: permission denied, open '/var/log/myNextApp/myNextApp-4.log'
Error: EACCES: permission denied, open '/var/log/myNextApp/myNextApp-12.log'
Error: EACCES: permission denied, open '/var/log/myNextApp/myNextApp-7.log'
Error: EACCES: permission denied, open '/var/log/myNextApp/myNextApp-17.log'
2023-06-17T12:01:21: PM2 log: App name:myNextApp id:12 disconnected
2023-06-17T12:01:21: PM2 log: App name:myNextApp id:8 disconnected
2023-06-17T12:01:21: PM2 log: App name:myNextApp id:15 disconnected
2023-06-17T12:01:21: PM2 log: App [myNextApp:3] online
2023-06-17T12:01:21: PM2 log: App [myNextApp:14] online
2023-06-17T12:01:21: PM2 log: App [myNextApp:10] online
2023-06-17T12:01:21: PM2 log: App name:myNextApp id:2 disconnected
2023-06-17T12:01:21: PM2 log: App [myNextApp:11] online
2023-06-17T12:01:21: PM2 log: App [myNextApp:15] exited with code [1] via signal [SIGINT]
2023-06-17T12:01:21: PM2 log: App [myNextApp:8] exited with code [1] via signal [SIGINT]
2023-06-17T12:01:21: PM2 log: App [myNextApp:2] exited with code [1] via signal [SIGINT]
2023-06-17T12:01:21: PM2 log: App [myNextApp:5] exited with code [1] via signal [SIGINT]
2023-06-17T12:01:21: PM2 log: App [myNextApp:16] exited with code [1] via signal [SIGINT]
2023-06-17T12:01:21: PM2 log: App [myNextApp:13] exited with code [1] via signal [SIGINT]
2023-06-17T12:01:21: PM2 log: App [myNextApp:9] exited with code [1] via signal [SIGINT]
2023-06-17T12:01:21: PM2 log: App [myNextApp:6] exited with code [1] via signal [SIGINT]
2023-06-17T12:01:21: PM2 log: App [myNextApp:0] exited with code [1] via signal [SIGINT]
2023-06-17T12:01:21: PM2 log: App [myNextApp:1] exited with code [1] via signal [SIGINT]
2023-06-17T12:01:21: PM2 log: App [myNextApp:3] exited with code [1] via signal [SIGINT]
2023-06-17T12:01:21: PM2 log: App [myNextApp:10] exited with code [1] via signal [SIGINT]
2023-06-17T12:01:21: PM2 log: App [myNextApp:11] exited with code [1] via signal [SIGINT]
2023-06-17T12:01:21: PM2 log: App [myNextApp:14] exited with code [1] via signal [SIGINT]
2023-06-17T12:01:21: PM2 log: App [myNextApp:17] exited with code [1] via signal [SIGINT]
2023-06-17T12:01:21: PM2 log: App [myNextApp:4] exited with code [1] via signal [SIGINT]
2023-06-17T12:01:21: PM2 log: App [myNextApp:7] exited with code [1] via signal [SIGINT]
2023-06-17T12:01:21: PM2 log: App [myNextApp:12] exited with code [1] via signal [SIGINT]
2023-06-17T12:01:21: PM2 log: App [myNextApp:15] starting in -cluster mode-
2023-06-17T12:01:21: PM2 log: App [myNextApp:8] starting in -cluster mode-
2023-06-17T12:01:21: PM2 log: App [myNextApp:2] starting in -cluster mode-
2023-06-17T12:01:21: PM2 log: App [myNextApp:5] starting in -cluster mode-
2023-06-17T12:01:21: PM2 log: App [myNextApp:16] starting in -cluster mode-
2023-06-17T12:01:21: PM2 log: App [myNextApp:13] starting in -cluster mode-
2023-06-17T12:01:21: PM2 log: App [myNextApp:9] starting in -cluster mode-
2023-06-17T12:01:21: PM2 log: App [myNextApp:6] starting in -cluster mode-
2023-06-17T12:01:21: PM2 log: App [myNextApp:0] starting in -cluster mode-
2023-06-17T12:01:21: PM2 log: App [myNextApp:1] starting in -cluster mode-
2023-06-17T12:01:21: PM2 log: App [myNextApp:3] starting in -cluster mode-
2023-06-17T12:01:21: PM2 log: App [myNextApp:10] starting in -cluster mode-
2023-06-17T12:01:22: PM2 log: App [myNextApp:11] starting in -cluster mode-
2023-06-17T12:01:22: PM2 log: App [myNextApp:14] starting in -cluster mode-
2023-06-17T12:01:22: PM2 log: App [myNextApp:17] starting in -cluster mode-
2023-06-17T12:01:22: PM2 log: App [myNextApp:4] starting in -cluster mode-
2023-06-17T12:01:22: PM2 log: App [myNextApp:7] starting in -cluster mode-
2023-06-17T12:01:22: PM2 log: App [myNextApp:12] starting in -cluster mode-
2023-06-17T12:01:22: PM2 log: App name:myNextApp id:3 disconnected
2023-06-17T12:01:22: PM2 log: App name:myNextApp id:14 disconnected
2023-06-17T12:01:22: PM2 log: App name:myNextApp id:10 disconnected
2023-06-17T12:01:22: PM2 log: App name:myNextApp id:11 disconnected
2023-06-17T12:01:22: PM2 log: App name:myNextApp id:5 disconnected
2023-06-17T12:01:22: PM2 log: App [myNextApp:17] online
2023-06-17T12:01:22: PM2 log: [Watch] Start watching myNextApp
2023-06-17T12:01:22: PM2 log: App [myNextApp:18] starting in -cluster mode-
Error: EACCES: permission denied, open '/var/log/myNextApp/myNextApp-15.log'
2023-06-17T12:01:22: PM2 log: App name:myNextApp id:17 disconnected
2023-06-17T12:01:22: PM2 log: App name:myNextApp id:13 disconnected
2023-06-17T12:01:22: PM2 log: App name:myNextApp id:1 disconnected
2023-06-17T12:01:22: PM2 log: App name:myNextApp id:0 disconnected
2023-06-17T12:01:22: PM2 log: App [myNextApp:4] online
2023-06-17T12:01:22: PM2 log: App name:myNextApp id:4 disconnected
2023-06-17T12:01:22: PM2 log: App [myNextApp:7] online
2023-06-17T12:01:22: PM2 log: App name:myNextApp id:7 disconnected
2023-06-17T12:01:22: PM2 log: App name:myNextApp id:16 disconnected
2023-06-17T12:01:22: PM2 log: App name:myNextApp id:6 disconnected
Error: EACCES: permission denied, open '/var/log/myNextApp/myNextApp-8.log'
2023-06-17T12:01:22: PM2 log: App [myNextApp:12] online
Error: EACCES: permission denied, open '/var/log/myNextApp/myNextApp-3.log'
2023-06-17T12:01:22: PM2 log: App name:myNextApp id:12 disconnected
2023-06-17T12:01:22: PM2 log: App name:myNextApp id:9 disconnected
2023-06-17T12:01:22: PM2 log: App [myNextApp:15] online
Error: EACCES: permission denied, open '/var/log/myNextApp/myNextApp-1.log'
2023-06-17T12:01:22: PM2 log: App [myNextApp:8] online
2023-06-17T12:01:22: PM2 log: App [myNextApp:2] online
Error: EACCES: permission denied, open '/var/log/myNextApp/myNextApp-2.log'
2023-06-17T12:01:22: PM2 log: App [myNextApp:5] online
Error: EACCES: permission denied, open '/var/log/myNextApp/myNextApp-13.log'
2023-06-17T12:01:22: PM2 log: App [myNextApp:16] online
2023-06-17T12:01:22: PM2 log: App [myNextApp:13] online
2023-06-17T12:01:22: PM2 log: App [myNextApp:9] online
2023-06-17T12:01:22: PM2 log: App [myNextApp:6] online
2023-06-17T12:01:22: PM2 log: App [myNextApp:0] online
2023-06-17T12:01:22: PM2 log: App [myNextApp:1] online
Error: EACCES: permission denied, open '/var/log/myNextApp/myNextApp-0.log'
Error: EACCES: permission denied, open '/var/log/myNextApp/myNextApp-6.log'
2023-06-17T12:01:22: PM2 log: App [myNextApp:3] online
2023-06-17T12:01:22: PM2 log: App [myNextApp:10] online
Error: EACCES: permission denied, open '/var/log/myNextApp/myNextApp-16.log'
2023-06-17T12:01:22: PM2 log: App [myNextApp:11] online
Error: EACCES: permission denied, open '/var/log/myNextApp/myNextApp-5.log'
Error: EACCES: permission denied, open '/var/log/myNextApp/myNextApp-10.log'
Error: EACCES: permission denied, open '/var/log/myNextApp/myNextApp-9.log'
2023-06-17T12:01:22: PM2 log: App name:myNextApp id:15 disconnected
2023-06-17T12:01:22: PM2 log: App name:myNextApp id:8 disconnected
2023-06-17T12:01:22: PM2 log: App name:myNextApp id:2 disconnected
2023-06-17T12:01:22: PM2 log: App name:myNextApp id:13 disconnected
2023-06-17T12:01:22: PM2 log: App name:myNextApp id:6 disconnected
2023-06-17T12:01:22: PM2 log: App name:myNextApp id:0 disconnected
2023-06-17T12:01:22: PM2 log: App name:myNextApp id:1 disconnected
2023-06-17T12:01:22: PM2 log: App name:myNextApp id:3 disconnected
2023-06-17T12:01:22: PM2 log: App [myNextApp:4] online
2023-06-17T12:01:22: PM2 log: App [myNextApp:17] online
2023-06-17T12:01:22: PM2 log: App [myNextApp:14] online
2023-06-17T12:01:22: PM2 log: App [myNextApp:7] online
2023-06-17T12:01:22: PM2 log: App [myNextApp:12] online
2023-06-17T12:01:22: PM2 log: App [myNextApp:18] online
2023-06-17T12:01:22: PM2 log: [Watch] Start watching myNextApp
2023-06-17T12:01:22: PM2 log: App [myNextApp:19] starting in -cluster mode-
Error: EACCES: permission denied, open '/var/log/myNextApp/myNextApp-17.log'
Error: EACCES: permission denied, open '/var/log/myNextApp/myNextApp-4.log'
Error: EACCES: permission denied, open '/var/log/myNextApp/myNextApp-11.log'
2023-06-17T12:01:22: PM2 log: App [myNextApp:15] exited with code [1] via signal [SIGINT]
2023-06-17T12:01:22: PM2 log: App [myNextApp:8] exited with code [1] via signal [SIGINT]
Error: EACCES: permission denied, open '/var/log/myNextApp/myNextApp-14.log'
2023-06-17T12:01:22: PM2 log: App [myNextApp:2] exited with code [1] via signal [SIGINT]
2023-06-17T12:01:22: PM2 log: App [myNextApp:5] exited with code [1] via signal [SIGINT]
2023-06-17T12:01:22: PM2 log: App [myNextApp:16] exited with code [1] via signal [SIGINT]
2023-06-17T12:01:22: PM2 log: App [myNextApp:13] exited with code [1] via signal [SIGINT]
2023-06-17T12:01:22: PM2 log: App [myNextApp:9] exited with code [1] via signal [SIGINT]
2023-06-17T12:01:22: PM2 log: App [myNextApp:6] exited with code [1] via signal [SIGINT]
2023-06-17T12:01:22: PM2 log: App [myNextApp:0] exited with code [1] via signal [SIGINT]
2023-06-17T12:01:22: PM2 log: App [myNextApp:1] exited with code [1] via signal [SIGINT]
2023-06-17T12:01:22: PM2 log: App [myNextApp:3] exited with code [1] via signal [SIGINT]
2023-06-17T12:01:22: PM2 log: App [myNextApp:10] exited with code [1] via signal [SIGINT]
2023-06-17T12:01:22: PM2 log: App [myNextApp:17] exited with code [1] via signal [SIGINT]
2023-06-17T12:01:22: PM2 log: App [myNextApp:11] exited with code [1] via signal [SIGINT]
2023-06-17T12:01:22: PM2 log: App [myNextApp:14] exited with code [1] via signal [SIGINT]
2023-06-17T12:01:22: PM2 log: App [myNextApp:4] exited with code [1] via signal [SIGINT]
2023-06-17T12:01:22: PM2 log: App [myNextApp:15] starting in -cluster mode-
2023-06-17T12:01:22: PM2 log: App [myNextApp:8] starting in -cluster mode-
2023-06-17T12:01:22: PM2 log: App [myNextApp:2] starting in -cluster mode-
Error: EACCES: permission denied, open '/var/log/myNextApp/myNextApp-18.log'
Error: EACCES: permission denied, open '/var/log/myNextApp/myNextApp-7.log'
2023-06-17T12:01:22: PM2 log: App [myNextApp:5] starting in -cluster mode-
Error: EACCES: permission denied, open '/var/log/myNextApp/myNextApp-12.log'
2023-06-17T12:01:22: PM2 log: App [myNextApp:16] starting in -cluster mode-
2023-06-17T12:01:22: PM2 log: App [myNextApp:13] starting in -cluster mode-
2023-06-17T12:01:22: PM2 log: App [myNextApp:9] starting in -cluster mode-
2023-06-17T12:01:22: PM2 log: App [myNextApp:6] starting in -cluster mode-
2023-06-17T12:01:22: PM2 log: App [myNextApp:0] starting in -cluster mode-
2023-06-17T12:01:22: PM2 log: App [myNextApp:1] starting in -cluster mode-
2023-06-17T12:01:22: PM2 log: App [myNextApp:3] starting in -cluster mode-
2023-06-17T12:01:22: PM2 log: App [myNextApp:10] starting in -cluster mode-
2023-06-17T12:01:22: PM2 log: App [myNextApp:17] starting in -cluster mode-
2023-06-17T12:01:22: PM2 log: App [myNextApp:11] starting in -cluster mode-
2023-06-17T12:01:22: PM2 log: App [myNextApp:14] starting in -cluster mode-
2023-06-17T12:01:22: PM2 log: App [myNextApp:4] starting in -cluster mode-
2023-06-17T12:01:22: PM2 log: App name:myNextApp id:5 disconnected
2023-06-17T12:01:22: PM2 log: App name:myNextApp id:16 disconnected
2023-06-17T12:01:22: PM2 log: App name:myNextApp id:9 disconnected
2023-06-17T12:01:22: PM2 log: App name:myNextApp id:10 disconnected
2023-06-17T12:01:22: PM2 log: App name:myNextApp id:4 disconnected
2023-06-17T12:01:22: PM2 log: App name:myNextApp id:17 disconnected
2023-06-17T12:01:22: PM2 log: App name:myNextApp id:14 disconnected
2023-06-17T12:01:22: PM2 log: App name:myNextApp id:7 disconnected
2023-06-17T12:01:22: PM2 log: App name:myNextApp id:12 disconnected
2023-06-17T12:01:22: PM2 log: App name:myNextApp id:18 disconnected
2023-06-17T12:01:22: PM2 log: App name:myNextApp id:11 disconnected
2023-06-17T12:01:22: PM2 log: App [myNextApp:19] online
2023-06-17T12:01:22: PM2 log: [Watch] Start watching myNextApp
2023-06-17T12:01:22: PM2 log: App [myNextApp:20] starting in -cluster mode-
Error: EACCES: permission denied, open '/var/log/myNextApp/myNextApp-19.log'
2023-06-17T12:01:22: PM2 log: App [myNextApp:15] online
2023-06-17T12:01:22: PM2 log: App [myNextApp:8] online
2023-06-17T12:01:22: PM2 log: App [myNextApp:2] online
2023-06-17T12:01:22: PM2 log: App [myNextApp:5] online
2023-06-17T12:01:22: PM2 log: App [myNextApp:16] online
2023-06-17T12:01:22: PM2 log: App [myNextApp:13] online
2023-06-17T12:01:22: PM2 log: App [myNextApp:9] online
2023-06-17T12:01:22: PM2 log: App [myNextApp:7] exited with code [1] via signal [SIGINT]
2023-06-17T12:01:22: PM2 log: App [myNextApp:12] exited with code [1] via signal [SIGINT]
2023-06-17T12:01:22: PM2 log: App [myNextApp:18] exited with code [1] via signal [SIGINT]
2023-06-17T12:01:22: PM2 log: App [myNextApp:19] exited with code [1] via signal [SIGINT]
2023-06-17T12:01:22: PM2 log: App [myNextApp:7] starting in -cluster mode-
2023-06-17T12:01:22: PM2 log: App [myNextApp:12] starting in -cluster mode-
2023-06-17T12:01:22: PM2 log: App [myNextApp:18] starting in -cluster mode-
2023-06-17T12:01:22: PM2 log: App [myNextApp:19] starting in -cluster mode-
Error: EACCES: permission denied, open '/var/log/myNextApp/myNextApp-15.log'
Error: EACCES: permission denied, open '/var/log/myNextApp/myNextApp-2.log'
Error: EACCES: permission denied, open '/var/log/myNextApp/myNextApp-13.log'
Error: EACCES: permission denied, open '/var/log/myNextApp/myNextApp-8.log'
2023-06-17T12:01:22: PM2 log: App name:myNextApp id:19 disconnected
Error: EACCES: permission denied, open '/var/log/myNextApp/myNextApp-5.log'
2023-06-17T12:01:22: PM2 log: App [myNextApp:0] online
2023-06-17T12:01:22: PM2 log: App [myNextApp:3] online
2023-06-17T12:01:22: PM2 log: App [myNextApp:6] online
2023-06-17T12:01:22: PM2 log: App [myNextApp:1] online
Error: EACCES: permission denied, open '/var/log/myNextApp/myNextApp-9.log'
2023-06-17T12:01:22: PM2 log: App [myNextApp:10] online
2023-06-17T12:01:22: PM2 log: App [myNextApp:17] online
2023-06-17T12:01:22: PM2 log: App [myNextApp:14] online
2023-06-17T12:01:22: PM2 log: App [myNextApp:4] online
2023-06-17T12:01:22: PM2 log: App [myNextApp:11] online
2023-06-17T12:01:22: PM2 log: App name:myNextApp id:15 disconnected
Error: EACCES: permission denied, open '/var/log/myNextApp/myNextApp-16.log'
2023-06-17T12:01:22: PM2 log: App name:myNextApp id:8 disconnected
2023-06-17T12:01:22: PM2 log: App name:myNextApp id:2 disconnected
2023-06-17T12:01:22: PM2 log: App name:myNextApp id:5 disconnected
2023-06-17T12:01:22: PM2 log: App name:myNextApp id:13 disconnected
2023-06-17T12:01:22: PM2 log: App name:myNextApp id:9 disconnected
2023-06-17T12:01:22: PM2 log: App [myNextApp:20] online
2023-06-17T12:01:22: PM2 log: [Watch] Start watching myNextApp
2023-06-17T12:01:22: PM2 log: App [myNextApp:21] starting in -cluster mode-
Error: EACCES: permission denied, open '/var/log/myNextApp/myNextApp-0.log'
Error: EACCES: permission denied, open '/var/log/myNextApp/myNextApp-6.log'
Error: EACCES: permission denied, open '/var/log/myNextApp/myNextApp-17.log'
2023-06-17T12:01:23: PM2 log: App [myNextApp:12] online
2023-06-17T12:01:23: PM2 log: App [myNextApp:7] online
Error: EACCES: permission denied, open '/var/log/myNextApp/myNextApp-1.log'
2023-06-17T12:01:23: PM2 log: App [myNextApp:19] online
2023-06-17T12:01:23: PM2 log: App [myNextApp:15] exited with code [1] via signal [SIGINT]
2023-06-17T12:01:23: PM2 log: App [myNextApp:8] exited with code [1] via signal [SIGINT]
2023-06-17T12:01:23: PM2 log: App [myNextApp:2] exited with code [1] via signal [SIGINT]
2023-06-17T12:01:23: PM2 log: App [myNextApp:5] exited with code [1] via signal [SIGINT]
2023-06-17T12:01:23: PM2 log: App [myNextApp:16] exited with code [1] via signal [SIGINT]
2023-06-17T12:01:23: PM2 log: App [myNextApp:13] exited with code [1] via signal [SIGINT]
2023-06-17T12:01:23: PM2 log: App [myNextApp:9] exited with code [1] via signal [SIGINT]
2023-06-17T12:01:23: PM2 log: App [myNextApp:6] exited with code [1] via signal [SIGINT]
2023-06-17T12:01:23: PM2 log: App [myNextApp:0] exited with code [1] via signal [SIGINT]
2023-06-17T12:01:23: PM2 log: App [myNextApp:17] exited with code [1] via signal [SIGINT]
2023-06-17T12:01:23: PM2 log: App [myNextApp:1] exited with code [1] via signal [SIGINT]
Error: EACCES: permission denied, open '/var/log/myNextApp/myNextApp-3.log'
2023-06-17T12:01:23: PM2 log: App [myNextApp:15] starting in -cluster mode-
2023-06-17T12:01:23: PM2 log: App [myNextApp:8] starting in -cluster mode-
2023-06-17T12:01:23: PM2 log: App [myNextApp:2] starting in -cluster mode-
Error: EACCES: permission denied, open '/var/log/myNextApp/myNextApp-10.log'
Error: EACCES: permission denied, open '/var/log/myNextApp/myNextApp-4.log'
2023-06-17T12:01:23: PM2 log: App [myNextApp:5] starting in -cluster mode-
2023-06-17T12:01:23: PM2 log: App [myNextApp:16] starting in -cluster mode-
Error: EACCES: permission denied, open '/var/log/myNextApp/myNextApp-14.log'
2023-06-17T12:01:23: PM2 log: App [myNextApp:13] starting in -cluster mode-
2023-06-17T12:01:23: PM2 log: App [myNextApp:9] starting in -cluster mode-
Error: EACCES: permission denied, open '/var/log/myNextApp/myNextApp-11.log'
2023-06-17T12:01:23: PM2 log: App [myNextApp:6] starting in -cluster mode-
Error: EACCES: permission denied, open '/var/log/myNextApp/myNextApp-19.log'
Error: EACCES: permission denied, open '/var/log/myNextApp/myNextApp-20.log'
2023-06-17T12:01:23: PM2 log: App [myNextApp:0] starting in -cluster mode-
2023-06-17T12:01:23: PM2 log: App [myNextApp:17] starting in -cluster mode-
Error: EACCES: permission denied, open '/var/log/myNextApp/myNextApp-12.log'
Error: EACCES: permission denied, open '/var/log/myNextApp/myNextApp-7.log'
Error: EACCES: permission denied, open '/var/log/myNextApp/myNextApp-18.log'
2023-06-17T12:01:23: PM2 log: App name:myNextApp id:0 disconnected
2023-06-17T12:01:23: PM2 log: App name:myNextApp id:6 disconnected
2023-06-17T12:01:23: PM2 log: App name:myNextApp id:1 disconnected
2023-06-17T12:01:23: PM2 log: App name:myNextApp id:20 disconnected
2023-06-17T12:01:23: PM2 log: App name:myNextApp id:16 disconnected
2023-06-17T12:01:23: PM2 log: App name:myNextApp id:12 disconnected
2023-06-17T12:01:23: PM2 log: App name:myNextApp id:19 disconnected
2023-06-17T12:01:23: PM2 log: App name:myNextApp id:17 disconnected
2023-06-17T12:01:23: PM2 log: App [myNextApp:18] online
2023-06-17T12:01:23: PM2 log: App name:myNextApp id:3 disconnected
2023-06-17T12:01:23: PM2 log: App name:myNextApp id:10 disconnected
2023-06-17T12:01:23: PM2 log: App name:myNextApp id:14 disconnected
2023-06-17T12:01:23: PM2 log: App name:myNextApp id:4 disconnected
2023-06-17T12:01:23: PM2 log: App name:myNextApp id:11 disconnected
2023-06-17T12:01:23: PM2 log: App [myNextApp:21] online
2023-06-17T12:01:23: PM2 log: [Watch] Start watching myNextApp
2023-06-17T12:01:23: PM2 log: App [myNextApp:22] starting in -cluster mode-
2023-06-17T12:01:23: PM2 log: App [myNextApp:15] online
2023-06-17T12:01:23: PM2 log: App [myNextApp:8] online
2023-06-17T12:01:23: PM2 log: App [myNextApp:2] online
2023-06-17T12:01:23: PM2 log: App [myNextApp:5] online
2023-06-17T12:01:23: PM2 log: App [myNextApp:16] online
2023-06-17T12:01:23: PM2 log: App [myNextApp:13] online
2023-06-17T12:01:23: PM2 log: App [myNextApp:3] exited with code [1] via signal [SIGINT]
2023-06-17T12:01:23: PM2 log: App [myNextApp:10] exited with code [1] via signal [SIGINT]
2023-06-17T12:01:23: PM2 log: App [myNextApp:11] exited with code [1] via signal [SIGINT]
2023-06-17T12:01:23: PM2 log: App [myNextApp:14] exited with code [1] via signal [SIGINT]
2023-06-17T12:01:23: PM2 log: App [myNextApp:4] exited with code [1] via signal [SIGINT]
2023-06-17T12:01:23: PM2 log: App [myNextApp:20] exited with code [1] via signal [SIGINT]
2023-06-17T12:01:23: PM2 log: App [myNextApp:7] exited with code [1] via signal [SIGINT]
2023-06-17T12:01:23: PM2 log: App [myNextApp:12] exited with code [1] via signal [SIGINT]
2023-06-17T12:01:23: PM2 log: App [myNextApp:18] exited with code [1] via signal [SIGINT]
2023-06-17T12:01:23: PM2 log: App [myNextApp:19] exited with code [1] via signal [SIGINT]
2023-06-17T12:01:23: PM2 log: App [myNextApp:1] starting in -cluster mode-
Error: EACCES: permission denied, open '/var/log/myNextApp/myNextApp-21.log'
2023-06-17T12:01:23: PM2 log: App [myNextApp:3] starting in -cluster mode-
Error: EACCES: permission denied, open '/var/log/myNextApp/myNextApp-8.log'
2023-06-17T12:01:23: PM2 log: App [myNextApp:10] starting in -cluster mode-
2023-06-17T12:01:23: PM2 log: App [myNextApp:11] starting in -cluster mode-
2023-06-17T12:01:23: PM2 log: App [myNextApp:14] starting in -cluster mode-
2023-06-17T12:01:23: PM2 log: App [myNextApp:4] starting in -cluster mode-
Error: EACCES: permission denied, open '/var/log/myNextApp/myNextApp-2.log'
Error: EACCES: permission denied, open '/var/log/myNextApp/myNextApp-15.log'
2023-06-17T12:01:23: PM2 log: App [myNextApp:20] starting in -cluster mode-
2023-06-17T12:01:23: PM2 log: App [myNextApp:7] starting in -cluster mode-
Error: EACCES: permission denied, open '/var/log/myNextApp/myNextApp-5.log'
Error: EACCES: permission denied, open '/var/log/myNextApp/myNextApp-16.log'
Error: EACCES: permission denied, open '/var/log/myNextApp/myNextApp-6.log'
Error: EACCES: permission denied, open '/var/log/myNextApp/myNextApp-13.log'
2023-06-17T12:01:23: PM2 log: App [myNextApp:12] starting in -cluster mode-
2023-06-17T12:01:23: PM2 log: App [myNextApp:18] starting in -cluster mode-
Error: EACCES: permission denied, open '/var/log/myNextApp/myNextApp-9.log'
2023-06-17T12:01:23: PM2 log: App [myNextApp:19] starting in -cluster mode-
2023-06-17T12:01:23: PM2 log: App name:myNextApp id:7 disconnected
2023-06-17T12:01:23: PM2 log: App name:myNextApp id:18 disconnected
2023-06-17T12:01:23: PM2 log: App name:myNextApp id:21 disconnected
2023-06-17T12:01:23: PM2 log: App name:myNextApp id:15 disconnected
2023-06-17T12:01:23: PM2 log: App name:myNextApp id:8 disconnected
2023-06-17T12:01:23: PM2 log: App name:myNextApp id:2 disconnected
2023-06-17T12:01:23: PM2 log: App name:myNextApp id:5 disconnected
2023-06-17T12:01:23: PM2 log: App name:myNextApp id:16 disconnected
2023-06-17T12:01:23: PM2 log: App name:myNextApp id:13 disconnected
2023-06-17T12:01:23: PM2 log: App [myNextApp:9] online
2023-06-17T12:01:23: PM2 log: App name:myNextApp id:9 disconnected
2023-06-17T12:01:23: PM2 log: App [myNextApp:6] online
2023-06-17T12:01:23: PM2 log: App name:myNextApp id:6 disconnected
2023-06-17T12:01:23: PM2 log: App [myNextApp:0] online
2023-06-17T12:01:23: PM2 log: App [myNextApp:17] online
2023-06-17T12:01:23: PM2 log: App [myNextApp:22] online
2023-06-17T12:01:23: PM2 log: [Watch] Start watching myNextApp
2023-06-17T12:01:23: PM2 log: App [myNextApp:23] starting in -cluster mode-
2023-06-17T12:01:23: PM2 log: App [myNextApp:1] online
2023-06-17T12:01:23: PM2 log: App [myNextApp:3] online
2023-06-17T12:01:23: PM2 log: App [myNextApp:10] online
Error: EACCES: permission denied, open '/var/log/myNextApp/myNextApp-0.log'
2023-06-17T12:01:23: PM2 log: App [myNextApp:11] online
2023-06-17T12:01:23: PM2 log: App [myNextApp:14] online
2023-06-17T12:01:23: PM2 log: App [myNextApp:21] exited with code [1] via signal [SIGINT]
2023-06-17T12:01:23: PM2 log: App [myNextApp:15] exited with code [1] via signal [SIGINT]
2023-06-17T12:01:23: PM2 log: App [myNextApp:8] exited with code [1] via signal [SIGINT]
2023-06-17T12:01:23: PM2 log: App [myNextApp:2] exited with code [1] via signal [SIGINT]
2023-06-17T12:01:23: PM2 log: App [myNextApp:5] exited with code [1] via signal [SIGINT]
2023-06-17T12:01:23: PM2 log: App [myNextApp:16] exited with code [1] via signal [SIGINT]
2023-06-17T12:01:23: PM2 log: App [myNextApp:13] exited with code [1] via signal [SIGINT]
2023-06-17T12:01:23: PM2 log: App [myNextApp:9] exited with code [1] via signal [SIGINT]
2023-06-17T12:01:23: PM2 log: App [myNextApp:6] exited with code [1] via signal [SIGINT]
2023-06-17T12:01:23: PM2 log: App [myNextApp:0] exited with code [1] via signal [SIGINT]
2023-06-17T12:01:23: PM2 log: App [myNextApp:21] starting in -cluster mode-
Error: EACCES: permission denied, open '/var/log/myNextApp/myNextApp-22.log'
2023-06-17T12:01:23: PM2 log: App [myNextApp:15] starting in -cluster mode-
Error: EACCES: permission denied, open '/var/log/myNextApp/myNextApp-17.log'
2023-06-17T12:01:23: PM2 log: App [myNextApp:8] starting in -cluster mode-
2023-06-17T12:01:23: PM2 log: App [myNextApp:2] starting in -cluster mode-
Error: EACCES: permission denied, open '/var/log/myNextApp/myNextApp-3.log'
2023-06-17T12:01:23: PM2 log: App [myNextApp:5] starting in -cluster mode-
2023-06-17T12:01:23: PM2 log: App [myNextApp:16] starting in -cluster mode-
Error: EACCES: permission denied, open '/var/log/myNextApp/myNextApp-10.log'
2023-06-17T12:01:23: PM2 log: App [myNextApp:13] starting in -cluster mode-
2023-06-17T12:01:23: PM2 log: App [myNextApp:9] starting in -cluster mode-
2023-06-17T12:01:23: PM2 log: App [myNextApp:6] starting in -cluster mode-
Error: EACCES: permission denied, open '/var/log/myNextApp/myNextApp-11.log'
Error: EACCES: permission denied, open '/var/log/myNextApp/myNextApp-1.log'
Error: EACCES: permission denied, open '/var/log/myNextApp/myNextApp-7.log'
2023-06-17T12:01:23: PM2 log: App name:myNextApp id:0 disconnected
2023-06-17T12:01:23: PM2 log: App name:myNextApp id:17 disconnected
2023-06-17T12:01:23: PM2 log: App name:myNextApp id:22 disconnected
2023-06-17T12:01:23: PM2 log: App name:myNextApp id:1 disconnected
2023-06-17T12:01:23: PM2 log: App name:myNextApp id:3 disconnected
2023-06-17T12:01:23: PM2 log: App name:myNextApp id:10 disconnected
2023-06-17T12:01:23: PM2 log: App [myNextApp:20] online
2023-06-17T12:01:23: PM2 log: App [myNextApp:4] online
Error: EACCES: permission denied, open '/var/log/myNextApp/myNextApp-14.log'
2023-06-17T12:01:23: PM2 log: App [myNextApp:7] online
2023-06-17T12:01:23: PM2 log: App [myNextApp:19] online
2023-06-17T12:01:23: PM2 log: App [myNextApp:18] online
2023-06-17T12:01:23: PM2 log: App [myNextApp:12] online
2023-06-17T12:01:23: PM2 log: App [myNextApp:23] online
Error: EACCES: permission denied, open '/var/log/myNextApp/myNextApp-12.log'
2023-06-17T12:01:23: PM2 log: App [myNextApp:21] online
2023-06-17T12:01:23: PM2 log: App [myNextApp:15] online
2023-06-17T12:01:23: PM2 log: App [myNextApp:8] online
2023-06-17T12:01:23: PM2 log: App [myNextApp:17] exited with code [1] via signal [SIGINT]
2023-06-17T12:01:23: PM2 log: App [myNextApp:22] exited with code [1] via signal [SIGINT]
2023-06-17T12:01:23: PM2 log: App [myNextApp:1] exited with code [1] via signal [SIGINT]
2023-06-17T12:01:23: PM2 log: App [myNextApp:3] exited with code [1] via signal [SIGINT]
2023-06-17T12:01:23: PM2 log: App [myNextApp:10] exited with code [1] via signal [SIGINT]
2023-06-17T12:01:23: PM2 log: App [myNextApp:11] exited with code [1] via signal [SIGINT]
2023-06-17T12:01:23: PM2 log: App [myNextApp:14] exited with code [1] via signal [SIGINT]
2023-06-17T12:01:23: PM2 log: App [myNextApp:7] exited with code [1] via signal [SIGINT]
2023-06-17T12:01:23: PM2 log: App [myNextApp:12] exited with code [1] via signal [SIGINT]
2023-06-17T12:01:23: PM2 log: App [myNextApp:0] starting in -cluster mode-
Error: EACCES: permission denied, open '/var/log/myNextApp/myNextApp-20.log'
Error: EACCES: permission denied, open '/var/log/myNextApp/myNextApp-4.log'
Error: EACCES: permission denied, open '/var/log/myNextApp/myNextApp-19.log'
Error: EACCES: permission denied, open '/var/log/myNextApp/myNextApp-18.log'
2023-06-17T12:01:23: PM2 log: App [myNextApp:17] starting in -cluster mode-
2023-06-17T12:01:23: PM2 log: App [myNextApp:22] starting in -cluster mode-
2023-06-17T12:01:23: PM2 log: App [myNextApp:1] starting in -cluster mode-
Error: EACCES: permission denied, open '/var/log/myNextApp/myNextApp-23.log'
2023-06-17T12:01:23: PM2 log: App [myNextApp:3] starting in -cluster mode-
Error: EACCES: permission denied, open '/var/log/myNextApp/myNextApp-15.log'
2023-06-17T12:01:23: PM2 log: App [myNextApp:10] starting in -cluster mode-
Error: EACCES: permission denied, open '/var/log/myNextApp/myNextApp-16.log'
2023-06-17T12:01:23: PM2 log: App [myNextApp:11] starting in -cluster mode-
Error: EACCES: permission denied, open '/var/log/myNextApp/myNextApp-8.log'
Error: EACCES: permission denied, open '/var/log/myNextApp/myNextApp-21.log'
2023-06-17T12:01:23: PM2 log: App [myNextApp:14] starting in -cluster mode-
Error: EACCES: permission denied, open '/var/log/myNextApp/myNextApp-2.log'
2023-06-17T12:01:24: PM2 log: App [myNextApp:7] starting in -cluster mode-
2023-06-17T12:01:24: PM2 log: App [myNextApp:12] starting in -cluster mode-
Error: EACCES: permission denied, open '/var/log/myNextApp/myNextApp-9.log'
Error: EACCES: permission denied, open '/var/log/myNextApp/myNextApp-5.log'
Error: EACCES: permission denied, open '/var/log/myNextApp/myNextApp-6.log'
Error: EACCES: permission denied, open '/var/log/myNextApp/myNextApp-13.log'
2023-06-17T12:01:24: PM2 log: App name:myNextApp id:11 disconnected
2023-06-17T12:01:24: PM2 log: App name:myNextApp id:14 disconnected
2023-06-17T12:01:24: PM2 log: App name:myNextApp id:20 disconnected
2023-06-17T12:01:24: PM2 log: App name:myNextApp id:4 disconnected
2023-06-17T12:01:24: PM2 log: App name:myNextApp id:7 disconnected
Error: EACCES: permission denied, open '/var/log/myNextApp/myNextApp-22.log'
2023-06-17T12:01:24: PM2 log: App name:myNextApp id:19 disconnected
2023-06-17T12:01:24: PM2 log: App name:myNextApp id:18 disconnected
2023-06-17T12:01:24: PM2 log: App name:myNextApp id:12 disconnected
2023-06-17T12:01:24: PM2 log: App name:myNextApp id:23 disconnected
2023-06-17T12:01:24: PM2 log: App name:myNextApp id:21 disconnected
2023-06-17T12:01:24: PM2 log: App name:myNextApp id:15 disconnected
2023-06-17T12:01:24: PM2 log: App name:myNextApp id:8 disconnected
2023-06-17T12:01:24: PM2 log: App [myNextApp:2] online
2023-06-17T12:01:24: PM2 log: App name:myNextApp id:2 disconnected
2023-06-17T12:01:24: PM2 log: App [myNextApp:16] online
2023-06-17T12:01:24: PM2 log: App name:myNextApp id:16 disconnected
2023-06-17T12:01:24: PM2 log: App [myNextApp:13] online
2023-06-17T12:01:24: PM2 log: App [myNextApp:5] online
2023-06-17T12:01:24: PM2 log: App [myNextApp:9] online
2023-06-17T12:01:24: PM2 log: App name:myNextApp id:9 disconnected
Error: EACCES: permission denied, open '/var/log/myNextApp/myNextApp-0.log'
2023-06-17T12:01:24: PM2 log: App [myNextApp:6] online
2023-06-17T12:01:24: PM2 log: App [myNextApp:0] online
2023-06-17T12:01:24: PM2 log: App [myNextApp:17] online
2023-06-17T12:01:24: PM2 log: App [myNextApp:22] online
2023-06-17T12:01:24: PM2 log: App [myNextApp:1] online
2023-06-17T12:01:24: PM2 log: App [myNextApp:3] online
2023-06-17T12:01:24: PM2 log: App [myNextApp:10] online
2023-06-17T12:01:24: PM2 log: App [myNextApp:11] online
Error: EACCES: permission denied, open '/var/log/myNextApp/myNextApp-17.log'
2023-06-17T12:01:24: PM2 log: App [myNextApp:4] exited with code [1] via signal [SIGINT]
2023-06-17T12:01:24: PM2 log: App [myNextApp:20] exited with code [1] via signal [SIGINT]
2023-06-17T12:01:24: PM2 log: App [myNextApp:18] exited with code [1] via signal [SIGINT]
2023-06-17T12:01:24: PM2 log: App [myNextApp:19] exited with code [1] via signal [SIGINT]
2023-06-17T12:01:24: PM2 log: App [myNextApp:23] exited with code [1] via signal [SIGINT]
2023-06-17T12:01:24: PM2 log: App [myNextApp:21] exited with code [1] via signal [SIGINT]
2023-06-17T12:01:24: PM2 log: App [myNextApp:15] exited with code [1] via signal [SIGINT]
2023-06-17T12:01:24: PM2 log: App [myNextApp:8] exited with code [1] via signal [SIGINT]
2023-06-17T12:01:24: PM2 log: App [myNextApp:2] exited with code [1] via signal [SIGINT]
2023-06-17T12:01:24: PM2 log: App [myNextApp:5] exited with code [1] via signal [SIGINT]
2023-06-17T12:01:24: PM2 log: App [myNextApp:16] exited with code [1] via signal [SIGINT]
2023-06-17T12:01:24: PM2 log: App [myNextApp:13] exited with code [1] via signal [SIGINT]
2023-06-17T12:01:24: PM2 log: App [myNextApp:9] exited with code [1] via signal [SIGINT]
2023-06-17T12:01:24: PM2 log: App [myNextApp:6] exited with code [1] via signal [SIGINT]
2023-06-17T12:01:24: PM2 log: App [myNextApp:0] exited with code [1] via signal [SIGINT]
2023-06-17T12:01:24: PM2 log: App [myNextApp:22] exited with code [1] via signal [SIGINT]
2023-06-17T12:01:24: PM2 log: App [myNextApp:17] exited with code [1] via signal [SIGINT]
2023-06-17T12:01:24: PM2 log: App [myNextApp:4] starting in -cluster mode-
2023-06-17T12:01:24: PM2 log: App [myNextApp:20] starting in -cluster mode-
Error: EACCES: permission denied, open '/var/log/myNextApp/myNextApp-1.log'
2023-06-17T12:01:24: PM2 log: App [myNextApp:18] starting in -cluster mode-
Error: EACCES: permission denied, open '/var/log/myNextApp/myNextApp-10.log'
2023-06-17T12:01:24: PM2 log: App [myNextApp:19] starting in -cluster mode-
Error: EACCES: permission denied, open '/var/log/myNextApp/myNextApp-3.log'
2023-06-17T12:01:24: PM2 log: App [myNextApp:23] starting in -cluster mode-
2023-06-17T12:01:24: PM2 log: App [myNextApp:21] starting in -cluster mode-
2023-06-17T12:01:24: PM2 log: App [myNextApp:15] starting in -cluster mode-
2023-06-17T12:01:24: PM2 log: App [myNextApp:8] starting in -cluster mode-
Error: EACCES: permission denied, open '/var/log/myNextApp/myNextApp-14.log'
Error: EACCES: permission denied, open '/var/log/myNextApp/myNextApp-11.log'
2023-06-17T12:01:24: PM2 log: App [myNextApp:2] starting in -cluster mode-
2023-06-17T12:01:24: PM2 log: App [myNextApp:5] starting in -cluster mode-
Error: EACCES: permission denied, open '/var/log/myNextApp/myNextApp-7.log'
2023-06-17T12:01:24: PM2 log: App [myNextApp:16] starting in -cluster mode-
Error: EACCES: permission denied, open '/var/log/myNextApp/myNextApp-12.log'
2023-06-17T12:01:24: PM2 log: App [myNextApp:13] starting in -cluster mode-
2023-06-17T12:01:24: PM2 log: App [myNextApp:9] starting in -cluster mode-
2023-06-17T12:01:24: PM2 log: App [myNextApp:6] starting in -cluster mode-
2023-06-17T12:01:24: PM2 log: App [myNextApp:0] starting in -cluster mode-
2023-06-17T12:01:24: PM2 log: App [myNextApp:22] starting in -cluster mode-
2023-06-17T12:01:24: PM2 log: App [myNextApp:17] starting in -cluster mode-
Error: EACCES: permission denied, open '/var/log/myNextApp/myNextApp-23.log'
Error: EACCES: permission denied, open '/var/log/myNextApp/myNextApp-4.log'
Error: EACCES: permission denied, open '/var/log/myNextApp/myNextApp-18.log'
Error: EACCES: permission denied, open '/var/log/myNextApp/myNextApp-20.log'
Error: EACCES: permission denied, open '/var/log/myNextApp/myNextApp-21.log'
Error: EACCES: permission denied, open '/var/log/myNextApp/myNextApp-19.log'
2023-06-17T12:01:24: PM2 log: App name:myNextApp id:13 disconnected
2023-06-17T12:01:24: PM2 log: App name:myNextApp id:5 disconnected
2023-06-17T12:01:24: PM2 log: App name:myNextApp id:6 disconnected
Error: EACCES: permission denied, open '/var/log/myNextApp/myNextApp-8.log'
Error: EACCES: permission denied, open '/var/log/myNextApp/myNextApp-15.log'
2023-06-17T12:01:24: PM2 log: App name:myNextApp id:0 disconnected
2023-06-17T12:01:24: PM2 log: App name:myNextApp id:17 disconnected
2023-06-17T12:01:24: PM2 log: App name:myNextApp id:22 disconnected
2023-06-17T12:01:24: PM2 log: App name:myNextApp id:1 disconnected
2023-06-17T12:01:24: PM2 log: App name:myNextApp id:3 disconnected
2023-06-17T12:01:24: PM2 log: App name:myNextApp id:10 disconnected
2023-06-17T12:01:24: PM2 log: App name:myNextApp id:11 disconnected
2023-06-17T12:01:24: PM2 log: App [myNextApp:14] online
2023-06-17T12:01:24: PM2 log: App name:myNextApp id:14 disconnected
2023-06-17T12:01:24: PM2 log: App [myNextApp:7] online
2023-06-17T12:01:24: PM2 log: App name:myNextApp id:7 disconnected
Error: EACCES: permission denied, open '/var/log/myNextApp/myNextApp-2.log'
2023-06-17T12:01:24: PM2 log: App [myNextApp:12] online
2023-06-17T12:01:24: PM2 log: App name:myNextApp id:12 disconnected
2023-06-17T12:01:24: PM2 log: App [myNextApp:4] online
2023-06-17T12:01:24: PM2 log: App [myNextApp:20] online
Error: EACCES: permission denied, open '/var/log/myNextApp/myNextApp-5.log'
2023-06-17T12:01:24: PM2 log: App [myNextApp:18] online
2023-06-17T12:01:24: PM2 log: App [myNextApp:19] online
2023-06-17T12:01:24: PM2 log: App [myNextApp:23] online
2023-06-17T12:01:24: PM2 log: App [myNextApp:21] online
2023-06-17T12:01:24: PM2 log: App [myNextApp:15] online
Error: EACCES: permission denied, open '/var/log/myNextApp/myNextApp-16.log'
2023-06-17T12:01:24: PM2 log: App [myNextApp:8] online
2023-06-17T12:01:24: PM2 log: App [myNextApp:2] online
2023-06-17T12:01:24: PM2 log: App [myNextApp:5] online
2023-06-17T12:01:24: PM2 log: App [myNextApp:16] online
2023-06-17T12:01:24: PM2 log: App [myNextApp:13] online
Error: EACCES: permission denied, open '/var/log/myNextApp/myNextApp-6.log'
2023-06-17T12:01:24: PM2 log: App [myNextApp:9] online
2023-06-17T12:01:24: PM2 log: App [myNextApp:1] exited with code [1] via signal [SIGINT]
2023-06-17T12:01:24: PM2 log: App [myNextApp:3] exited with code [1] via signal [SIGINT]
2023-06-17T12:01:24: PM2 log: App [myNextApp:10] exited with code [1] via signal [SIGINT]
2023-06-17T12:01:24: PM2 log: App [myNextApp:11] exited with code [1] via signal [SIGINT]
2023-06-17T12:01:24: PM2 log: App [myNextApp:14] exited with code [1] via signal [SIGINT]
Error: EACCES: permission denied, open '/var/log/myNextApp/myNextApp-13.log'
2023-06-17T12:01:24: PM2 log: App [myNextApp:7] exited with code [1] via signal [SIGINT]
2023-06-17T12:01:24: PM2 log: App [myNextApp:12] exited with code [1] via signal [SIGINT]
2023-06-17T12:01:24: PM2 log: App [myNextApp:4] exited with code [1] via signal [SIGINT]
2023-06-17T12:01:24: PM2 log: App [myNextApp:20] exited with code [1] via signal [SIGINT]
2023-06-17T12:01:24: PM2 log: App [myNextApp:18] exited with code [1] via signal [SIGINT]
2023-06-17T12:01:24: PM2 log: App [myNextApp:19] exited with code [1] via signal [SIGINT]
2023-06-17T12:01:24: PM2 log: App [myNextApp:23] exited with code [1] via signal [SIGINT]
2023-06-17T12:01:24: PM2 log: App [myNextApp:21] exited with code [1] via signal [SIGINT]
2023-06-17T12:01:24: PM2 log: App [myNextApp:15] exited with code [1] via signal [SIGINT]
2023-06-17T12:01:24: PM2 log: App [myNextApp:8] exited with code [1] via signal [SIGINT]
2023-06-17T12:01:24: PM2 log: App [myNextApp:2] exited with code [1] via signal [SIGINT]
2023-06-17T12:01:24: PM2 log: App [myNextApp:5] exited with code [1] via signal [SIGINT]
2023-06-17T12:01:24: PM2 log: App [myNextApp:16] exited with code [1] via signal [SIGINT]
2023-06-17T12:01:24: PM2 log: App [myNextApp:13] exited with code [1] via signal [SIGINT]
2023-06-17T12:01:24: PM2 log: App [myNextApp:6] exited with code [1] via signal [SIGINT]
2023-06-17T12:01:24: PM2 log: App [myNextApp:1] starting in -cluster mode-
Error: EACCES: permission denied, open '/var/log/myNextApp/myNextApp-9.log'
2023-06-17T12:01:24: PM2 log: App [myNextApp:3] starting in -cluster mode-
Error: EACCES: permission denied, open '/var/log/myNextApp/myNextApp-22.log'
2023-06-17T12:01:24: PM2 log: App [myNextApp:10] starting in -cluster mode-
2023-06-17T12:01:24: PM2 log: App [myNextApp:11] starting in -cluster mode-
Error: EACCES: permission denied, open '/var/log/myNextApp/myNextApp-17.log'
2023-06-17T12:01:24: PM2 log: App [myNextApp:14] starting in -cluster mode-
Error: EACCES: permission denied, open '/var/log/myNextApp/myNextApp-0.log'
2023-06-17T12:01:24: PM2 log: App [myNextApp:7] starting in -cluster mode-
2023-06-17T12:01:24: PM2 log: App [myNextApp:12] starting in -cluster mode-
2023-06-17T12:01:24: PM2 log: App [myNextApp:4] starting in -cluster mode-
2023-06-17T12:01:24: PM2 log: App [myNextApp:20] starting in -cluster mode-
2023-06-17T12:01:24: PM2 log: App [myNextApp:18] starting in -cluster mode-
2023-06-17T12:01:24: PM2 log: App [myNextApp:19] starting in -cluster mode-
2023-06-17T12:01:24: PM2 log: App [myNextApp:23] starting in -cluster mode-
2023-06-17T12:01:24: PM2 log: App [myNextApp:21] starting in -cluster mode-
2023-06-17T12:01:24: PM2 log: App [myNextApp:15] starting in -cluster mode-
2023-06-17T12:01:24: PM2 log: App [myNextApp:8] starting in -cluster mode-
2023-06-17T12:01:24: PM2 log: App [myNextApp:2] starting in -cluster mode-
2023-06-17T12:01:25: PM2 log: App [myNextApp:5] starting in -cluster mode-
2023-06-17T12:01:25: PM2 log: App [myNextApp:16] starting in -cluster mode-
2023-06-17T12:01:25: PM2 log: App [myNextApp:13] starting in -cluster mode-
Error: EACCES: permission denied, open '/var/log/myNextApp/myNextApp-10.log'
2023-06-17T12:01:25: PM2 log: App [myNextApp:6] starting in -cluster mode-
Error: EACCES: permission denied, open '/var/log/myNextApp/myNextApp-3.log'
Error: EACCES: permission denied, open '/var/log/myNextApp/myNextApp-1.log'
Error: EACCES: permission denied, open '/var/log/myNextApp/myNextApp-7.log'
Error: EACCES: permission denied, open '/var/log/myNextApp/myNextApp-11.log'
Error: EACCES: permission denied, open '/var/log/myNextApp/myNextApp-14.log'
2023-06-17T12:01:25: PM2 log: App name:myNextApp id:4 disconnected
2023-06-17T12:01:25: PM2 log: App name:myNextApp id:20 disconnected
2023-06-17T12:01:25: PM2 log: App name:myNextApp id:18 disconnected
2023-06-17T12:01:25: PM2 log: App name:myNextApp id:19 disconnected
2023-06-17T12:01:25: PM2 log: App name:myNextApp id:23 disconnected
2023-06-17T12:01:25: PM2 log: App name:myNextApp id:21 disconnected
2023-06-17T12:01:25: PM2 log: App name:myNextApp id:15 disconnected
2023-06-17T12:01:25: PM2 log: App name:myNextApp id:8 disconnected
2023-06-17T12:01:25: PM2 log: App name:myNextApp id:2 disconnected
2023-06-17T12:01:25: PM2 log: App name:myNextApp id:5 disconnected
2023-06-17T12:01:25: PM2 log: App name:myNextApp id:16 disconnected
2023-06-17T12:01:25: PM2 log: App name:myNextApp id:13 disconnected
2023-06-17T12:01:25: PM2 log: App name:myNextApp id:9 disconnected
2023-06-17T12:01:25: PM2 log: App [myNextApp:6] online
Error: EACCES: permission denied, open '/var/log/myNextApp/myNextApp-12.log'
2023-06-17T12:01:25: PM2 log: App name:myNextApp id:6 disconnected
2023-06-17T12:01:25: PM2 log: App [myNextApp:0] online
2023-06-17T12:01:25: PM2 log: App name:myNextApp id:0 disconnected
2023-06-17T12:01:25: PM2 log: App [myNextApp:22] online
2023-06-17T12:01:25: PM2 log: App name:myNextApp id:22 disconnected
2023-06-17T12:01:25: PM2 log: App [myNextApp:17] online
2023-06-17T12:01:25: PM2 log: App name:myNextApp id:17 disconnected
Error: EACCES: permission denied, open '/var/log/myNextApp/myNextApp-19.log'
2023-06-17T12:01:25: PM2 log: App [myNextApp:1] online
2023-06-17T12:01:25: PM2 log: App [myNextApp:3] online
2023-06-17T12:01:25: PM2 log: App name:myNextApp id:3 disconnected
2023-06-17T12:01:25: PM2 log: App [myNextApp:10] online
2023-06-17T12:01:25: PM2 log: App name:myNextApp id:10 disconnected
Error: EACCES: permission denied, open '/var/log/myNextApp/myNextApp-4.log'
Error: EACCES: permission denied, open '/var/log/myNextApp/myNextApp-18.log'
2023-06-17T12:01:25: PM2 log: App [myNextApp:11] online
2023-06-17T12:01:25: PM2 log: App [myNextApp:14] online
2023-06-17T12:01:25: PM2 log: App [myNextApp:7] online
2023-06-17T12:01:25: PM2 log: App [myNextApp:12] online
2023-06-17T12:01:25: PM2 log: App [myNextApp:4] online
2023-06-17T12:01:25: PM2 log: App [myNextApp:20] online
Error: EACCES: permission denied, open '/var/log/myNextApp/myNextApp-20.log'
2023-06-17T12:01:25: PM2 log: App [myNextApp:18] online
2023-06-17T12:01:25: PM2 log: App [myNextApp:19] online
2023-06-17T12:01:25: PM2 log: App [myNextApp:23] online
Error: EACCES: permission denied, open '/var/log/myNextApp/myNextApp-15.log'
2023-06-17T12:01:25: PM2 log: App [myNextApp:21] online
2023-06-17T12:01:25: PM2 log: App [myNextApp:15] online
2023-06-17T12:01:25: PM2 log: App [myNextApp:9] exited with code [1] via signal [SIGINT]
2023-06-17T12:01:25: PM2 log: App [myNextApp:0] exited with code [1] via signal [SIGINT]
Error: EACCES: permission denied, open '/var/log/myNextApp/myNextApp-21.log'
2023-06-17T12:01:25: PM2 log: App [myNextApp:22] exited with code [1] via signal [SIGINT]
2023-06-17T12:01:25: PM2 log: App [myNextApp:17] exited with code [1] via signal [SIGINT]
2023-06-17T12:01:25: PM2 log: App [myNextApp:1] exited with code [1] via signal [SIGINT]
2023-06-17T12:01:25: PM2 log: App [myNextApp:3] exited with code [1] via signal [SIGINT]
2023-06-17T12:01:25: PM2 log: App [myNextApp:10] exited with code [1] via signal [SIGINT]
2023-06-17T12:01:25: PM2 log: App [myNextApp:11] exited with code [1] via signal [SIGINT]
2023-06-17T12:01:25: PM2 log: App [myNextApp:14] exited with code [1] via signal [SIGINT]
2023-06-17T12:01:25: PM2 log: App [myNextApp:7] exited with code [1] via signal [SIGINT]
2023-06-17T12:01:25: PM2 log: App [myNextApp:12] exited with code [1] via signal [SIGINT]
2023-06-17T12:01:25: PM2 log: App [myNextApp:4] exited with code [1] via signal [SIGINT]
2023-06-17T12:01:25: PM2 log: App [myNextApp:20] exited with code [1] via signal [SIGINT]
2023-06-17T12:01:25: PM2 log: App [myNextApp:18] exited with code [1] via signal [SIGINT]
2023-06-17T12:01:25: PM2 log: App [myNextApp:19] exited with code [1] via signal [SIGINT]
2023-06-17T12:01:25: PM2 log: App [myNextApp:15] exited with code [1] via signal [SIGINT]
2023-06-17T12:01:25: PM2 log: App [myNextApp:21] exited with code [1] via signal [SIGINT]
2023-06-17T12:01:25: PM2 log: App [myNextApp:9] starting in -cluster mode-
Error: EACCES: permission denied, open '/var/log/myNextApp/myNextApp-23.log'
2023-06-17T12:01:25: PM2 log: App [myNextApp:0] starting in -cluster mode-
2023-06-17T12:01:25: PM2 log: App [myNextApp:22] starting in -cluster mode-
Error: EACCES: permission denied, open '/var/log/myNextApp/myNextApp-8.log'
2023-06-17T12:01:25: PM2 log: App [myNextApp:17] starting in -cluster mode-
Error: EACCES: permission denied, open '/var/log/myNextApp/myNextApp-13.log'
Error: EACCES: permission denied, open '/var/log/myNextApp/myNextApp-16.log'
2023-06-17T12:01:25: PM2 log: App [myNextApp:1] starting in -cluster mode-
2023-06-17T12:01:25: PM2 log: App [myNextApp:3] starting in -cluster mode-
2023-06-17T12:01:25: PM2 log: App [myNextApp:10] starting in -cluster mode-
2023-06-17T12:01:25: PM2 log: App [myNextApp:11] starting in -cluster mode-
Error: EACCES: permission denied, open '/var/log/myNextApp/myNextApp-2.log'
2023-06-17T12:01:25: PM2 log: App [myNextApp:14] starting in -cluster mode-
Error: EACCES: permission denied, open '/var/log/myNextApp/myNextApp-5.log'
2023-06-17T12:01:25: PM2 log: App [myNextApp:7] starting in -cluster mode-
2023-06-17T12:01:25: PM2 log: App [myNextApp:12] starting in -cluster mode-
2023-06-17T12:01:25: PM2 log: App [myNextApp:4] starting in -cluster mode-
Error: EACCES: permission denied, open '/var/log/myNextApp/myNextApp-6.log'
2023-06-17T12:01:25: PM2 log: App [myNextApp:20] starting in -cluster mode-
2023-06-17T12:01:25: PM2 log: App [myNextApp:18] starting in -cluster mode-
2023-06-17T12:01:25: PM2 log: App [myNextApp:19] starting in -cluster mode-
2023-06-17T12:01:25: PM2 log: App [myNextApp:15] starting in -cluster mode-
2023-06-17T12:01:25: PM2 log: App [myNextApp:21] starting in -cluster mode-
2023-06-17T12:01:25: PM2 log: App name:myNextApp id:1 disconnected
2023-06-17T12:01:25: PM2 log: App name:myNextApp id:11 disconnected
2023-06-17T12:01:25: PM2 log: App name:myNextApp id:14 disconnected
2023-06-17T12:01:25: PM2 log: App name:myNextApp id:7 disconnected
2023-06-17T12:01:25: PM2 log: App name:myNextApp id:12 disconnected
2023-06-17T12:01:25: PM2 log: App name:myNextApp id:4 disconnected
2023-06-17T12:01:25: PM2 log: App name:myNextApp id:20 disconnected
2023-06-17T12:01:25: PM2 log: App name:myNextApp id:18 disconnected
2023-06-17T12:01:25: PM2 log: App name:myNextApp id:19 disconnected
2023-06-17T12:01:25: PM2 log: App name:myNextApp id:23 disconnected
Error: EACCES: permission denied, open '/var/log/myNextApp/myNextApp-9.log'
2023-06-17T12:01:25: PM2 log: App name:myNextApp id:21 disconnected
2023-06-17T12:01:25: PM2 log: App name:myNextApp id:15 disconnected
2023-06-17T12:01:25: PM2 log: App [myNextApp:8] online
2023-06-17T12:01:25: PM2 log: App name:myNextApp id:8 disconnected
2023-06-17T12:01:25: PM2 log: App [myNextApp:2] online
2023-06-17T12:01:25: PM2 log: App name:myNextApp id:2 disconnected
Error: EACCES: permission denied, open '/var/log/myNextApp/myNextApp-10.log'
2023-06-17T12:01:25: PM2 log: App [myNextApp:5] online
2023-06-17T12:01:25: PM2 log: App name:myNextApp id:5 disconnected
2023-06-17T12:01:25: PM2 log: App [myNextApp:16] online
2023-06-17T12:01:25: PM2 log: App name:myNextApp id:16 disconnected
Error: EACCES: permission denied, open '/var/log/myNextApp/myNextApp-22.log'
2023-06-17T12:01:25: PM2 log: App [myNextApp:13] online
2023-06-17T12:01:25: PM2 log: App name:myNextApp id:13 disconnected
2023-06-17T12:01:25: PM2 log: App [myNextApp:6] online
2023-06-17T12:01:25: PM2 log: App name:myNextApp id:6 disconnected
2023-06-17T12:01:25: PM2 log: App [myNextApp:9] online
2023-06-17T12:01:25: PM2 log: App [myNextApp:0] online
Error: EACCES: permission denied, open '/var/log/myNextApp/myNextApp-3.log'
2023-06-17T12:01:25: PM2 log: App [myNextApp:22] online
2023-06-17T12:01:25: PM2 log: App [myNextApp:17] online
2023-06-17T12:01:25: PM2 log: App [myNextApp:1] online
Error: EACCES: permission denied, open '/var/log/myNextApp/myNextApp-0.log'
2023-06-17T12:01:25: PM2 log: App [myNextApp:3] online
Error: EACCES: permission denied, open '/var/log/myNextApp/myNextApp-17.log'
Error: EACCES: permission denied, open '/var/log/myNextApp/myNextApp-1.log'
2023-06-17T12:01:25: PM2 log: App [myNextApp:10] online
2023-06-17T12:01:25: PM2 log: App [myNextApp:11] online
2023-06-17T12:01:25: PM2 log: App [myNextApp:14] online
2023-06-17T12:01:25: PM2 log: App [myNextApp:7] online
2023-06-17T12:01:25: PM2 log: App [myNextApp:12] online
2023-06-17T12:01:25: PM2 log: App [myNextApp:4] online
Error: EACCES: permission denied, open '/var/log/myNextApp/myNextApp-11.log'
2023-06-17T12:01:25: PM2 log: App [myNextApp:20] online
Error: EACCES: permission denied, open '/var/log/myNextApp/myNextApp-14.log'
2023-06-17T12:01:25: PM2 log: App [myNextApp:23] exited with code [1] via signal [SIGINT]
Error: EACCES: permission denied, open '/var/log/myNextApp/myNextApp-20.log'
2023-06-17T12:01:25: PM2 log: App [myNextApp:8] exited with code [1] via signal [SIGINT]
2023-06-17T12:01:25: PM2 log: App [myNextApp:2] exited with code [1] via signal [SIGINT]
2023-06-17T12:01:25: PM2 log: App [myNextApp:5] exited with code [1] via signal [SIGINT]
2023-06-17T12:01:25: PM2 log: App [myNextApp:16] exited with code [1] via signal [SIGINT]
2023-06-17T12:01:25: PM2 log: App [myNextApp:13] exited with code [1] via signal [SIGINT]
2023-06-17T12:01:25: PM2 log: App [myNextApp:6] exited with code [1] via signal [SIGINT]
2023-06-17T12:01:25: PM2 log: App [myNextApp:9] exited with code [1] via signal [SIGINT]
2023-06-17T12:01:25: PM2 log: App [myNextApp:0] exited with code [1] via signal [SIGINT]
2023-06-17T12:01:25: PM2 log: App [myNextApp:22] exited with code [1] via signal [SIGINT]
2023-06-17T12:01:25: PM2 log: App [myNextApp:17] exited with code [1] via signal [SIGINT]
2023-06-17T12:01:25: PM2 log: App [myNextApp:1] exited with code [1] via signal [SIGINT]
2023-06-17T12:01:25: PM2 log: App [myNextApp:3] exited with code [1] via signal [SIGINT]
2023-06-17T12:01:25: PM2 log: App [myNextApp:10] exited with code [1] via signal [SIGINT]
2023-06-17T12:01:25: PM2 log: App [myNextApp:11] exited with code [1] via signal [SIGINT]
2023-06-17T12:01:25: PM2 log: App [myNextApp:14] exited with code [1] via signal [SIGINT]
Error: EACCES: permission denied, open '/var/log/myNextApp/myNextApp-7.log'
2023-06-17T12:01:25: PM2 log: App [myNextApp:20] exited with code [1] via signal [SIGINT]
2023-06-17T12:01:25: PM2 log: App [myNextApp:23] starting in -cluster mode-
2023-06-17T12:01:25: PM2 log: App [myNextApp:8] starting in -cluster mode-
Error: EACCES: permission denied, open '/var/log/myNextApp/myNextApp-4.log'
Error: EACCES: permission denied, open '/var/log/myNextApp/myNextApp-12.log'
2023-06-17T12:01:25: PM2 log: App [myNextApp:2] starting in -cluster mode-
2023-06-17T12:01:25: PM2 log: App [myNextApp:5] starting in -cluster mode-
Error: EACCES: permission denied, open '/var/log/myNextApp/myNextApp-19.log'
2023-06-17T12:01:25: PM2 log: App [myNextApp:16] starting in -cluster mode-
Error: EACCES: permission denied, open '/var/log/myNextApp/myNextApp-21.log'
2023-06-17T12:01:25: PM2 log: App [myNextApp:13] starting in -cluster mode-
Error: EACCES: permission denied, open '/var/log/myNextApp/myNextApp-18.log'
Error: EACCES: permission denied, open '/var/log/myNextApp/myNextApp-15.log'
2023-06-17T12:01:25: PM2 log: App [myNextApp:6] starting in -cluster mode-
2023-06-17T12:01:25: PM2 log: App [myNextApp:9] starting in -cluster mode-
2023-06-17T12:01:26: PM2 log: App [myNextApp:0] starting in -cluster mode-
2023-06-17T12:01:26: PM2 log: App [myNextApp:22] starting in -cluster mode-
2023-06-17T12:01:26: PM2 log: App [myNextApp:17] starting in -cluster mode-
2023-06-17T12:01:26: PM2 log: App [myNextApp:1] starting in -cluster mode-
2023-06-17T12:01:26: PM2 log: App [myNextApp:3] starting in -cluster mode-
2023-06-17T12:01:26: PM2 log: App [myNextApp:10] starting in -cluster mode-
2023-06-17T12:01:26: PM2 log: App [myNextApp:11] starting in -cluster mode-
2023-06-17T12:01:26: PM2 log: App [myNextApp:14] starting in -cluster mode-
2023-06-17T12:01:26: PM2 log: App [myNextApp:20] starting in -cluster mode-
2023-06-17T12:01:26: PM2 log: App name:myNextApp id:9 disconnected
2023-06-17T12:01:26: PM2 log: App name:myNextApp id:0 disconnected
2023-06-17T12:01:26: PM2 log: App name:myNextApp id:22 disconnected
2023-06-17T12:01:26: PM2 log: App name:myNextApp id:17 disconnected
2023-06-17T12:01:26: PM2 log: App name:myNextApp id:1 disconnected
2023-06-17T12:01:26: PM2 log: App name:myNextApp id:3 disconnected
2023-06-17T12:01:26: PM2 log: App name:myNextApp id:10 disconnected
2023-06-17T12:01:26: PM2 log: App name:myNextApp id:11 disconnected
2023-06-17T12:01:26: PM2 log: App name:myNextApp id:14 disconnected
2023-06-17T12:01:26: PM2 log: App name:myNextApp id:7 disconnected
2023-06-17T12:01:26: PM2 log: App name:myNextApp id:12 disconnected
2023-06-17T12:01:26: PM2 log: App name:myNextApp id:4 disconnected
2023-06-17T12:01:26: PM2 log: App name:myNextApp id:20 disconnected
2023-06-17T12:01:26: PM2 log: App [myNextApp:19] online
2023-06-17T12:01:26: PM2 log: App name:myNextApp id:19 disconnected
2023-06-17T12:01:26: PM2 log: App [myNextApp:18] online
2023-06-17T12:01:26: PM2 log: App name:myNextApp id:18 disconnected
2023-06-17T12:01:26: PM2 log: App [myNextApp:15] online
2023-06-17T12:01:26: PM2 log: App name:myNextApp id:15 disconnected
2023-06-17T12:01:26: PM2 log: App [myNextApp:21] online
2023-06-17T12:01:26: PM2 log: App name:myNextApp id:21 disconnected
2023-06-17T12:01:26: PM2 log: App [myNextApp:23] online
2023-06-17T12:01:26: PM2 log: App [myNextApp:8] online
2023-06-17T12:01:26: PM2 log: App [myNextApp:2] online
2023-06-17T12:01:26: PM2 log: App [myNextApp:5] online
2023-06-17T12:01:26: PM2 log: App [myNextApp:16] online
2023-06-17T12:01:26: PM2 log: App [myNextApp:13] online
2023-06-17T12:01:26: PM2 log: App [myNextApp:6] online
2023-06-17T12:01:26: PM2 log: App [myNextApp:9] online
2023-06-17T12:01:26: PM2 log: App [myNextApp:0] online
Error: EACCES: permission denied, open '/var/log/myNextApp/myNextApp-8.log'
2023-06-17T12:01:26: PM2 log: App [myNextApp:22] online
2023-06-17T12:01:26: PM2 log: App [myNextApp:17] online
2023-06-17T12:01:26: PM2 log: App [myNextApp:7] exited with code [1] via signal [SIGINT]
2023-06-17T12:01:26: PM2 log: App [myNextApp:12] exited with code [1] via signal [SIGINT]
2023-06-17T12:01:26: PM2 log: App [myNextApp:4] exited with code [1] via signal [SIGINT]
Error: EACCES: permission denied, open '/var/log/myNextApp/myNextApp-5.log'
2023-06-17T12:01:26: PM2 log: App [myNextApp:18] exited with code [1] via signal [SIGINT]
2023-06-17T12:01:26: PM2 log: App [myNextApp:19] exited with code [1] via signal [SIGINT]
2023-06-17T12:01:26: PM2 log: App [myNextApp:15] exited with code [1] via signal [SIGINT]
2023-06-17T12:01:26: PM2 log: App [myNextApp:21] exited with code [1] via signal [SIGINT]
2023-06-17T12:01:26: PM2 log: App [myNextApp:8] exited with code [1] via signal [SIGINT]
2023-06-17T12:01:26: PM2 log: App [myNextApp:5] exited with code [1] via signal [SIGINT]
2023-06-17T12:01:26: PM2 log: App [myNextApp:7] starting in -cluster mode-
Error: EACCES: permission denied, open '/var/log/myNextApp/myNextApp-23.log'
2023-06-17T12:01:26: PM2 log: App [myNextApp:12] starting in -cluster mode-
Error: EACCES: permission denied, open '/var/log/myNextApp/myNextApp-2.log'
2023-06-17T12:01:26: PM2 log: App [myNextApp:4] starting in -cluster mode-
2023-06-17T12:01:26: PM2 log: App [myNextApp:18] starting in -cluster mode-
2023-06-17T12:01:26: PM2 log: App [myNextApp:19] starting in -cluster mode-
2023-06-17T12:01:26: PM2 log: App [myNextApp:15] starting in -cluster mode-
Error: EACCES: permission denied, open '/var/log/myNextApp/myNextApp-16.log'
Error: EACCES: permission denied, open '/var/log/myNextApp/myNextApp-13.log'
Error: EACCES: permission denied, open '/var/log/myNextApp/myNextApp-6.log'
2023-06-17T12:01:26: PM2 log: App [myNextApp:21] starting in -cluster mode-
2023-06-17T12:01:26: PM2 log: App [myNextApp:8] starting in -cluster mode-
Error: EACCES: permission denied, open '/var/log/myNextApp/myNextApp-9.log'
Error: EACCES: permission denied, open '/var/log/myNextApp/myNextApp-22.log'
Error: EACCES: permission denied, open '/var/log/myNextApp/myNextApp-14.log'
2023-06-17T12:01:26: PM2 log: App [myNextApp:5] starting in -cluster mode-
Error: EACCES: permission denied, open '/var/log/myNextApp/myNextApp-17.log'
Error: EACCES: permission denied, open '/var/log/myNextApp/myNextApp-1.log'
Error: EACCES: permission denied, open '/var/log/myNextApp/myNextApp-0.log'
Error: EACCES: permission denied, open '/var/log/myNextApp/myNextApp-20.log'
2023-06-17T12:01:26: PM2 log: App name:myNextApp id:23 disconnected
2023-06-17T12:01:26: PM2 log: App name:myNextApp id:8 disconnected
2023-06-17T12:01:26: PM2 log: App name:myNextApp id:2 disconnected
2023-06-17T12:01:26: PM2 log: App name:myNextApp id:5 disconnected
2023-06-17T12:01:26: PM2 log: App name:myNextApp id:16 disconnected
Error: EACCES: permission denied, open '/var/log/myNextApp/myNextApp-11.log'
2023-06-17T12:01:26: PM2 log: App name:myNextApp id:13 disconnected
2023-06-17T12:01:26: PM2 log: App name:myNextApp id:6 disconnected
2023-06-17T12:01:26: PM2 log: App name:myNextApp id:9 disconnected
2023-06-17T12:01:26: PM2 log: App name:myNextApp id:22 disconnected
2023-06-17T12:01:26: PM2 log: App name:myNextApp id:17 disconnected
Error: EACCES: permission denied, open '/var/log/myNextApp/myNextApp-3.log'
2023-06-17T12:01:26: PM2 log: App [myNextApp:1] online
2023-06-17T12:01:26: PM2 log: App name:myNextApp id:1 disconnected
2023-06-17T12:01:26: PM2 log: App [myNextApp:3] online
2023-06-17T12:01:26: PM2 log: App [myNextApp:11] online
2023-06-17T12:01:26: PM2 log: App [myNextApp:14] online
2023-06-17T12:01:26: PM2 log: App name:myNextApp id:14 disconnected
2023-06-17T12:01:26: PM2 log: App [myNextApp:10] online
Error: EACCES: permission denied, open '/var/log/myNextApp/myNextApp-10.log'
2023-06-17T12:01:26: PM2 log: App [myNextApp:20] online
2023-06-17T12:01:26: PM2 log: App [myNextApp:7] online
2023-06-17T12:01:26: PM2 log: App [myNextApp:12] online
2023-06-17T12:01:26: PM2 log: App [myNextApp:4] online
2023-06-17T12:01:26: PM2 log: App [myNextApp:18] online
2023-06-17T12:01:26: PM2 log: App [myNextApp:19] online
2023-06-17T12:01:26: PM2 log: App [myNextApp:15] online
2023-06-17T12:01:26: PM2 log: App [myNextApp:23] exited with code [1] via signal [SIGINT]
2023-06-17T12:01:26: PM2 log: App [myNextApp:2] exited with code [1] via signal [SIGINT]
2023-06-17T12:01:26: PM2 log: App [myNextApp:16] exited with code [1] via signal [SIGINT]
2023-06-17T12:01:26: PM2 log: App [myNextApp:13] exited with code [1] via signal [SIGINT]
2023-06-17T12:01:26: PM2 log: App [myNextApp:6] exited with code [1] via signal [SIGINT]
2023-06-17T12:01:26: PM2 log: App [myNextApp:9] exited with code [1] via signal [SIGINT]
2023-06-17T12:01:26: PM2 log: App [myNextApp:0] exited with code [1] via signal [SIGINT]
2023-06-17T12:01:26: PM2 log: App [myNextApp:22] exited with code [1] via signal [SIGINT]
2023-06-17T12:01:26: PM2 log: App [myNextApp:17] exited with code [1] via signal [SIGINT]
2023-06-17T12:01:26: PM2 log: App [myNextApp:1] exited with code [1] via signal [SIGINT]
2023-06-17T12:01:26: PM2 log: App [myNextApp:3] exited with code [1] via signal [SIGINT]
2023-06-17T12:01:26: PM2 log: App [myNextApp:10] exited with code [1] via signal [SIGINT]
2023-06-17T12:01:26: PM2 log: App [myNextApp:11] exited with code [1] via signal [SIGINT]
2023-06-17T12:01:26: PM2 log: App [myNextApp:14] exited with code [1] via signal [SIGINT]
2023-06-17T12:01:26: PM2 log: App [myNextApp:20] exited with code [1] via signal [SIGINT]
2023-06-17T12:01:26: PM2 log: App [myNextApp:23] starting in -cluster mode-
2023-06-17T12:01:26: PM2 log: App [myNextApp:2] starting in -cluster mode-
2023-06-17T12:01:26: PM2 log: App [myNextApp:16] starting in -cluster mode-
Error: EACCES: permission denied, open '/var/log/myNextApp/myNextApp-12.log'
2023-06-17T12:01:26: PM2 log: App [myNextApp:13] starting in -cluster mode-
Error: EACCES: permission denied, open '/var/log/myNextApp/myNextApp-7.log'
2023-06-17T12:01:26: PM2 log: App [myNextApp:6] starting in -cluster mode-
Error: EACCES: permission denied, open '/var/log/myNextApp/myNextApp-4.log'
2023-06-17T12:01:26: PM2 log: App [myNextApp:9] starting in -cluster mode-
2023-06-17T12:01:26: PM2 log: App [myNextApp:0] starting in -cluster mode-
2023-06-17T12:01:26: PM2 log: App [myNextApp:22] starting in -cluster mode-
Error: EACCES: permission denied, open '/var/log/myNextApp/myNextApp-15.log'
2023-06-17T12:01:26: PM2 log: App [myNextApp:17] starting in -cluster mode-
2023-06-17T12:01:26: PM2 log: App [myNextApp:1] starting in -cluster mode-
Error: EACCES: permission denied, open '/var/log/myNextApp/myNextApp-8.log'
2023-06-17T12:01:26: PM2 log: App [myNextApp:3] starting in -cluster mode-
Error: EACCES: permission denied, open '/var/log/myNextApp/myNextApp-21.log'
2023-06-17T12:01:26: PM2 log: App [myNextApp:10] starting in -cluster mode-
Error: EACCES: permission denied, open '/var/log/myNextApp/myNextApp-18.log'
2023-06-17T12:01:26: PM2 log: App [myNextApp:11] starting in -cluster mode-
Error: EACCES: permission denied, open '/var/log/myNextApp/myNextApp-19.log'
2023-06-17T12:01:26: PM2 log: App [myNextApp:14] starting in -cluster mode-
2023-06-17T12:01:26: PM2 log: App [myNextApp:20] starting in -cluster mode-
Error: EACCES: permission denied, open '/var/log/myNextApp/myNextApp-5.log'
2023-06-17T12:01:26: PM2 log: App name:myNextApp id:0 disconnected
2023-06-17T12:01:26: PM2 log: App name:myNextApp id:3 disconnected
2023-06-17T12:01:26: PM2 log: App name:myNextApp id:11 disconnected
2023-06-17T12:01:26: PM2 log: App name:myNextApp id:10 disconnected
2023-06-17T12:01:26: PM2 log: App name:myNextApp id:20 disconnected
2023-06-17T12:01:26: PM2 log: App name:myNextApp id:7 disconnected
2023-06-17T12:01:26: PM2 log: App name:myNextApp id:12 disconnected
2023-06-17T12:01:26: PM2 log: App name:myNextApp id:4 disconnected
2023-06-17T12:01:26: PM2 log: App name:myNextApp id:18 disconnected
2023-06-17T12:01:26: PM2 log: App name:myNextApp id:19 disconnected
Error: EACCES: permission denied, open '/var/log/myNextApp/myNextApp-6.log'
2023-06-17T12:01:26: PM2 log: App name:myNextApp id:15 disconnected
2023-06-17T12:01:26: PM2 log: App [myNextApp:21] online
Error: EACCES: permission denied, open '/var/log/myNextApp/myNextApp-23.log'
2023-06-17T12:01:26: PM2 log: App name:myNextApp id:21 disconnected
2023-06-17T12:01:26: PM2 log: App [myNextApp:8] online
2023-06-17T12:01:26: PM2 log: App name:myNextApp id:8 disconnected
2023-06-17T12:01:26: PM2 log: App [myNextApp:5] online
2023-06-17T12:01:26: PM2 log: App [myNextApp:23] online
2023-06-17T12:01:26: PM2 log: App [myNextApp:2] online
2023-06-17T12:01:26: PM2 log: App [myNextApp:16] online
2023-06-17T12:01:26: PM2 log: App [myNextApp:13] online
Error: EACCES: permission denied, open '/var/log/myNextApp/myNextApp-2.log'
2023-06-17T12:01:26: PM2 log: App [myNextApp:6] online
2023-06-17T12:01:26: PM2 log: App [myNextApp:9] online
2023-06-17T12:01:26: PM2 log: App [myNextApp:0] online
2023-06-17T12:01:26: PM2 log: App [myNextApp:22] online
Error: EACCES: permission denied, open '/var/log/myNextApp/myNextApp-16.log'
2023-06-17T12:01:26: PM2 log: App [myNextApp:17] online
Error: EACCES: permission denied, open '/var/log/myNextApp/myNextApp-13.log'
2023-06-17T12:01:26: PM2 log: App [myNextApp:1] online
2023-06-17T12:01:26: PM2 log: App [myNextApp:7] exited with code [1] via signal [SIGINT]
2023-06-17T12:01:26: PM2 log: App [myNextApp:12] exited with code [1] via signal [SIGINT]
2023-06-17T12:01:26: PM2 log: App [myNextApp:4] exited with code [1] via signal [SIGINT]
2023-06-17T12:01:26: PM2 log: App [myNextApp:18] exited with code [1] via signal [SIGINT]
2023-06-17T12:01:26: PM2 log: App [myNextApp:19] exited with code [1] via signal [SIGINT]
2023-06-17T12:01:26: PM2 log: App [myNextApp:15] exited with code [1] via signal [SIGINT]
2023-06-17T12:01:26: PM2 log: App [myNextApp:21] exited with code [1] via signal [SIGINT]
2023-06-17T12:01:26: PM2 log: App [myNextApp:8] exited with code [1] via signal [SIGINT]
2023-06-17T12:01:26: PM2 log: App [myNextApp:5] exited with code [1] via signal [SIGINT]
2023-06-17T12:01:26: PM2 log: App [myNextApp:23] exited with code [1] via signal [SIGINT]
2023-06-17T12:01:26: PM2 log: App [myNextApp:2] exited with code [1] via signal [SIGINT]
2023-06-17T12:01:26: PM2 log: App [myNextApp:16] exited with code [1] via signal [SIGINT]
2023-06-17T12:01:26: PM2 log: App [myNextApp:6] exited with code [1] via signal [SIGINT]
2023-06-17T12:01:26: PM2 log: App [myNextApp:13] exited with code [1] via signal [SIGINT]
2023-06-17T12:01:26: PM2 log: App [myNextApp:7] starting in -cluster mode-
2023-06-17T12:01:26: PM2 log: App [myNextApp:12] starting in -cluster mode-
Error: EACCES: permission denied, open '/var/log/myNextApp/myNextApp-9.log'
Error: EACCES: permission denied, open '/var/log/myNextApp/myNextApp-22.log'
2023-06-17T12:01:26: PM2 log: App [myNextApp:4] starting in -cluster mode-
2023-06-17T12:01:27: PM2 log: App [myNextApp:18] starting in -cluster mode-
Error: EACCES: permission denied, open '/var/log/myNextApp/myNextApp-0.log'
Error: EACCES: permission denied, open '/var/log/myNextApp/myNextApp-17.log'
2023-06-17T12:01:27: PM2 log: App [myNextApp:19] starting in -cluster mode-
Error: EACCES: permission denied, open '/var/log/myNextApp/myNextApp-1.log'
2023-06-17T12:01:27: PM2 log: App [myNextApp:15] starting in -cluster mode-
2023-06-17T12:01:27: PM2 log: App [myNextApp:21] starting in -cluster mode-
Error: EACCES: permission denied, open '/var/log/myNextApp/myNextApp-14.log'
Error: EACCES: permission denied, open '/var/log/myNextApp/myNextApp-10.log'
Error: EACCES: permission denied, open '/var/log/myNextApp/myNextApp-11.log'
2023-06-17T12:01:27: PM2 log: App [myNextApp:8] starting in -cluster mode-
Error: EACCES: permission denied, open '/var/log/myNextApp/myNextApp-3.log'
2023-06-17T12:01:27: PM2 log: App [myNextApp:5] starting in -cluster mode-
Error: EACCES: permission denied, open '/var/log/myNextApp/myNextApp-20.log'
2023-06-17T12:01:27: PM2 log: App [myNextApp:23] starting in -cluster mode-
2023-06-17T12:01:27: PM2 log: App [myNextApp:2] starting in -cluster mode-
2023-06-17T12:01:27: PM2 log: App [myNextApp:16] starting in -cluster mode-
2023-06-17T12:01:27: PM2 log: App [myNextApp:6] starting in -cluster mode-
2023-06-17T12:01:27: PM2 log: App name:myNextApp id:5 disconnected
2023-06-17T12:01:27: PM2 log: App name:myNextApp id:23 disconnected
2023-06-17T12:01:27: PM2 log: App name:myNextApp id:2 disconnected
2023-06-17T12:01:27: PM2 log: App name:myNextApp id:16 disconnected
2023-06-17T12:01:27: PM2 log: App name:myNextApp id:13 disconnected
2023-06-17T12:01:27: PM2 log: App name:myNextApp id:6 disconnected
2023-06-17T12:01:27: PM2 log: App name:myNextApp id:9 disconnected
2023-06-17T12:01:27: PM2 log: App name:myNextApp id:0 disconnected
2023-06-17T12:01:27: PM2 log: App name:myNextApp id:22 disconnected
2023-06-17T12:01:27: PM2 log: App name:myNextApp id:17 disconnected
2023-06-17T12:01:27: PM2 log: App name:myNextApp id:1 disconnected
2023-06-17T12:01:27: PM2 log: App [myNextApp:10] online
2023-06-17T12:01:27: PM2 log: App name:myNextApp id:10 disconnected
2023-06-17T12:01:27: PM2 log: App [myNextApp:3] online
2023-06-17T12:01:27: PM2 log: App name:myNextApp id:3 disconnected
2023-06-17T12:01:27: PM2 log: App [myNextApp:11] online
2023-06-17T12:01:27: PM2 log: App name:myNextApp id:11 disconnected
2023-06-17T12:01:27: PM2 log: App [myNextApp:14] online
2023-06-17T12:01:27: PM2 log: App name:myNextApp id:14 disconnected
2023-06-17T12:01:27: PM2 log: App [myNextApp:20] online
2023-06-17T12:01:27: PM2 log: App name:myNextApp id:20 disconnected
2023-06-17T12:01:27: PM2 log: App [myNextApp:7] online
2023-06-17T12:01:27: PM2 log: App [myNextApp:12] online
2023-06-17T12:01:27: PM2 log: App [myNextApp:4] online
2023-06-17T12:01:27: PM2 log: App [myNextApp:18] online
2023-06-17T12:01:27: PM2 log: App [myNextApp:19] online
2023-06-17T12:01:27: PM2 log: App [myNextApp:15] online
Error: EACCES: permission denied, open '/var/log/myNextApp/myNextApp-4.log'
2023-06-17T12:01:27: PM2 log: App [myNextApp:21] online
2023-06-17T12:01:27: PM2 log: App [myNextApp:8] online
2023-06-17T12:01:27: PM2 log: App [myNextApp:5] online
2023-06-17T12:01:27: PM2 log: App [myNextApp:23] online
2023-06-17T12:01:27: PM2 log: App [myNextApp:9] exited with code [1] via signal [SIGINT]
2023-06-17T12:01:27: PM2 log: App [myNextApp:0] exited with code [1] via signal [SIGINT]
2023-06-17T12:01:27: PM2 log: App [myNextApp:22] exited with code [1] via signal [SIGINT]
2023-06-17T12:01:27: PM2 log: App [myNextApp:17] exited with code [1] via signal [SIGINT]
Error: EACCES: permission denied, open '/var/log/myNextApp/myNextApp-7.log'
2023-06-17T12:01:27: PM2 log: App [myNextApp:1] exited with code [1] via signal [SIGINT]
2023-06-17T12:01:27: PM2 log: App [myNextApp:3] exited with code [1] via signal [SIGINT]
2023-06-17T12:01:27: PM2 log: App [myNextApp:10] exited with code [1] via signal [SIGINT]
2023-06-17T12:01:27: PM2 log: App [myNextApp:11] exited with code [1] via signal [SIGINT]
2023-06-17T12:01:27: PM2 log: App [myNextApp:14] exited with code [1] via signal [SIGINT]
2023-06-17T12:01:27: PM2 log: App [myNextApp:20] exited with code [1] via signal [SIGINT]
2023-06-17T12:01:27: PM2 log: App [myNextApp:7] exited with code [1] via signal [SIGINT]
Error: EACCES: permission denied, open '/var/log/myNextApp/myNextApp-12.log'
2023-06-17T12:01:27: PM2 log: App [myNextApp:4] exited with code [1] via signal [SIGINT]
2023-06-17T12:01:27: PM2 log: App [myNextApp:13] starting in -cluster mode-
2023-06-17T12:01:27: PM2 log: App [myNextApp:9] starting in -cluster mode-
Error: EACCES: permission denied, open '/var/log/myNextApp/myNextApp-19.log'
2023-06-17T12:01:27: PM2 log: App [myNextApp:0] starting in -cluster mode-
2023-06-17T12:01:27: PM2 log: App [myNextApp:22] starting in -cluster mode-
Error: EACCES: permission denied, open '/var/log/myNextApp/myNextApp-15.log'
2023-06-17T12:01:27: PM2 log: App [myNextApp:17] starting in -cluster mode-
Error: EACCES: permission denied, open '/var/log/myNextApp/myNextApp-18.log'
Error: EACCES: permission denied, open '/var/log/myNextApp/myNextApp-8.log'
Error: EACCES: permission denied, open '/var/log/myNextApp/myNextApp-21.log'
Error: EACCES: permission denied, open '/var/log/myNextApp/myNextApp-23.log'
2023-06-17T12:01:27: PM2 log: App [myNextApp:1] starting in -cluster mode-
2023-06-17T12:01:27: PM2 log: App [myNextApp:3] starting in -cluster mode-
Error: EACCES: permission denied, open '/var/log/myNextApp/myNextApp-5.log'
2023-06-17T12:01:27: PM2 log: App [myNextApp:10] starting in -cluster mode-
Error: EACCES: permission denied, open '/var/log/myNextApp/myNextApp-16.log'
Error: EACCES: permission denied, open '/var/log/myNextApp/myNextApp-6.log'
2023-06-17T12:01:27: PM2 log: App [myNextApp:11] starting in -cluster mode-
2023-06-17T12:01:27: PM2 log: App [myNextApp:14] starting in -cluster mode-
2023-06-17T12:01:27: PM2 log: App [myNextApp:20] starting in -cluster mode-
2023-06-17T12:01:27: PM2 log: App [myNextApp:7] starting in -cluster mode-
Error: EACCES: permission denied, open '/var/log/myNextApp/myNextApp-2.log'
2023-06-17T12:01:27: PM2 log: App [myNextApp:4] starting in -cluster mode-
2023-06-17T12:01:27: PM2 log: App name:myNextApp id:7 disconnected
2023-06-17T12:01:27: PM2 log: App name:myNextApp id:12 disconnected
2023-06-17T12:01:27: PM2 log: App name:myNextApp id:4 disconnected
2023-06-17T12:01:27: PM2 log: App name:myNextApp id:18 disconnected
2023-06-17T12:01:27: PM2 log: App name:myNextApp id:19 disconnected
2023-06-17T12:01:27: PM2 log: App name:myNextApp id:15 disconnected
2023-06-17T12:01:27: PM2 log: App name:myNextApp id:21 disconnected
2023-06-17T12:01:27: PM2 log: App name:myNextApp id:8 disconnected
2023-06-17T12:01:27: PM2 log: App name:myNextApp id:5 disconnected
2023-06-17T12:01:27: PM2 log: App name:myNextApp id:23 disconnected
2023-06-17T12:01:27: PM2 log: App [myNextApp:2] online
2023-06-17T12:01:27: PM2 log: App name:myNextApp id:2 disconnected
2023-06-17T12:01:27: PM2 log: App [myNextApp:6] online
2023-06-17T12:01:27: PM2 log: App name:myNextApp id:6 disconnected
2023-06-17T12:01:27: PM2 log: App [myNextApp:16] online
2023-06-17T12:01:27: PM2 log: App name:myNextApp id:16 disconnected
2023-06-17T12:01:27: PM2 log: App [myNextApp:13] online
2023-06-17T12:01:27: PM2 log: App [myNextApp:9] online
2023-06-17T12:01:27: PM2 log: App [myNextApp:0] online
Error: EACCES: permission denied, open '/var/log/myNextApp/myNextApp-0.log'
2023-06-17T12:01:27: PM2 log: App [myNextApp:22] online
2023-06-17T12:01:27: PM2 log: App [myNextApp:17] online
2023-06-17T12:01:27: PM2 log: App [myNextApp:1] online
Error: EACCES: permission denied, open '/var/log/myNextApp/myNextApp-13.log'
2023-06-17T12:01:27: PM2 log: App [myNextApp:3] online
2023-06-17T12:01:27: PM2 log: App [myNextApp:12] exited with code [1] via signal [SIGINT]
2023-06-17T12:01:27: PM2 log: App [myNextApp:18] exited with code [1] via signal [SIGINT]
2023-06-17T12:01:27: PM2 log: App [myNextApp:19] exited with code [1] via signal [SIGINT]
2023-06-17T12:01:27: PM2 log: App [myNextApp:15] exited with code [1] via signal [SIGINT]
2023-06-17T12:01:27: PM2 log: App [myNextApp:21] exited with code [1] via signal [SIGINT]
2023-06-17T12:01:27: PM2 log: App [myNextApp:8] exited with code [1] via signal [SIGINT]
Error: EACCES: permission denied, open '/var/log/myNextApp/myNextApp-22.log'
2023-06-17T12:01:27: PM2 log: App [myNextApp:5] exited with code [1] via signal [SIGINT]
2023-06-17T12:01:27: PM2 log: App [myNextApp:23] exited with code [1] via signal [SIGINT]
2023-06-17T12:01:27: PM2 log: App [myNextApp:2] exited with code [1] via signal [SIGINT]
2023-06-17T12:01:27: PM2 log: App [myNextApp:16] exited with code [1] via signal [SIGINT]
2023-06-17T12:01:27: PM2 log: App [myNextApp:6] exited with code [1] via signal [SIGINT]
2023-06-17T12:01:27: PM2 log: App [myNextApp:0] exited with code [1] via signal [SIGINT]
2023-06-17T12:01:27: PM2 log: App [myNextApp:13] exited with code [1] via signal [SIGINT]
2023-06-17T12:01:27: PM2 log: App [myNextApp:22] exited with code [1] via signal [SIGINT]
2023-06-17T12:01:27: PM2 log: App [myNextApp:12] starting in -cluster mode-
Error: EACCES: permission denied, open '/var/log/myNextApp/myNextApp-9.log'
2023-06-17T12:01:27: PM2 log: App [myNextApp:18] starting in -cluster mode-
2023-06-17T12:01:27: PM2 log: App [myNextApp:19] starting in -cluster mode-
2023-06-17T12:01:27: PM2 log: App [myNextApp:15] starting in -cluster mode-
2023-06-17T12:01:27: PM2 log: App [myNextApp:21] starting in -cluster mode-
Error: EACCES: permission denied, open '/var/log/myNextApp/myNextApp-10.log'
2023-06-17T12:01:27: PM2 log: App [myNextApp:8] starting in -cluster mode-
Error: EACCES: permission denied, open '/var/log/myNextApp/myNextApp-3.log'
2023-06-17T12:01:27: PM2 log: App [myNextApp:5] starting in -cluster mode-
Error: EACCES: permission denied, open '/var/log/myNextApp/myNextApp-1.log'
2023-06-17T12:01:27: PM2 log: App [myNextApp:23] starting in -cluster mode-
2023-06-17T12:01:27: PM2 log: App [myNextApp:2] starting in -cluster mode-
Error: EACCES: permission denied, open '/var/log/myNextApp/myNextApp-4.log'
Error: EACCES: permission denied, open '/var/log/myNextApp/myNextApp-11.log'
2023-06-17T12:01:27: PM2 log: App [myNextApp:16] starting in -cluster mode-
Error: EACCES: permission denied, open '/var/log/myNextApp/myNextApp-17.log'
Error: EACCES: permission denied, open '/var/log/myNextApp/myNextApp-14.log'
2023-06-17T12:01:27: PM2 log: App [myNextApp:6] starting in -cluster mode-
2023-06-17T12:01:27: PM2 log: App [myNextApp:0] starting in -cluster mode-
Error: EACCES: permission denied, open '/var/log/myNextApp/myNextApp-20.log'
2023-06-17T12:01:27: PM2 log: App [myNextApp:13] starting in -cluster mode-
Error: EACCES: permission denied, open '/var/log/myNextApp/myNextApp-7.log'
2023-06-17T12:01:27: PM2 log: App name:myNextApp id:13 disconnected
2023-06-17T12:01:27: PM2 log: App name:myNextApp id:9 disconnected
2023-06-17T12:01:27: PM2 log: App name:myNextApp id:0 disconnected
2023-06-17T12:01:27: PM2 log: App name:myNextApp id:22 disconnected
2023-06-17T12:01:27: PM2 log: App name:myNextApp id:17 disconnected
2023-06-17T12:01:27: PM2 log: App name:myNextApp id:1 disconnected
2023-06-17T12:01:27: PM2 log: App name:myNextApp id:3 disconnected
2023-06-17T12:01:27: PM2 log: App [myNextApp:10] online
2023-06-17T12:01:27: PM2 log: App name:myNextApp id:10 disconnected
2023-06-17T12:01:27: PM2 log: App [myNextApp:11] online
2023-06-17T12:01:27: PM2 log: App name:myNextApp id:11 disconnected
2023-06-17T12:01:27: PM2 log: App [myNextApp:14] online
2023-06-17T12:01:27: PM2 log: App name:myNextApp id:14 disconnected
2023-06-17T12:01:27: PM2 log: App [myNextApp:20] online
2023-06-17T12:01:28: PM2 log: App name:myNextApp id:20 disconnected
2023-06-17T12:01:28: PM2 log: App [myNextApp:4] online
2023-06-17T12:01:28: PM2 log: App name:myNextApp id:4 disconnected
2023-06-17T12:01:28: PM2 log: App [myNextApp:7] online
2023-06-17T12:01:28: PM2 log: App [myNextApp:12] online
2023-06-17T12:01:28: PM2 log: App [myNextApp:18] online
2023-06-17T12:01:28: PM2 log: App [myNextApp:19] online
2023-06-17T12:01:28: PM2 log: App [myNextApp:15] online
2023-06-17T12:01:28: PM2 log: App [myNextApp:21] online
2023-06-17T12:01:28: PM2 log: App [myNextApp:8] online
2023-06-17T12:01:28: PM2 log: App [myNextApp:5] online
2023-06-17T12:01:28: PM2 log: App [myNextApp:23] online
2023-06-17T12:01:28: PM2 log: App [myNextApp:2] online
2023-06-17T12:01:28: PM2 log: App [myNextApp:9] exited with code [1] via signal [SIGINT]
2023-06-17T12:01:28: PM2 log: App [myNextApp:17] exited with code [1] via signal [SIGINT]
2023-06-17T12:01:28: PM2 log: App [myNextApp:1] exited with code [1] via signal [SIGINT]
2023-06-17T12:01:28: PM2 log: App [myNextApp:3] exited with code [1] via signal [SIGINT]
2023-06-17T12:01:28: PM2 log: App [myNextApp:10] exited with code [1] via signal [SIGINT]
2023-06-17T12:01:28: PM2 log: App [myNextApp:11] exited with code [1] via signal [SIGINT]
2023-06-17T12:01:28: PM2 log: App [myNextApp:14] exited with code [1] via signal [SIGINT]
2023-06-17T12:01:28: PM2 log: App [myNextApp:20] exited with code [1] via signal [SIGINT]
2023-06-17T12:01:28: PM2 log: App [myNextApp:7] exited with code [1] via signal [SIGINT]
2023-06-17T12:01:28: PM2 log: App [myNextApp:4] exited with code [1] via signal [SIGINT]
2023-06-17T12:01:28: PM2 log: App [myNextApp:22] starting in -cluster mode-
2023-06-17T12:01:28: PM2 log: App [myNextApp:9] starting in -cluster mode-
Error: EACCES: permission denied, open '/var/log/myNextApp/myNextApp-19.log'
Error: EACCES: permission denied, open '/var/log/myNextApp/myNextApp-18.log'
Error: EACCES: permission denied, open '/var/log/myNextApp/myNextApp-12.log'
2023-06-17T12:01:28: PM2 log: App [myNextApp:17] starting in -cluster mode-
Error: EACCES: permission denied, open '/var/log/myNextApp/myNextApp-5.log'
2023-06-17T12:01:28: PM2 log: App [myNextApp:1] starting in -cluster mode-
Error: EACCES: permission denied, open '/var/log/myNextApp/myNextApp-21.log'
Error: EACCES: permission denied, open '/var/log/myNextApp/myNextApp-8.log'
2023-06-17T12:01:28: PM2 log: App [myNextApp:3] starting in -cluster mode-
Error: EACCES: permission denied, open '/var/log/myNextApp/myNextApp-15.log'
2023-06-17T12:01:28: PM2 log: App [myNextApp:10] starting in -cluster mode-
2023-06-17T12:01:28: PM2 log: App [myNextApp:11] starting in -cluster mode-
Error: EACCES: permission denied, open '/var/log/myNextApp/myNextApp-2.log'
2023-06-17T12:01:28: PM2 log: App [myNextApp:14] starting in -cluster mode-
Error: EACCES: permission denied, open '/var/log/myNextApp/myNextApp-23.log'
2023-06-17T12:01:28: PM2 log: App [myNextApp:20] starting in -cluster mode-
Error: EACCES: permission denied, open '/var/log/myNextApp/myNextApp-0.log'
2023-06-17T12:01:28: PM2 log: App [myNextApp:7] starting in -cluster mode-
2023-06-17T12:01:28: PM2 log: App [myNextApp:4] starting in -cluster mode-
Error: EACCES: permission denied, open '/var/log/myNextApp/myNextApp-6.log'
Error: EACCES: permission denied, open '/var/log/myNextApp/myNextApp-16.log'
Error: EACCES: permission denied, open '/var/log/myNextApp/myNextApp-13.log'
2023-06-17T12:01:28: PM2 log: App name:myNextApp id:7 disconnected
2023-06-17T12:01:28: PM2 log: App name:myNextApp id:12 disconnected
2023-06-17T12:01:28: PM2 log: App name:myNextApp id:18 disconnected
2023-06-17T12:01:28: PM2 log: App name:myNextApp id:19 disconnected
2023-06-17T12:01:28: PM2 log: App name:myNextApp id:15 disconnected
2023-06-17T12:01:28: PM2 log: App name:myNextApp id:21 disconnected
Error: EACCES: permission denied, open '/var/log/myNextApp/myNextApp-22.log'
2023-06-17T12:01:28: PM2 log: App name:myNextApp id:8 disconnected
2023-06-17T12:01:28: PM2 log: App name:myNextApp id:5 disconnected
2023-06-17T12:01:28: PM2 log: App name:myNextApp id:23 disconnected
2023-06-17T12:01:28: PM2 log: App name:myNextApp id:2 disconnected
2023-06-17T12:01:28: PM2 log: App [myNextApp:16] online
2023-06-17T12:01:28: PM2 log: App [myNextApp:0] online
2023-06-17T12:01:28: PM2 log: App name:myNextApp id:0 disconnected
2023-06-17T12:01:28: PM2 log: App [myNextApp:6] online
2023-06-17T12:01:28: PM2 log: App name:myNextApp id:6 disconnected
2023-06-17T12:01:28: PM2 log: App [myNextApp:13] online
2023-06-17T12:01:28: PM2 log: App [myNextApp:22] online
2023-06-17T12:01:28: PM2 log: App [myNextApp:9] online
2023-06-17T12:01:28: PM2 log: App [myNextApp:17] online
Error: EACCES: permission denied, open '/var/log/myNextApp/myNextApp-9.log'
2023-06-17T12:01:28: PM2 log: App [myNextApp:1] online
2023-06-17T12:01:28: PM2 log: App [myNextApp:3] online
2023-06-17T12:01:28: PM2 log: App [myNextApp:10] online
2023-06-17T12:01:28: PM2 log: App [myNextApp:11] online
2023-06-17T12:01:28: PM2 log: App [myNextApp:14] online
2023-06-17T12:01:28: PM2 log: App [myNextApp:12] exited with code [1] via signal [SIGINT]
Error: EACCES: permission denied, open '/var/log/myNextApp/myNextApp-17.log'
2023-06-17T12:01:28: PM2 log: App [myNextApp:18] exited with code [1] via signal [SIGINT]
2023-06-17T12:01:28: PM2 log: App [myNextApp:19] exited with code [1] via signal [SIGINT]
2023-06-17T12:01:28: PM2 log: App [myNextApp:15] exited with code [1] via signal [SIGINT]
2023-06-17T12:01:28: PM2 log: App [myNextApp:21] exited with code [1] via signal [SIGINT]
2023-06-17T12:01:28: PM2 log: App [myNextApp:8] exited with code [1] via signal [SIGINT]
Error: EACCES: permission denied, open '/var/log/myNextApp/myNextApp-11.log'
Error: EACCES: permission denied, open '/var/log/myNextApp/myNextApp-1.log'
2023-06-17T12:01:28: PM2 log: App [myNextApp:5] exited with code [1] via signal [SIGINT]
2023-06-17T12:01:28: PM2 log: App [myNextApp:23] exited with code [1] via signal [SIGINT]
2023-06-17T12:01:28: PM2 log: App [myNextApp:2] exited with code [1] via signal [SIGINT]
2023-06-17T12:01:28: PM2 log: App [myNextApp:16] exited with code [1] via signal [SIGINT]
2023-06-17T12:01:28: PM2 log: App [myNextApp:6] exited with code [1] via signal [SIGINT]
2023-06-17T12:01:28: PM2 log: App [myNextApp:0] exited with code [1] via signal [SIGINT]
2023-06-17T12:01:28: PM2 log: App [myNextApp:13] exited with code [1] via signal [SIGINT]
2023-06-17T12:01:28: PM2 log: App [myNextApp:22] exited with code [1] via signal [SIGINT]
2023-06-17T12:01:28: PM2 log: App [myNextApp:9] exited with code [1] via signal [SIGINT]
2023-06-17T12:01:28: PM2 log: App [myNextApp:17] exited with code [1] via signal [SIGINT]
2023-06-17T12:01:28: PM2 log: App [myNextApp:1] exited with code [1] via signal [SIGINT]
2023-06-17T12:01:28: PM2 log: App [myNextApp:11] exited with code [1] via signal [SIGINT]
2023-06-17T12:01:28: PM2 log: App [myNextApp:12] starting in -cluster mode-
Error: EACCES: permission denied, open '/var/log/myNextApp/myNextApp-3.log'
Error: EACCES: permission denied, open '/var/log/myNextApp/myNextApp-14.log'
Error: EACCES: permission denied, open '/var/log/myNextApp/myNextApp-10.log'
2023-06-17T12:01:28: PM2 log: App [myNextApp:18] starting in -cluster mode-
Error: EACCES: permission denied, open '/var/log/myNextApp/myNextApp-7.log'
2023-06-17T12:01:28: PM2 log: App [myNextApp:19] starting in -cluster mode-
2023-06-17T12:01:28: PM2 log: App [myNextApp:15] starting in -cluster mode-
Error: EACCES: permission denied, open '/var/log/myNextApp/myNextApp-4.log'
2023-06-17T12:01:28: PM2 log: App [myNextApp:21] starting in -cluster mode-
Error: EACCES: permission denied, open '/var/log/myNextApp/myNextApp-20.log'
2023-06-17T12:01:28: PM2 log: App [myNextApp:8] starting in -cluster mode-
2023-06-17T12:01:28: PM2 log: App [myNextApp:5] starting in -cluster mode-
2023-06-17T12:01:28: PM2 log: App [myNextApp:23] starting in -cluster mode-
2023-06-17T12:01:28: PM2 log: App [myNextApp:2] starting in -cluster mode-
2023-06-17T12:01:28: PM2 log: App [myNextApp:16] starting in -cluster mode-
2023-06-17T12:01:28: PM2 log: App [myNextApp:6] starting in -cluster mode-
2023-06-17T12:01:28: PM2 log: App [myNextApp:0] starting in -cluster mode-
2023-06-17T12:01:28: PM2 log: App [myNextApp:13] starting in -cluster mode-
2023-06-17T12:01:28: PM2 log: App [myNextApp:22] starting in -cluster mode-
2023-06-17T12:01:28: PM2 log: App [myNextApp:9] starting in -cluster mode-
Error: EACCES: permission denied, open '/var/log/myNextApp/myNextApp-12.log'
2023-06-17T12:01:28: PM2 log: App [myNextApp:17] starting in -cluster mode-
2023-06-17T12:01:28: PM2 log: App [myNextApp:1] starting in -cluster mode-
2023-06-17T12:01:28: PM2 log: App [myNextApp:11] starting in -cluster mode-
Error: EACCES: permission denied, open '/var/log/myNextApp/myNextApp-18.log'
2023-06-17T12:01:28: PM2 log: App name:myNextApp id:16 disconnected
2023-06-17T12:01:28: PM2 log: App name:myNextApp id:13 disconnected
2023-06-17T12:01:28: PM2 log: App name:myNextApp id:22 disconnected
2023-06-17T12:01:28: PM2 log: App name:myNextApp id:9 disconnected
2023-06-17T12:01:28: PM2 log: App name:myNextApp id:17 disconnected
2023-06-17T12:01:28: PM2 log: App name:myNextApp id:1 disconnected
2023-06-17T12:01:28: PM2 log: App name:myNextApp id:3 disconnected
2023-06-17T12:01:28: PM2 log: App name:myNextApp id:10 disconnected
2023-06-17T12:01:28: PM2 log: App name:myNextApp id:11 disconnected
Error: EACCES: permission denied, open '/var/log/myNextApp/myNextApp-19.log'
2023-06-17T12:01:28: PM2 log: App name:myNextApp id:14 disconnected
2023-06-17T12:01:28: PM2 log: App [myNextApp:7] online
Error: EACCES: permission denied, open '/var/log/myNextApp/myNextApp-8.log'
2023-06-17T12:01:28: PM2 log: App name:myNextApp id:7 disconnected
2023-06-17T12:01:28: PM2 log: App [myNextApp:20] online
2023-06-17T12:01:28: PM2 log: App name:myNextApp id:20 disconnected
2023-06-17T12:01:28: PM2 log: App [myNextApp:4] online
2023-06-17T12:01:28: PM2 log: App name:myNextApp id:4 disconnected
2023-06-17T12:01:28: PM2 log: App [myNextApp:12] online
2023-06-17T12:01:28: PM2 log: App name:myNextApp id:12 disconnected
2023-06-17T12:01:28: PM2 log: App [myNextApp:18] online
2023-06-17T12:01:28: PM2 log: App [myNextApp:19] online
2023-06-17T12:01:28: PM2 log: App [myNextApp:15] online
2023-06-17T12:01:28: PM2 log: App [myNextApp:21] online
2023-06-17T12:01:28: PM2 log: App [myNextApp:8] online
2023-06-17T12:01:28: PM2 log: App [myNextApp:5] online
2023-06-17T12:01:28: PM2 log: App [myNextApp:23] online
2023-06-17T12:01:28: PM2 log: App [myNextApp:2] online
2023-06-17T12:01:28: PM2 log: App [myNextApp:16] online
2023-06-17T12:01:28: PM2 log: App [myNextApp:6] online
2023-06-17T12:01:28: PM2 log: App [myNextApp:0] online
Error: EACCES: permission denied, open '/var/log/myNextApp/myNextApp-15.log'
2023-06-17T12:01:28: PM2 log: App [myNextApp:13] online
2023-06-17T12:01:28: PM2 log: App [myNextApp:22] online
2023-06-17T12:01:28: PM2 log: App [myNextApp:3] exited with code [1] via signal [SIGINT]
2023-06-17T12:01:28: PM2 log: App [myNextApp:10] exited with code [1] via signal [SIGINT]
2023-06-17T12:01:28: PM2 log: App [myNextApp:14] exited with code [1] via signal [SIGINT]
2023-06-17T12:01:28: PM2 log: App [myNextApp:20] exited with code [1] via signal [SIGINT]
2023-06-17T12:01:28: PM2 log: App [myNextApp:7] exited with code [1] via signal [SIGINT]
Error: EACCES: permission denied, open '/var/log/myNextApp/myNextApp-23.log'
2023-06-17T12:01:28: PM2 log: App [myNextApp:4] exited with code [1] via signal [SIGINT]
2023-06-17T12:01:28: PM2 log: App [myNextApp:12] exited with code [1] via signal [SIGINT]
2023-06-17T12:01:28: PM2 log: App [myNextApp:18] exited with code [1] via signal [SIGINT]
2023-06-17T12:01:29: PM2 log: App [myNextApp:19] exited with code [1] via signal [SIGINT]
2023-06-17T12:01:29: PM2 log: App [myNextApp:8] exited with code [1] via signal [SIGINT]
2023-06-17T12:01:29: PM2 log: App [myNextApp:15] exited with code [1] via signal [SIGINT]
2023-06-17T12:01:29: PM2 log: App [myNextApp:23] exited with code [1] via signal [SIGINT]
Error: EACCES: permission denied, open '/var/log/myNextApp/myNextApp-21.log'
2023-06-17T12:01:29: PM2 log: App [myNextApp:3] starting in -cluster mode-
2023-06-17T12:01:29: PM2 log: App [myNextApp:10] starting in -cluster mode-
Error: EACCES: permission denied, open '/var/log/myNextApp/myNextApp-5.log'
2023-06-17T12:01:29: PM2 log: App [myNextApp:14] starting in -cluster mode-
2023-06-17T12:01:29: PM2 log: App [myNextApp:20] starting in -cluster mode-
2023-06-17T12:01:29: PM2 log: App [myNextApp:7] starting in -cluster mode-
Error: EACCES: permission denied, open '/var/log/myNextApp/myNextApp-2.log'
2023-06-17T12:01:29: PM2 log: App [myNextApp:4] starting in -cluster mode-
Error: EACCES: permission denied, open '/var/log/myNextApp/myNextApp-16.log'
Error: EACCES: permission denied, open '/var/log/myNextApp/myNextApp-0.log'
2023-06-17T12:01:29: PM2 log: App [myNextApp:12] starting in -cluster mode-
Error: EACCES: permission denied, open '/var/log/myNextApp/myNextApp-6.log'
2023-06-17T12:01:29: PM2 log: App [myNextApp:18] starting in -cluster mode-
2023-06-17T12:01:29: PM2 log: App [myNextApp:19] starting in -cluster mode-
Error: EACCES: permission denied, open '/var/log/myNextApp/myNextApp-13.log'
Error: EACCES: permission denied, open '/var/log/myNextApp/myNextApp-22.log'
2023-06-17T12:01:29: PM2 log: App [myNextApp:8] starting in -cluster mode-
2023-06-17T12:01:29: PM2 log: App [myNextApp:15] starting in -cluster mode-
Error: EACCES: permission denied, open '/var/log/myNextApp/myNextApp-9.log'
2023-06-17T12:01:29: PM2 log: App [myNextApp:23] starting in -cluster mode-
Error: EACCES: permission denied, open '/var/log/myNextApp/myNextApp-17.log'
Error: EACCES: permission denied, open '/var/log/myNextApp/myNextApp-1.log'
Error: EACCES: permission denied, open '/var/log/myNextApp/myNextApp-11.log'
2023-06-17T12:01:29: PM2 log: App name:myNextApp id:18 disconnected
2023-06-17T12:01:29: PM2 log: App name:myNextApp id:19 disconnected
2023-06-17T12:01:29: PM2 log: App name:myNextApp id:15 disconnected
2023-06-17T12:01:29: PM2 log: App name:myNextApp id:21 disconnected
2023-06-17T12:01:29: PM2 log: App name:myNextApp id:8 disconnected
2023-06-17T12:01:29: PM2 log: App name:myNextApp id:5 disconnected
2023-06-17T12:01:29: PM2 log: App name:myNextApp id:23 disconnected
2023-06-17T12:01:29: PM2 log: App name:myNextApp id:2 disconnected
2023-06-17T12:01:29: PM2 log: App name:myNextApp id:16 disconnected
2023-06-17T12:01:29: PM2 log: App name:myNextApp id:6 disconnected
2023-06-17T12:01:29: PM2 log: App name:myNextApp id:0 disconnected
2023-06-17T12:01:29: PM2 log: App name:myNextApp id:13 disconnected
2023-06-17T12:01:29: PM2 log: App name:myNextApp id:22 disconnected
2023-06-17T12:01:29: PM2 log: App [myNextApp:9] online
2023-06-17T12:01:29: PM2 log: App name:myNextApp id:9 disconnected
2023-06-17T12:01:29: PM2 log: App [myNextApp:17] online
2023-06-17T12:01:29: PM2 log: App [myNextApp:1] online
2023-06-17T12:01:29: PM2 log: App [myNextApp:11] online
2023-06-17T12:01:29: PM2 log: App [myNextApp:3] online
2023-06-17T12:01:29: PM2 log: App [myNextApp:10] online
2023-06-17T12:01:29: PM2 log: App [myNextApp:14] online
2023-06-17T12:01:29: PM2 log: App [myNextApp:20] online
2023-06-17T12:01:29: PM2 log: App [myNextApp:7] online
2023-06-17T12:01:29: PM2 log: App [myNextApp:4] online
2023-06-17T12:01:29: PM2 log: App [myNextApp:12] online
2023-06-17T12:01:29: PM2 log: App [myNextApp:18] online
2023-06-17T12:01:29: PM2 log: App [myNextApp:21] exited with code [1] via signal [SIGINT]
2023-06-17T12:01:29: PM2 log: App [myNextApp:5] exited with code [1] via signal [SIGINT]
2023-06-17T12:01:29: PM2 log: App [myNextApp:2] exited with code [1] via signal [SIGINT]
2023-06-17T12:01:29: PM2 log: Script /opt/lidoma/lidoma-trip/node_modules/next/dist/bin/next had too many unstable restarts (16). Stopped. "errored"
2023-06-17T12:01:29: PM2 log: App [myNextApp:16] exited with code [1] via signal [SIGINT]
2023-06-17T12:01:29: PM2 log: App [myNextApp:6] exited with code [1] via signal [SIGINT]
2023-06-17T12:01:29: PM2 log: App [myNextApp:0] exited with code [1] via signal [SIGINT]
2023-06-17T12:01:29: PM2 log: Script /opt/lidoma/lidoma-trip/node_modules/next/dist/bin/next had too many unstable restarts (16). Stopped. "errored"
2023-06-17T12:01:29: PM2 log: App [myNextApp:13] exited with code [1] via signal [SIGINT]
2023-06-17T12:01:29: PM2 log: App [myNextApp:22] exited with code [1] via signal [SIGINT]
2023-06-17T12:01:29: PM2 log: App [myNextApp:9] exited with code [1] via signal [SIGINT]
2023-06-17T12:01:29: PM2 log: App [myNextApp:17] exited with code [1] via signal [SIGINT]
2023-06-17T12:01:29: PM2 log: App [myNextApp:1] exited with code [1] via signal [SIGINT]
2023-06-17T12:01:29: PM2 log: Script /opt/lidoma/lidoma-trip/node_modules/next/dist/bin/next had too many unstable restarts (16). Stopped. "errored"
2023-06-17T12:01:29: PM2 log: App [myNextApp:11] exited with code [1] via signal [SIGINT]
Error: EACCES: permission denied, open '/var/log/myNextApp/myNextApp-3.log'
2023-06-17T12:01:29: PM2 log: App [myNextApp:21] starting in -cluster mode-
Error: EACCES: permission denied, open '/var/log/myNextApp/myNextApp-10.log'
2023-06-17T12:01:29: PM2 log: App [myNextApp:5] starting in -cluster mode-
2023-06-17T12:01:29: PM2 log: App [myNextApp:16] starting in -cluster mode-
2023-06-17T12:01:29: PM2 log: App [myNextApp:6] starting in -cluster mode-
Error: EACCES: permission denied, open '/var/log/myNextApp/myNextApp-14.log'
2023-06-17T12:01:29: PM2 log: App [myNextApp:13] starting in -cluster mode-
2023-06-17T12:01:29: PM2 log: App [myNextApp:22] starting in -cluster mode-
Error: EACCES: permission denied, open '/var/log/myNextApp/myNextApp-20.log'
Error: EACCES: permission denied, open '/var/log/myNextApp/myNextApp-4.log'
Error: EACCES: permission denied, open '/var/log/myNextApp/myNextApp-7.log'
2023-06-17T12:01:29: PM2 log: App [myNextApp:9] starting in -cluster mode-
Error: EACCES: permission denied, open '/var/log/myNextApp/myNextApp-18.log'
2023-06-17T12:01:29: PM2 log: App [myNextApp:17] starting in -cluster mode-
2023-06-17T12:01:29: PM2 log: App [myNextApp:11] starting in -cluster mode-
Error: EACCES: permission denied, open '/var/log/myNextApp/myNextApp-8.log'
Error: EACCES: permission denied, open '/var/log/myNextApp/myNextApp-15.log'
Error: EACCES: permission denied, open '/var/log/myNextApp/myNextApp-12.log'
2023-06-17T12:01:29: PM2 log: App name:myNextApp id:17 disconnected
2023-06-17T12:01:29: PM2 log: App name:myNextApp id:1 disconnected
2023-06-17T12:01:29: PM2 log: App name:myNextApp id:11 disconnected
2023-06-17T12:01:29: PM2 log: App name:myNextApp id:3 disconnected
2023-06-17T12:01:29: PM2 log: App name:myNextApp id:10 disconnected
2023-06-17T12:01:29: PM2 log: App name:myNextApp id:14 disconnected
2023-06-17T12:01:29: PM2 log: App name:myNextApp id:20 disconnected
Error: EACCES: permission denied, open '/var/log/myNextApp/myNextApp-19.log'
2023-06-17T12:01:29: PM2 log: App name:myNextApp id:7 disconnected
2023-06-17T12:01:29: PM2 log: App name:myNextApp id:4 disconnected
2023-06-17T12:01:29: PM2 log: App name:myNextApp id:18 disconnected
2023-06-17T12:01:29: PM2 log: App [myNextApp:8] online
2023-06-17T12:01:29: PM2 log: App [myNextApp:19] online
2023-06-17T12:01:29: PM2 log: App [myNextApp:15] online
2023-06-17T12:01:29: PM2 log: App [myNextApp:23] online
2023-06-17T12:01:29: PM2 log: App [myNextApp:21] online
2023-06-17T12:01:29: PM2 log: App [myNextApp:5] online
2023-06-17T12:01:29: PM2 log: App [myNextApp:16] online
2023-06-17T12:01:29: PM2 log: App [myNextApp:6] online
2023-06-17T12:01:29: PM2 log: App [myNextApp:3] exited with code [1] via signal [SIGINT]
2023-06-17T12:01:29: PM2 log: Script /opt/lidoma/lidoma-trip/node_modules/next/dist/bin/next had too many unstable restarts (16). Stopped. "errored"
2023-06-17T12:01:29: PM2 log: App [myNextApp:10] exited with code [1] via signal [SIGINT]
2023-06-17T12:01:29: PM2 log: App [myNextApp:14] exited with code [1] via signal [SIGINT]
2023-06-17T12:01:29: PM2 log: App [myNextApp:20] exited with code [1] via signal [SIGINT]
2023-06-17T12:01:29: PM2 log: App [myNextApp:7] exited with code [1] via signal [SIGINT]
2023-06-17T12:01:29: PM2 log: App [myNextApp:4] exited with code [1] via signal [SIGINT]
2023-06-17T12:01:29: PM2 log: Script /opt/lidoma/lidoma-trip/node_modules/next/dist/bin/next had too many unstable restarts (16). Stopped. "errored"
2023-06-17T12:01:29: PM2 log: App [myNextApp:12] exited with code [1] via signal [SIGINT]
2023-06-17T12:01:29: PM2 log: App [myNextApp:18] exited with code [1] via signal [SIGINT]
2023-06-17T12:01:29: PM2 log: App [myNextApp:19] exited with code [1] via signal [SIGINT]
2023-06-17T12:01:29: PM2 log: App [myNextApp:8] exited with code [1] via signal [SIGINT]
2023-06-17T12:01:29: PM2 log: App [myNextApp:15] exited with code [1] via signal [SIGINT]
2023-06-17T12:01:29: PM2 log: App [myNextApp:10] starting in -cluster mode-
Error: EACCES: permission denied, open '/var/log/myNextApp/myNextApp-23.log'
2023-06-17T12:01:29: PM2 log: App [myNextApp:14] starting in -cluster mode-
2023-06-17T12:01:29: PM2 log: App [myNextApp:20] starting in -cluster mode-
2023-06-17T12:01:29: PM2 log: App [myNextApp:7] starting in -cluster mode-
2023-06-17T12:01:29: PM2 log: App [myNextApp:12] starting in -cluster mode-
Error: EACCES: permission denied, open '/var/log/myNextApp/myNextApp-21.log'
2023-06-17T12:01:29: PM2 log: App [myNextApp:18] starting in -cluster mode-
Error: EACCES: permission denied, open '/var/log/myNextApp/myNextApp-17.log'
Error: EACCES: permission denied, open '/var/log/myNextApp/myNextApp-22.log'
2023-06-17T12:01:29: PM2 log: App [myNextApp:19] starting in -cluster mode-
Error: EACCES: permission denied, open '/var/log/myNextApp/myNextApp-16.log'
Error: EACCES: permission denied, open '/var/log/myNextApp/myNextApp-13.log'
2023-06-17T12:01:29: PM2 log: App [myNextApp:8] starting in -cluster mode-
Error: EACCES: permission denied, open '/var/log/myNextApp/myNextApp-5.log'
Error: EACCES: permission denied, open '/var/log/myNextApp/myNextApp-6.log'
2023-06-17T12:01:29: PM2 log: App [myNextApp:15] starting in -cluster mode-
Error: EACCES: permission denied, open '/var/log/myNextApp/myNextApp-9.log'
Error: EACCES: permission denied, open '/var/log/myNextApp/myNextApp-11.log'
2023-06-17T12:01:29: PM2 log: App name:myNextApp id:12 disconnected
2023-06-17T12:01:29: PM2 log: App name:myNextApp id:8 disconnected
2023-06-17T12:01:29: PM2 log: App name:myNextApp id:19 disconnected
2023-06-17T12:01:29: PM2 log: App name:myNextApp id:15 disconnected
2023-06-17T12:01:29: PM2 log: App name:myNextApp id:23 disconnected
2023-06-17T12:01:29: PM2 log: App name:myNextApp id:21 disconnected
2023-06-17T12:01:29: PM2 log: App name:myNextApp id:5 disconnected
2023-06-17T12:01:29: PM2 log: App name:myNextApp id:16 disconnected
2023-06-17T12:01:29: PM2 log: App name:myNextApp id:6 disconnected
2023-06-17T12:01:29: PM2 log: App [myNextApp:13] online
2023-06-17T12:01:29: PM2 log: App name:myNextApp id:13 disconnected
2023-06-17T12:01:29: PM2 log: App [myNextApp:22] online
2023-06-17T12:01:29: PM2 log: App name:myNextApp id:22 disconnected
2023-06-17T12:01:29: PM2 log: App [myNextApp:17] online
2023-06-17T12:01:29: PM2 log: App name:myNextApp id:17 disconnected
2023-06-17T12:01:29: PM2 log: App [myNextApp:9] online
2023-06-17T12:01:29: PM2 log: App [myNextApp:11] online
2023-06-17T12:01:29: PM2 log: App [myNextApp:10] online
2023-06-17T12:01:29: PM2 log: App [myNextApp:14] online
2023-06-17T12:01:29: PM2 log: App [myNextApp:20] online
2023-06-17T12:01:29: PM2 log: App [myNextApp:7] online
2023-06-17T12:01:29: PM2 log: App [myNextApp:12] online
2023-06-17T12:01:29: PM2 log: App [myNextApp:18] online
2023-06-17T12:01:29: PM2 log: App [myNextApp:23] exited with code [1] via signal [SIGINT]
2023-06-17T12:01:29: PM2 log: App [myNextApp:21] exited with code [1] via signal [SIGINT]
2023-06-17T12:01:29: PM2 log: App [myNextApp:5] exited with code [1] via signal [SIGINT]
2023-06-17T12:01:29: PM2 log: Script /opt/lidoma/lidoma-trip/node_modules/next/dist/bin/next had too many unstable restarts (16). Stopped. "errored"
2023-06-17T12:01:29: PM2 log: App [myNextApp:16] exited with code [1] via signal [SIGINT]
2023-06-17T12:01:29: PM2 log: App [myNextApp:6] exited with code [1] via signal [SIGINT]
2023-06-17T12:01:29: PM2 log: Script /opt/lidoma/lidoma-trip/node_modules/next/dist/bin/next had too many unstable restarts (16). Stopped. "errored"
2023-06-17T12:01:29: PM2 log: App [myNextApp:13] exited with code [1] via signal [SIGINT]
2023-06-17T12:01:29: PM2 log: App [myNextApp:22] exited with code [1] via signal [SIGINT]
2023-06-17T12:01:29: PM2 log: App [myNextApp:9] exited with code [1] via signal [SIGINT]
2023-06-17T12:01:29: PM2 log: App [myNextApp:17] exited with code [1] via signal [SIGINT]
2023-06-17T12:01:29: PM2 log: App [myNextApp:11] exited with code [1] via signal [SIGINT]
2023-06-17T12:01:29: PM2 log: App [myNextApp:23] starting in -cluster mode-
2023-06-17T12:01:29: PM2 log: App [myNextApp:21] starting in -cluster mode-
Error: EACCES: permission denied, open '/var/log/myNextApp/myNextApp-10.log'
2023-06-17T12:01:29: PM2 log: App [myNextApp:16] starting in -cluster mode-
2023-06-17T12:01:29: PM2 log: App [myNextApp:13] starting in -cluster mode-
2023-06-17T12:01:30: PM2 log: App [myNextApp:22] starting in -cluster mode-
2023-06-17T12:01:30: PM2 log: App [myNextApp:9] starting in -cluster mode-
2023-06-17T12:01:30: PM2 log: App [myNextApp:17] starting in -cluster mode-
Error: EACCES: permission denied, open '/var/log/myNextApp/myNextApp-14.log'
Error: EACCES: permission denied, open '/var/log/myNextApp/myNextApp-7.log'
Error: EACCES: permission denied, open '/var/log/myNextApp/myNextApp-12.log'
Error: EACCES: permission denied, open '/var/log/myNextApp/myNextApp-20.log'
2023-06-17T12:01:30: PM2 log: App name:myNextApp id:9 disconnected
2023-06-17T12:01:30: PM2 log: App name:myNextApp id:11 disconnected
2023-06-17T12:01:30: PM2 log: App name:myNextApp id:10 disconnected
2023-06-17T12:01:30: PM2 log: App name:myNextApp id:14 disconnected
2023-06-17T12:01:30: PM2 log: App [myNextApp:19] online
2023-06-17T12:01:30: PM2 log: App [myNextApp:8] online
2023-06-17T12:01:30: PM2 log: App [myNextApp:15] online
Error: EACCES: permission denied, open '/var/log/myNextApp/myNextApp-18.log'
2023-06-17T12:01:30: PM2 log: App [myNextApp:21] online
2023-06-17T12:01:30: PM2 log: App [myNextApp:10] exited with code [1] via signal [SIGINT]
2023-06-17T12:01:30: PM2 log: App [myNextApp:14] exited with code [1] via signal [SIGINT]
2023-06-17T12:01:30: PM2 log: App [myNextApp:20] exited with code [1] via signal [SIGINT]
Error: EACCES: permission denied, open '/var/log/myNextApp/myNextApp-19.log'
2023-06-17T12:01:30: PM2 log: App [myNextApp:7] exited with code [1] via signal [SIGINT]
2023-06-17T12:01:30: PM2 log: Script /opt/lidoma/lidoma-trip/node_modules/next/dist/bin/next had too many unstable restarts (16). Stopped. "errored"
2023-06-17T12:01:30: PM2 log: App [myNextApp:12] exited with code [1] via signal [SIGINT]
2023-06-17T12:01:30: PM2 log: App [myNextApp:18] exited with code [1] via signal [SIGINT]
2023-06-17T12:01:30: PM2 log: App [myNextApp:19] exited with code [1] via signal [SIGINT]
2023-06-17T12:01:30: PM2 log: App [myNextApp:11] starting in -cluster mode-
2023-06-17T12:01:30: PM2 log: App [myNextApp:10] starting in -cluster mode-
2023-06-17T12:01:30: PM2 log: App [myNextApp:14] starting in -cluster mode-
2023-06-17T12:01:30: PM2 log: App [myNextApp:20] starting in -cluster mode-
Error: EACCES: permission denied, open '/var/log/myNextApp/myNextApp-8.log'
2023-06-17T12:01:30: PM2 log: App [myNextApp:12] starting in -cluster mode-
Error: EACCES: permission denied, open '/var/log/myNextApp/myNextApp-15.log'
2023-06-17T12:01:30: PM2 log: App [myNextApp:18] starting in -cluster mode-
2023-06-17T12:01:30: PM2 log: App [myNextApp:19] starting in -cluster mode-
Error: EACCES: permission denied, open '/var/log/myNextApp/myNextApp-23.log'
2023-06-17T12:01:30: PM2 log: App name:myNextApp id:20 disconnected
2023-06-17T12:01:30: PM2 log: App name:myNextApp id:7 disconnected
2023-06-17T12:01:30: PM2 log: App name:myNextApp id:12 disconnected
Error: EACCES: permission denied, open '/var/log/myNextApp/myNextApp-16.log'
2023-06-17T12:01:30: PM2 log: App name:myNextApp id:19 disconnected
2023-06-17T12:01:30: PM2 log: App name:myNextApp id:8 disconnected
2023-06-17T12:01:30: PM2 log: App name:myNextApp id:15 disconnected
2023-06-17T12:01:30: PM2 log: App [myNextApp:23] online
2023-06-17T12:01:30: PM2 log: App name:myNextApp id:23 disconnected
2023-06-17T12:01:30: PM2 log: App [myNextApp:16] online
2023-06-17T12:01:30: PM2 log: App [myNextApp:13] online
2023-06-17T12:01:30: PM2 log: App [myNextApp:22] online
2023-06-17T12:01:30: PM2 log: App name:myNextApp id:18 disconnected
2023-06-17T12:01:30: PM2 log: App [myNextApp:9] online
2023-06-17T12:01:30: PM2 log: App [myNextApp:17] online
2023-06-17T12:01:30: PM2 log: App [myNextApp:11] online
2023-06-17T12:01:30: PM2 log: App [myNextApp:10] online
2023-06-17T12:01:30: PM2 log: App [myNextApp:14] online
2023-06-17T12:01:30: PM2 log: App [myNextApp:8] exited with code [1] via signal [SIGINT]
2023-06-17T12:01:30: PM2 log: Script /opt/lidoma/lidoma-trip/node_modules/next/dist/bin/next had too many unstable restarts (16). Stopped. "errored"
Error: EACCES: permission denied, open '/var/log/myNextApp/myNextApp-13.log'
2023-06-17T12:01:30: PM2 log: App [myNextApp:15] exited with code [1] via signal [SIGINT]
2023-06-17T12:01:30: PM2 log: App [myNextApp:23] exited with code [1] via signal [SIGINT]
2023-06-17T12:01:30: PM2 log: App [myNextApp:16] exited with code [1] via signal [SIGINT]
2023-06-17T12:01:30: PM2 log: App [myNextApp:15] starting in -cluster mode-
Error: EACCES: permission denied, open '/var/log/myNextApp/myNextApp-17.log'
2023-06-17T12:01:30: PM2 log: App [myNextApp:23] starting in -cluster mode-
Error: EACCES: permission denied, open '/var/log/myNextApp/myNextApp-21.log'
2023-06-17T12:01:30: PM2 log: App [myNextApp:16] starting in -cluster mode-
2023-06-17T12:01:30: PM2 log: App name:myNextApp id:16 disconnected
Error: EACCES: permission denied, open '/var/log/myNextApp/myNextApp-9.log'
2023-06-17T12:01:30: PM2 log: App name:myNextApp id:13 disconnected
2023-06-17T12:01:30: PM2 log: App name:myNextApp id:17 disconnected
2023-06-17T12:01:30: PM2 log: App name:myNextApp id:21 disconnected
2023-06-17T12:01:30: PM2 log: App [myNextApp:12] online
2023-06-17T12:01:30: PM2 log: App [myNextApp:20] online
2023-06-17T12:01:30: PM2 log: App [myNextApp:18] online
2023-06-17T12:01:30: PM2 log: App [myNextApp:19] online
2023-06-17T12:01:30: PM2 log: App [myNextApp:21] exited with code [1] via signal [SIGINT]
2023-06-17T12:01:30: PM2 log: App [myNextApp:13] exited with code [1] via signal [SIGINT]
2023-06-17T12:01:30: PM2 log: App [myNextApp:9] exited with code [1] via signal [SIGINT]
2023-06-17T12:01:30: PM2 log: Script /opt/lidoma/lidoma-trip/node_modules/next/dist/bin/next had too many unstable restarts (16). Stopped. "errored"
2023-06-17T12:01:30: PM2 log: App [myNextApp:17] exited with code [1] via signal [SIGINT]
2023-06-17T12:01:30: PM2 log: App [myNextApp:21] starting in -cluster mode-
Error: EACCES: permission denied, open '/var/log/myNextApp/myNextApp-22.log'
2023-06-17T12:01:30: PM2 log: App [myNextApp:13] starting in -cluster mode-
2023-06-17T12:01:30: PM2 log: App name:myNextApp id:22 disconnected
2023-06-17T12:01:30: PM2 log: App name:myNextApp id:9 disconnected
2023-06-17T12:01:30: PM2 log: App [myNextApp:15] online
2023-06-17T12:01:30: PM2 log: App [myNextApp:22] exited with code [1] via signal [SIGINT]
2023-06-17T12:01:30: PM2 log: App [myNextApp:17] starting in -cluster mode-
2023-06-17T12:01:30: PM2 log: App [myNextApp:22] starting in -cluster mode-
Error: EACCES: permission denied, open '/var/log/myNextApp/myNextApp-11.log'
Error: EACCES: permission denied, open '/var/log/myNextApp/myNextApp-14.log'
2023-06-17T12:01:30: PM2 log: App [myNextApp:23] online
2023-06-17T12:01:30: PM2 log: App [myNextApp:16] online
Error: EACCES: permission denied, open '/var/log/myNextApp/myNextApp-10.log'
Error: EACCES: permission denied, open '/var/log/myNextApp/myNextApp-18.log'
2023-06-17T12:01:30: PM2 log: App [myNextApp:21] online
2023-06-17T12:01:30: PM2 log: App [myNextApp:11] exited with code [1] via signal [SIGINT]
2023-06-17T12:01:30: PM2 log: Script /opt/lidoma/lidoma-trip/node_modules/next/dist/bin/next had too many unstable restarts (16). Stopped. "errored"
2023-06-17T12:01:30: PM2 log: App [myNextApp:10] exited with code [1] via signal [SIGINT]
2023-06-17T12:01:30: PM2 log: Script /opt/lidoma/lidoma-trip/node_modules/next/dist/bin/next had too many unstable restarts (16). Stopped. "errored"
Error: EACCES: permission denied, open '/var/log/myNextApp/myNextApp-20.log'
2023-06-17T12:01:30: PM2 log: App [myNextApp:14] exited with code [1] via signal [SIGINT]
2023-06-17T12:01:30: PM2 log: App [myNextApp:18] exited with code [1] via signal [SIGINT]
2023-06-17T12:01:30: PM2 log: App [myNextApp:14] starting in -cluster mode-
2023-06-17T12:01:30: PM2 log: App [myNextApp:18] starting in -cluster mode-
Error: EACCES: permission denied, open '/var/log/myNextApp/myNextApp-12.log'
2023-06-17T12:01:30: PM2 log: App name:myNextApp id:11 disconnected
2023-06-17T12:01:30: PM2 log: App name:myNextApp id:14 disconnected
2023-06-17T12:01:30: PM2 log: App name:myNextApp id:10 disconnected
2023-06-17T12:01:30: PM2 log: App name:myNextApp id:18 disconnected
2023-06-17T12:01:30: PM2 log: App [myNextApp:13] online
2023-06-17T12:01:30: PM2 log: App name:myNextApp id:20 disconnected
2023-06-17T12:01:30: PM2 log: App name:myNextApp id:12 disconnected
2023-06-17T12:01:30: PM2 log: App [myNextApp:17] online
2023-06-17T12:01:30: PM2 log: App [myNextApp:22] online
2023-06-17T12:01:30: PM2 log: App [myNextApp:20] exited with code [1] via signal [SIGINT]
2023-06-17T12:01:30: PM2 log: App [myNextApp:12] exited with code [1] via signal [SIGINT]
2023-06-17T12:01:30: PM2 log: Script /opt/lidoma/lidoma-trip/node_modules/next/dist/bin/next had too many unstable restarts (16). Stopped. "errored"
2023-06-17T12:01:30: PM2 log: App [myNextApp:20] starting in -cluster mode-
Error: EACCES: permission denied, open '/var/log/myNextApp/myNextApp-19.log'
2023-06-17T12:01:30: PM2 log: App [myNextApp:14] online
2023-06-17T12:01:30: PM2 log: App [myNextApp:19] exited with code [1] via signal [SIGINT]
2023-06-17T12:01:30: PM2 log: App name:myNextApp id:19 disconnected
2023-06-17T12:01:30: PM2 log: App [myNextApp:19] starting in -cluster mode-
Error: EACCES: permission denied, open '/var/log/myNextApp/myNextApp-16.log'
2023-06-17T12:01:30: PM2 log: App [myNextApp:18] online
Error: EACCES: permission denied, open '/var/log/myNextApp/myNextApp-15.log'
2023-06-17T12:01:30: PM2 log: App name:myNextApp id:16 disconnected
2023-06-17T12:01:30: PM2 log: App [myNextApp:15] exited with code [1] via signal [SIGINT]
2023-06-17T12:01:30: PM2 log: App [myNextApp:16] exited with code [1] via signal [SIGINT]
2023-06-17T12:01:30: PM2 log: App [myNextApp:15] starting in -cluster mode-
2023-06-17T12:01:30: PM2 log: App [myNextApp:16] starting in -cluster mode-
Error: EACCES: permission denied, open '/var/log/myNextApp/myNextApp-23.log'
2023-06-17T12:01:30: PM2 log: App name:myNextApp id:15 disconnected
2023-06-17T12:01:30: PM2 log: App [myNextApp:20] online
2023-06-17T12:01:30: PM2 log: App name:myNextApp id:23 disconnected
2023-06-17T12:01:30: PM2 log: App [myNextApp:19] online
2023-06-17T12:01:30: PM2 log: App [myNextApp:23] exited with code [1] via signal [SIGINT]
2023-06-17T12:01:30: PM2 log: App [myNextApp:23] starting in -cluster mode-
Error: EACCES: permission denied, open '/var/log/myNextApp/myNextApp-17.log'
Error: EACCES: permission denied, open '/var/log/myNextApp/myNextApp-13.log'
2023-06-17T12:01:30: PM2 log: App name:myNextApp id:17 disconnected
Error: EACCES: permission denied, open '/var/log/myNextApp/myNextApp-21.log'
2023-06-17T12:01:30: PM2 log: App [myNextApp:17] exited with code [1] via signal [SIGINT]
2023-06-17T12:01:30: PM2 log: App [myNextApp:15] online
2023-06-17T12:01:30: PM2 log: App [myNextApp:16] online
2023-06-17T12:01:30: PM2 log: App name:myNextApp id:13 disconnected
2023-06-17T12:01:30: PM2 log: App [myNextApp:21] exited with code [1] via signal [SIGINT]
2023-06-17T12:01:30: PM2 log: App [myNextApp:13] exited with code [1] via signal [SIGINT]
2023-06-17T12:01:30: PM2 log: Script /opt/lidoma/lidoma-trip/node_modules/next/dist/bin/next had too many unstable restarts (16). Stopped. "errored"
2023-06-17T12:01:30: PM2 log: App [myNextApp:17] starting in -cluster mode-
2023-06-17T12:01:30: PM2 log: App [myNextApp:21] starting in -cluster mode-
2023-06-17T12:01:30: PM2 log: App name:myNextApp id:21 disconnected
Error: EACCES: permission denied, open '/var/log/myNextApp/myNextApp-22.log'
2023-06-17T12:01:30: PM2 log: App [myNextApp:23] online
2023-06-17T12:01:30: PM2 log: App name:myNextApp id:22 disconnected
2023-06-17T12:01:30: PM2 log: App [myNextApp:22] exited with code [1] via signal [SIGINT]
2023-06-17T12:01:30: PM2 log: App [myNextApp:22] starting in -cluster mode-
Error: EACCES: permission denied, open '/var/log/myNextApp/myNextApp-14.log'
2023-06-17T12:01:30: PM2 log: App [myNextApp:21] online
2023-06-17T12:01:30: PM2 log: App [myNextApp:17] online
2023-06-17T12:01:30: PM2 log: App name:myNextApp id:14 disconnected
2023-06-17T12:01:30: PM2 log: App [myNextApp:14] exited with code [1] via signal [SIGINT]
2023-06-17T12:01:30: PM2 log: Script /opt/lidoma/lidoma-trip/node_modules/next/dist/bin/next had too many unstable restarts (16). Stopped. "errored"
Error: EACCES: permission denied, open '/var/log/myNextApp/myNextApp-20.log'
Error: EACCES: permission denied, open '/var/log/myNextApp/myNextApp-18.log'
2023-06-17T12:01:30: PM2 log: App name:myNextApp id:20 disconnected
2023-06-17T12:01:30: PM2 log: App name:myNextApp id:18 disconnected
2023-06-17T12:01:30: PM2 log: App [myNextApp:22] online
2023-06-17T12:01:30: PM2 log: App [myNextApp:18] exited with code [1] via signal [SIGINT]
2023-06-17T12:01:30: PM2 log: App [myNextApp:20] exited with code [1] via signal [SIGINT]
2023-06-17T12:01:30: PM2 log: App [myNextApp:18] starting in -cluster mode-
2023-06-17T12:01:31: PM2 log: App [myNextApp:20] starting in -cluster mode-
Error: EACCES: permission denied, open '/var/log/myNextApp/myNextApp-19.log'
2023-06-17T12:01:31: PM2 log: App name:myNextApp id:19 disconnected
2023-06-17T12:01:31: PM2 log: App [myNextApp:19] exited with code [1] via signal [SIGINT]
Error: EACCES: permission denied, open '/var/log/myNextApp/myNextApp-16.log'
Error: EACCES: permission denied, open '/var/log/myNextApp/myNextApp-15.log'
Error: EACCES: permission denied, open '/var/log/myNextApp/myNextApp-23.log'
2023-06-17T12:01:31: PM2 log: App [myNextApp:19] starting in -cluster mode-
Error: EACCES: permission denied, open '/var/log/myNextApp/myNextApp-21.log'
2023-06-17T12:01:31: PM2 log: App name:myNextApp id:15 disconnected
2023-06-17T12:01:31: PM2 log: App name:myNextApp id:16 disconnected
2023-06-17T12:01:31: PM2 log: App name:myNextApp id:23 disconnected
2023-06-17T12:01:31: PM2 log: App [myNextApp:20] online
2023-06-17T12:01:31: PM2 log: App [myNextApp:15] exited with code [1] via signal [SIGINT]
2023-06-17T12:01:31: PM2 log: Script /opt/lidoma/lidoma-trip/node_modules/next/dist/bin/next had too many unstable restarts (16). Stopped. "errored"
2023-06-17T12:01:31: PM2 log: App [myNextApp:16] exited with code [1] via signal [SIGINT]
2023-06-17T12:01:31: PM2 log: Script /opt/lidoma/lidoma-trip/node_modules/next/dist/bin/next had too many unstable restarts (16). Stopped. "errored"
2023-06-17T12:01:31: PM2 log: App [myNextApp:23] exited with code [1] via signal [SIGINT]
2023-06-17T12:01:31: PM2 log: App [myNextApp:21] exited with code [1] via signal [SIGINT]
2023-06-17T12:01:31: PM2 log: App [myNextApp:23] starting in -cluster mode-
2023-06-17T12:01:31: PM2 log: App name:myNextApp id:21 disconnected
Error: EACCES: permission denied, open '/var/log/myNextApp/myNextApp-17.log'
2023-06-17T12:01:31: PM2 log: App [myNextApp:18] online
2023-06-17T12:01:31: PM2 log: App [myNextApp:21] starting in -cluster mode-
2023-06-17T12:01:31: PM2 log: App name:myNextApp id:17 disconnected
2023-06-17T12:01:31: PM2 log: App [myNextApp:19] online
2023-06-17T12:01:31: PM2 log: App [myNextApp:17] exited with code [1] via signal [SIGINT]
2023-06-17T12:01:31: PM2 log: Script /opt/lidoma/lidoma-trip/node_modules/next/dist/bin/next had too many unstable restarts (16). Stopped. "errored"
Error: EACCES: permission denied, open '/var/log/myNextApp/myNextApp-22.log'
2023-06-17T12:01:31: PM2 log: App name:myNextApp id:22 disconnected
2023-06-17T12:01:31: PM2 log: App [myNextApp:23] online
2023-06-17T12:01:31: PM2 log: App [myNextApp:21] online
2023-06-17T12:01:31: PM2 log: App [myNextApp:22] exited with code [1] via signal [SIGINT]
2023-06-17T12:01:31: PM2 log: App [myNextApp:22] starting in -cluster mode-
2023-06-17T12:01:31: PM2 log: App [myNextApp:22] online
Error: EACCES: permission denied, open '/var/log/myNextApp/myNextApp-19.log'
2023-06-17T12:01:31: PM2 log: App name:myNextApp id:19 disconnected
Error: EACCES: permission denied, open '/var/log/myNextApp/myNextApp-18.log'
2023-06-17T12:01:31: PM2 log: App [myNextApp:19] exited with code [1] via signal [SIGINT]
Error: EACCES: permission denied, open '/var/log/myNextApp/myNextApp-20.log'
2023-06-17T12:01:31: PM2 log: App [myNextApp:19] starting in -cluster mode-
Error: EACCES: permission denied, open '/var/log/myNextApp/myNextApp-23.log'
Error: EACCES: permission denied, open '/var/log/myNextApp/myNextApp-21.log'
2023-06-17T12:01:31: PM2 log: App name:myNextApp id:18 disconnected
2023-06-17T12:01:31: PM2 log: App name:myNextApp id:20 disconnected
2023-06-17T12:01:31: PM2 log: App [myNextApp:18] exited with code [1] via signal [SIGINT]
2023-06-17T12:01:31: PM2 log: App [myNextApp:20] exited with code [1] via signal [SIGINT]
2023-06-17T12:01:31: PM2 log: App [myNextApp:23] exited with code [1] via signal [SIGINT]
2023-06-17T12:01:31: PM2 log: App [myNextApp:21] exited with code [1] via signal [SIGINT]
2023-06-17T12:01:31: PM2 log: App [myNextApp:18] starting in -cluster mode-
2023-06-17T12:01:31: PM2 log: App [myNextApp:20] starting in -cluster mode-
2023-06-17T12:01:31: PM2 log: App [myNextApp:23] starting in -cluster mode-
2023-06-17T12:01:31: PM2 log: App name:myNextApp id:23 disconnected
2023-06-17T12:01:31: PM2 log: App name:myNextApp id:21 disconnected
2023-06-17T12:01:31: PM2 log: App [myNextApp:19] online
2023-06-17T12:01:31: PM2 log: App [myNextApp:21] starting in -cluster mode-
2023-06-17T12:01:31: PM2 log: App [myNextApp:18] online
2023-06-17T12:01:31: PM2 log: App [myNextApp:20] online
Error: EACCES: permission denied, open '/var/log/myNextApp/myNextApp-22.log'
2023-06-17T12:01:31: PM2 log: App [myNextApp:23] online
2023-06-17T12:01:31: PM2 log: App name:myNextApp id:22 disconnected
2023-06-17T12:01:31: PM2 log: App [myNextApp:22] exited with code [1] via signal [SIGINT]
2023-06-17T12:01:31: PM2 log: App [myNextApp:22] starting in -cluster mode-
Error: EACCES: permission denied, open '/var/log/myNextApp/myNextApp-19.log'
2023-06-17T12:01:31: PM2 log: App [myNextApp:21] online
2023-06-17T12:01:31: PM2 log: App name:myNextApp id:19 disconnected
2023-06-17T12:01:31: PM2 log: App [myNextApp:22] online
2023-06-17T12:01:31: PM2 log: App [myNextApp:19] exited with code [1] via signal [SIGINT]
2023-06-17T12:01:31: PM2 log: Script /opt/lidoma/lidoma-trip/node_modules/next/dist/bin/next had too many unstable restarts (16). Stopped. "errored"
Error: EACCES: permission denied, open '/var/log/myNextApp/myNextApp-20.log'
2023-06-17T12:01:31: PM2 log: App name:myNextApp id:20 disconnected
2023-06-17T12:01:31: PM2 log: App [myNextApp:20] exited with code [1] via signal [SIGINT]
Error: EACCES: permission denied, open '/var/log/myNextApp/myNextApp-23.log'
Error: EACCES: permission denied, open '/var/log/myNextApp/myNextApp-18.log'
2023-06-17T12:01:31: PM2 log: App [myNextApp:20] starting in -cluster mode-
2023-06-17T12:01:31: PM2 log: App name:myNextApp id:23 disconnected
2023-06-17T12:01:31: PM2 log: App name:myNextApp id:18 disconnected
2023-06-17T12:01:31: PM2 log: App [myNextApp:18] exited with code [1] via signal [SIGINT]
2023-06-17T12:01:31: PM2 log: Script /opt/lidoma/lidoma-trip/node_modules/next/dist/bin/next had too many unstable restarts (16). Stopped. "errored"
2023-06-17T12:01:31: PM2 log: App [myNextApp:23] exited with code [1] via signal [SIGINT]
2023-06-17T12:01:31: PM2 log: App [myNextApp:23] starting in -cluster mode-
Error: EACCES: permission denied, open '/var/log/myNextApp/myNextApp-21.log'
2023-06-17T12:01:31: PM2 log: App name:myNextApp id:21 disconnected
2023-06-17T12:01:31: PM2 log: App [myNextApp:21] exited with code [1] via signal [SIGINT]
2023-06-17T12:01:31: PM2 log: App [myNextApp:21] starting in -cluster mode-
Error: EACCES: permission denied, open '/var/log/myNextApp/myNextApp-22.log'
2023-06-17T12:01:31: PM2 log: App [myNextApp:20] online
2023-06-17T12:01:31: PM2 log: App name:myNextApp id:22 disconnected
2023-06-17T12:01:31: PM2 log: App [myNextApp:23] online
2023-06-17T12:01:31: PM2 log: App [myNextApp:22] exited with code [1] via signal [SIGINT]
2023-06-17T12:01:31: PM2 log: App [myNextApp:22] starting in -cluster mode-
2023-06-17T12:01:31: PM2 log: App [myNextApp:21] online
2023-06-17T12:01:32: PM2 log: App [myNextApp:22] online
Error: EACCES: permission denied, open '/var/log/myNextApp/myNextApp-20.log'
Error: EACCES: permission denied, open '/var/log/myNextApp/myNextApp-23.log'
Error: EACCES: permission denied, open '/var/log/myNextApp/myNextApp-21.log'
2023-06-17T12:01:32: PM2 log: App name:myNextApp id:20 disconnected
2023-06-17T12:01:32: PM2 log: App [myNextApp:20] exited with code [1] via signal [SIGINT]
2023-06-17T12:01:32: PM2 log: Script /opt/lidoma/lidoma-trip/node_modules/next/dist/bin/next had too many unstable restarts (16). Stopped. "errored"
2023-06-17T12:01:32: PM2 log: App [myNextApp:23] exited with code [1] via signal [SIGINT]
2023-06-17T12:01:32: PM2 log: App [myNextApp:21] exited with code [1] via signal [SIGINT]
2023-06-17T12:01:32: PM2 log: Script /opt/lidoma/lidoma-trip/node_modules/next/dist/bin/next had too many unstable restarts (16). Stopped. "errored"
2023-06-17T12:01:32: PM2 log: App [myNextApp:23] starting in -cluster mode-
Error: EACCES: permission denied, open '/var/log/myNextApp/myNextApp-22.log'
2023-06-17T12:01:32: PM2 log: App name:myNextApp id:23 disconnected
2023-06-17T12:01:32: PM2 log: App name:myNextApp id:21 disconnected
2023-06-17T12:01:32: PM2 log: App [myNextApp:22] exited with code [1] via signal [SIGINT]
2023-06-17T12:01:32: PM2 log: Script /opt/lidoma/lidoma-trip/node_modules/next/dist/bin/next had too many unstable restarts (16). Stopped. "errored"
2023-06-17T12:01:32: PM2 log: App name:myNextApp id:22 disconnected
2023-06-17T12:01:32: PM2 log: App [myNextApp:23] online
Error: EACCES: permission denied, open '/var/log/myNextApp/myNextApp-23.log'
2023-06-17T12:01:32: PM2 log: App name:myNextApp id:23 disconnected
2023-06-17T12:01:32: PM2 log: App [myNextApp:23] exited with code [1] via signal [SIGINT]
2023-06-17T12:01:32: PM2 log: Script /opt/lidoma/lidoma-trip/node_modules/next/dist/bin/next had too many unstable restarts (16). Stopped. "errored"
2023-06-17T12:01:34: PM2 error: Cancelling versioning data parsing
2023-06-17T12:01:34: PM2 error: Cancelling versioning data parsing
2023-06-17T12:01:34: PM2 error: Cancelling versioning data parsing
2023-06-17T12:01:34: PM2 error: Cancelling versioning data parsing
2023-06-17T12:01:34: PM2 error: Cancelling versioning data parsing
2023-06-17T12:01:34: PM2 error: Cancelling versioning data parsing
2023-06-17T12:01:34: PM2 error: Cancelling versioning data parsing
2023-06-17T12:01:34: PM2 error: Cancelling versioning data parsing
2023-06-17T12:01:34: PM2 error: Cancelling versioning data parsing
2023-06-17T12:01:34: PM2 error: Cancelling versioning data parsing
2023-06-17T12:01:34: PM2 error: Cancelling versioning data parsing
2023-06-17T12:01:34: PM2 error: Cancelling versioning data parsing
2023-06-17T12:01:34: PM2 error: Cancelling versioning data parsing
2023-06-17T12:01:34: PM2 error: Cancelling versioning data parsing
2023-06-17T12:01:34: PM2 error: Cancelling versioning data parsing
2023-06-17T12:01:34: PM2 error: Cancelling versioning data parsing
2023-06-17T12:01:34: PM2 error: Cancelling versioning data parsing
2023-06-17T12:01:34: PM2 error: Cancelling versioning data parsing
2023-06-17T12:01:34: PM2 error: Cancelling versioning data parsing
2023-06-17T12:01:34: PM2 error: Cancelling versioning data parsing
2023-06-17T12:01:34: PM2 error: Cancelling versioning data parsing
2023-06-17T12:01:34: PM2 error: Cancelling versioning data parsing
2023-06-17T12:01:34: PM2 error: Cancelling versioning data parsing
2023-06-17T12:01:34: PM2 error: Cancelling versioning data parsing
2023-06-17T12:01:34: PM2 error: Cancelling versioning data parsing
2023-06-17T12:01:42: PM2 log: [Watch] Stop watching myNextApp
2023-06-17T12:01:42: PM2 log: Stopping app:myNextApp id:0
2023-06-17T12:01:42: PM2 error: app=myNextApp id=0 does not have a pid
2023-06-17T12:01:42: PM2 log: [Watch] Stop watching myNextApp
2023-06-17T12:01:42: PM2 log: Stopping app:myNextApp id:1
2023-06-17T12:01:42: PM2 error: app=myNextApp id=1 does not have a pid
2023-06-17T12:01:42: PM2 log: [Watch] Stop watching myNextApp
2023-06-17T12:01:42: PM2 log: Stopping app:myNextApp id:2
2023-06-17T12:01:42: PM2 error: app=myNextApp id=2 does not have a pid
2023-06-17T12:01:42: PM2 log: [Watch] Stop watching myNextApp
2023-06-17T12:01:42: PM2 log: Stopping app:myNextApp id:3
2023-06-17T12:01:42: PM2 error: app=myNextApp id=3 does not have a pid
2023-06-17T12:01:42: PM2 log: [Watch] Stop watching myNextApp
2023-06-17T12:01:42: PM2 log: Stopping app:myNextApp id:4
2023-06-17T12:01:42: PM2 error: app=myNextApp id=4 does not have a pid
2023-06-17T12:01:42: PM2 log: [Watch] Stop watching myNextApp
2023-06-17T12:01:42: PM2 log: Stopping app:myNextApp id:5
2023-06-17T12:01:42: PM2 error: app=myNextApp id=5 does not have a pid
2023-06-17T12:01:42: PM2 log: [Watch] Stop watching myNextApp
2023-06-17T12:01:42: PM2 log: Stopping app:myNextApp id:6
2023-06-17T12:01:42: PM2 error: app=myNextApp id=6 does not have a pid
2023-06-17T12:01:42: PM2 log: [Watch] Stop watching myNextApp
2023-06-17T12:01:42: PM2 log: Stopping app:myNextApp id:7
2023-06-17T12:01:42: PM2 error: app=myNextApp id=7 does not have a pid
2023-06-17T12:01:42: PM2 log: [Watch] Stop watching myNextApp
2023-06-17T12:01:42: PM2 log: Stopping app:myNextApp id:8
2023-06-17T12:01:42: PM2 error: app=myNextApp id=8 does not have a pid
2023-06-17T12:01:42: PM2 log: [Watch] Stop watching myNextApp
2023-06-17T12:01:42: PM2 log: Stopping app:myNextApp id:9
2023-06-17T12:01:42: PM2 error: app=myNextApp id=9 does not have a pid
2023-06-17T12:01:42: PM2 log: [Watch] Stop watching myNextApp
2023-06-17T12:01:42: PM2 log: Stopping app:myNextApp id:10
2023-06-17T12:01:42: PM2 error: app=myNextApp id=10 does not have a pid
2023-06-17T12:01:42: PM2 log: [Watch] Stop watching myNextApp
2023-06-17T12:01:42: PM2 log: Stopping app:myNextApp id:11
2023-06-17T12:01:42: PM2 error: app=myNextApp id=11 does not have a pid
2023-06-17T12:01:42: PM2 log: [Watch] Stop watching myNextApp
2023-06-17T12:01:42: PM2 log: Stopping app:myNextApp id:12
2023-06-17T12:01:42: PM2 error: app=myNextApp id=12 does not have a pid
2023-06-17T12:01:42: PM2 log: [Watch] Stop watching myNextApp
2023-06-17T12:01:42: PM2 log: Stopping app:myNextApp id:13
2023-06-17T12:01:42: PM2 error: app=myNextApp id=13 does not have a pid
2023-06-17T12:01:42: PM2 log: [Watch] Stop watching myNextApp
2023-06-17T12:01:42: PM2 log: Stopping app:myNextApp id:14
2023-06-17T12:01:42: PM2 error: app=myNextApp id=14 does not have a pid
2023-06-17T12:01:42: PM2 log: [Watch] Stop watching myNextApp
2023-06-17T12:01:42: PM2 log: Stopping app:myNextApp id:15
2023-06-17T12:01:42: PM2 error: app=myNextApp id=15 does not have a pid
2023-06-17T12:01:42: PM2 log: [Watch] Stop watching myNextApp
2023-06-17T12:01:42: PM2 log: Stopping app:myNextApp id:16
2023-06-17T12:01:42: PM2 error: app=myNextApp id=16 does not have a pid
2023-06-17T12:01:42: PM2 log: [Watch] Stop watching myNextApp
2023-06-17T12:01:42: PM2 log: Stopping app:myNextApp id:17
2023-06-17T12:01:42: PM2 error: app=myNextApp id=17 does not have a pid
2023-06-17T12:01:42: PM2 log: [Watch] Stop watching myNextApp
2023-06-17T12:01:42: PM2 log: Stopping app:myNextApp id:18
2023-06-17T12:01:42: PM2 error: app=myNextApp id=18 does not have a pid
2023-06-17T12:01:42: PM2 log: [Watch] Stop watching myNextApp
2023-06-17T12:01:42: PM2 log: Stopping app:myNextApp id:19
2023-06-17T12:01:42: PM2 error: app=myNextApp id=19 does not have a pid
2023-06-17T12:01:42: PM2 log: [Watch] Stop watching myNextApp
2023-06-17T12:01:42: PM2 log: Stopping app:myNextApp id:20
2023-06-17T12:01:42: PM2 error: app=myNextApp id=20 does not have a pid
2023-06-17T12:01:42: PM2 log: [Watch] Stop watching myNextApp
2023-06-17T12:01:42: PM2 log: Stopping app:myNextApp id:21
2023-06-17T12:01:42: PM2 error: app=myNextApp id=21 does not have a pid
2023-06-17T12:01:42: PM2 log: [Watch] Stop watching myNextApp
2023-06-17T12:01:42: PM2 log: Stopping app:myNextApp id:22
2023-06-17T12:01:42: PM2 error: app=myNextApp id=22 does not have a pid
2023-06-17T12:01:42: PM2 log: [Watch] Stop watching myNextApp
2023-06-17T12:01:42: PM2 log: Stopping app:myNextApp id:23
2023-06-17T12:01:42: PM2 error: app=myNextApp id=23 does not have a pid
2023-06-17T12:02:16: PM2 log: App [myNextApp:0] starting in -cluster mode-
2023-06-17T12:02:16: PM2 log: App [myNextApp:1] starting in -cluster mode-
2023-06-17T12:02:16: PM2 log: App [myNextApp:0] online
2023-06-17T12:02:16: PM2 log: App [myNextApp:2] starting in -cluster mode-
2023-06-17T12:02:16: PM2 log: App [myNextApp:1] online
2023-06-17T12:02:16: PM2 log: App [myNextApp:3] starting in -cluster mode-
2023-06-17T12:02:17: PM2 log: App [myNextApp:2] online
2023-06-17T12:02:17: PM2 log: App [myNextApp:4] starting in -cluster mode-
2023-06-17T12:02:17: PM2 log: App [myNextApp:3] online
2023-06-17T12:02:17: PM2 log: App [myNextApp:5] starting in -cluster mode-
2023-06-17T12:02:17: PM2 log: App [myNextApp:4] online
2023-06-17T12:02:17: PM2 log: App [myNextApp:6] starting in -cluster mode-
2023-06-17T12:02:17: PM2 log: App [myNextApp:5] online
2023-06-17T12:02:17: PM2 log: App [myNextApp:7] starting in -cluster mode-
2023-06-17T12:02:17: PM2 log: App [myNextApp:6] online
2023-06-17T12:02:17: PM2 log: App [myNextApp:8] starting in -cluster mode-
2023-06-17T12:02:17: PM2 log: App [myNextApp:7] online
2023-06-17T12:02:17: PM2 log: App [myNextApp:9] starting in -cluster mode-
2023-06-17T12:02:17: PM2 log: App [myNextApp:8] online
2023-06-17T12:02:17: PM2 log: App [myNextApp:10] starting in -cluster mode-
2023-06-17T12:02:17: PM2 log: App [myNextApp:9] online
2023-06-17T12:02:17: PM2 log: App [myNextApp:11] starting in -cluster mode-
2023-06-17T12:02:17: PM2 log: App [myNextApp:10] online
2023-06-17T12:02:17: PM2 log: App [myNextApp:12] starting in -cluster mode-
2023-06-17T12:02:17: PM2 log: App [myNextApp:12] online
2023-06-17T12:02:17: PM2 log: App [myNextApp:11] online
2023-06-17T12:02:17: PM2 log: App [myNextApp:13] starting in -cluster mode-
2023-06-17T12:02:17: PM2 log: App [myNextApp:14] starting in -cluster mode-
2023-06-17T12:02:17: PM2 log: App [myNextApp:13] online
2023-06-17T12:02:17: PM2 log: App [myNextApp:15] starting in -cluster mode-
2023-06-17T12:02:17: PM2 log: App [myNextApp:14] online
2023-06-17T12:02:17: PM2 log: App [myNextApp:16] starting in -cluster mode-
2023-06-17T12:02:17: PM2 log: App [myNextApp:15] online
2023-06-17T12:02:17: PM2 log: App [myNextApp:17] starting in -cluster mode-
2023-06-17T12:02:17: PM2 log: App [myNextApp:16] online
2023-06-17T12:02:17: PM2 log: App [myNextApp:18] starting in -cluster mode-
2023-06-17T12:02:17: PM2 log: App [myNextApp:17] online
2023-06-17T12:02:17: PM2 log: App [myNextApp:19] starting in -cluster mode-
2023-06-17T12:02:17: PM2 log: App [myNextApp:19] online
2023-06-17T12:02:18: PM2 log: App [myNextApp:18] online
2023-06-17T12:02:18: PM2 log: App [myNextApp:20] starting in -cluster mode-
2023-06-17T12:02:18: PM2 log: App [myNextApp:21] starting in -cluster mode-
2023-06-17T12:02:18: PM2 log: App [myNextApp:20] online
2023-06-17T12:02:18: PM2 log: App [myNextApp:22] starting in -cluster mode-
2023-06-17T12:02:18: PM2 log: App [myNextApp:21] online
2023-06-17T12:02:18: PM2 log: App [myNextApp:23] starting in -cluster mode-
2023-06-17T12:02:18: PM2 log: App [myNextApp:22] online
2023-06-17T12:02:18: PM2 log: App [myNextApp:23] online
2023-06-17T12:09:08: PM2 log: Stopping app:myNextApp id:0
2023-06-17T12:09:08: PM2 log: Stopping app:myNextApp id:1
2023-06-17T12:09:08: PM2 log: App name:myNextApp id:0 disconnected
2023-06-17T12:09:08: PM2 log: App [myNextApp:0] exited with code [0] via signal [SIGINT]
2023-06-17T12:09:08: PM2 log: App name:myNextApp id:1 disconnected
2023-06-17T12:09:08: PM2 log: App [myNextApp:1] exited with code [0] via signal [SIGINT]
2023-06-17T12:09:08: PM2 log: pid=23709 msg=process killed
2023-06-17T12:09:08: PM2 log: pid=23715 msg=process killed
2023-06-17T12:09:08: PM2 log: Stopping app:myNextApp id:2
2023-06-17T12:09:08: PM2 log: Stopping app:myNextApp id:3
2023-06-17T12:09:09: PM2 log: App name:myNextApp id:2 disconnected
2023-06-17T12:09:09: PM2 log: App [myNextApp:2] exited with code [0] via signal [SIGINT]
2023-06-17T12:09:09: PM2 log: App name:myNextApp id:3 disconnected
2023-06-17T12:09:09: PM2 log: App [myNextApp:3] exited with code [0] via signal [SIGINT]
2023-06-17T12:09:09: PM2 log: pid=23723 msg=process killed
2023-06-17T12:09:09: PM2 log: Stopping app:myNextApp id:4
2023-06-17T12:09:09: PM2 log: pid=23729 msg=process killed
2023-06-17T12:09:09: PM2 log: Stopping app:myNextApp id:5
2023-06-17T12:09:09: PM2 log: App name:myNextApp id:5 disconnected
2023-06-17T12:09:09: PM2 log: App [myNextApp:5] exited with code [0] via signal [SIGINT]
2023-06-17T12:09:09: PM2 log: App name:myNextApp id:4 disconnected
2023-06-17T12:09:09: PM2 log: App [myNextApp:4] exited with code [0] via signal [SIGINT]
2023-06-17T12:09:09: PM2 log: pid=23737 msg=process killed
2023-06-17T12:09:09: PM2 log: Stopping app:myNextApp id:6
2023-06-17T12:09:09: PM2 log: pid=23743 msg=process killed
2023-06-17T12:09:09: PM2 log: Stopping app:myNextApp id:7
2023-06-17T12:09:09: PM2 log: App name:myNextApp id:6 disconnected
2023-06-17T12:09:09: PM2 log: App [myNextApp:6] exited with code [0] via signal [SIGINT]
2023-06-17T12:09:09: PM2 log: App name:myNextApp id:7 disconnected
2023-06-17T12:09:09: PM2 log: App [myNextApp:7] exited with code [0] via signal [SIGINT]
2023-06-17T12:09:09: PM2 log: pid=23759 msg=process killed
2023-06-17T12:09:09: PM2 log: pid=23765 msg=process killed
2023-06-17T12:09:09: PM2 log: Stopping app:myNextApp id:8
2023-06-17T12:09:09: PM2 log: Stopping app:myNextApp id:9
2023-06-17T12:09:09: PM2 log: App name:myNextApp id:9 disconnected
2023-06-17T12:09:09: PM2 log: App [myNextApp:9] exited with code [0] via signal [SIGINT]
2023-06-17T12:09:09: PM2 log: App name:myNextApp id:8 disconnected
2023-06-17T12:09:09: PM2 log: App [myNextApp:8] exited with code [0] via signal [SIGINT]
2023-06-17T12:09:09: PM2 log: pid=23777 msg=process killed
2023-06-17T12:09:09: PM2 log: Stopping app:myNextApp id:10
2023-06-17T12:09:09: PM2 log: pid=23783 msg=process killed
2023-06-17T12:09:09: PM2 log: Stopping app:myNextApp id:11
2023-06-17T12:09:09: PM2 log: App name:myNextApp id:10 disconnected
2023-06-17T12:09:09: PM2 log: App [myNextApp:10] exited with code [0] via signal [SIGINT]
2023-06-17T12:09:09: PM2 log: App name:myNextApp id:11 disconnected
2023-06-17T12:09:09: PM2 log: App [myNextApp:11] exited with code [0] via signal [SIGINT]
2023-06-17T12:09:09: PM2 log: pid=23802 msg=process killed
2023-06-17T12:09:09: PM2 log: pid=23810 msg=process killed
2023-06-17T12:09:09: PM2 log: Stopping app:myNextApp id:12
2023-06-17T12:09:09: PM2 log: Stopping app:myNextApp id:13
2023-06-17T12:09:09: PM2 log: App name:myNextApp id:12 disconnected
2023-06-17T12:09:09: PM2 log: App [myNextApp:12] exited with code [0] via signal [SIGINT]
2023-06-17T12:09:09: PM2 log: pid=23816 msg=process killed
2023-06-17T12:09:09: PM2 log: Stopping app:myNextApp id:14
2023-06-17T12:09:09: PM2 log: pid=23836 msg=failed to kill - retrying in 100ms
2023-06-17T12:09:10: PM2 log: App name:myNextApp id:13 disconnected
2023-06-17T12:09:10: PM2 log: App [myNextApp:13] exited with code [0] via signal [SIGINT]
2023-06-17T12:09:10: PM2 log: pid=23836 msg=process killed
2023-06-17T12:09:10: PM2 log: Stopping app:myNextApp id:15
2023-06-17T12:09:10: PM2 log: pid=23837 msg=failed to kill - retrying in 100ms
2023-06-17T12:09:10: PM2 log: App name:myNextApp id:15 disconnected
2023-06-17T12:09:10: PM2 log: App [myNextApp:15] exited with code [0] via signal [SIGINT]
2023-06-17T12:09:10: PM2 log: pid=23837 msg=failed to kill - retrying in 100ms
2023-06-17T12:09:10: PM2 log: pid=23858 msg=process killed
2023-06-17T12:09:10: PM2 log: Stopping app:myNextApp id:16
2023-06-17T12:09:10: PM2 log: App name:myNextApp id:14 disconnected
2023-06-17T12:09:10: PM2 log: App [myNextApp:14] exited with code [0] via signal [SIGINT]
2023-06-17T12:09:10: PM2 log: pid=23837 msg=process killed
2023-06-17T12:09:10: PM2 log: Stopping app:myNextApp id:17
2023-06-17T12:09:10: PM2 log: pid=23864 msg=failed to kill - retrying in 100ms
2023-06-17T12:09:10: PM2 log: pid=23875 msg=failed to kill - retrying in 100ms
2023-06-17T12:09:10: PM2 log: pid=23864 msg=failed to kill - retrying in 100ms
2023-06-17T12:09:10: PM2 log: App name:myNextApp id:16 disconnected
2023-06-17T12:09:10: PM2 log: App [myNextApp:16] exited with code [0] via signal [SIGINT]
2023-06-17T12:09:10: PM2 log: pid=23875 msg=failed to kill - retrying in 100ms
2023-06-17T12:09:10: PM2 log: pid=23864 msg=process killed
2023-06-17T12:09:10: PM2 log: Stopping app:myNextApp id:18
2023-06-17T12:09:10: PM2 log: App name:myNextApp id:17 disconnected
2023-06-17T12:09:10: PM2 log: App [myNextApp:17] exited with code [0] via signal [SIGINT]
2023-06-17T12:09:10: PM2 log: pid=23875 msg=process killed
2023-06-17T12:09:10: PM2 log: Stopping app:myNextApp id:19
2023-06-17T12:09:10: PM2 log: pid=23887 msg=failed to kill - retrying in 100ms
2023-06-17T12:09:10: PM2 log: pid=23893 msg=failed to kill - retrying in 100ms
2023-06-17T12:09:10: PM2 log: pid=23887 msg=failed to kill - retrying in 100ms
2023-06-17T12:09:10: PM2 log: App name:myNextApp id:19 disconnected
2023-06-17T12:09:10: PM2 log: App [myNextApp:19] exited with code [0] via signal [SIGINT]
2023-06-17T12:09:10: PM2 log: pid=23893 msg=process killed
2023-06-17T12:09:10: PM2 log: Stopping app:myNextApp id:20
2023-06-17T12:09:10: PM2 log: pid=23887 msg=failed to kill - retrying in 100ms
2023-06-17T12:09:10: PM2 log: App name:myNextApp id:18 disconnected
2023-06-17T12:09:10: PM2 log: App [myNextApp:18] exited with code [0] via signal [SIGINT]
2023-06-17T12:09:11: PM2 log: pid=23887 msg=process killed
2023-06-17T12:09:11: PM2 log: Stopping app:myNextApp id:21
2023-06-17T12:09:11: PM2 log: pid=23909 msg=failed to kill - retrying in 100ms
2023-06-17T12:09:11: PM2 log: App name:myNextApp id:21 disconnected
2023-06-17T12:09:11: PM2 log: App [myNextApp:21] exited with code [0] via signal [SIGINT]
2023-06-17T12:09:11: PM2 log: pid=23909 msg=failed to kill - retrying in 100ms
2023-06-17T12:09:11: PM2 log: pid=23919 msg=process killed
2023-06-17T12:09:11: PM2 log: Stopping app:myNextApp id:22
2023-06-17T12:09:11: PM2 log: pid=23909 msg=failed to kill - retrying in 100ms
2023-06-17T12:09:11: PM2 log: App name:myNextApp id:20 disconnected
2023-06-17T12:09:11: PM2 log: App [myNextApp:20] exited with code [0] via signal [SIGINT]
2023-06-17T12:09:11: PM2 log: pid=23909 msg=process killed
2023-06-17T12:09:11: PM2 log: App name:myNextApp id:22 disconnected
2023-06-17T12:09:11: PM2 log: App [myNextApp:22] exited with code [0] via signal [SIGINT]
2023-06-17T12:09:11: PM2 log: pid=23931 msg=process killed
2023-06-17T12:09:11: PM2 log: Stopping app:myNextApp id:23
2023-06-17T12:09:11: PM2 log: App name:myNextApp id:23 disconnected
2023-06-17T12:09:11: PM2 log: App [myNextApp:23] exited with code [0] via signal [SIGINT]
2023-06-17T12:09:11: PM2 log: pid=23941 msg=process killed
2023-06-17T12:09:29: PM2 log: App [myNextApp:0] starting in -cluster mode-
2023-06-17T12:09:29: PM2 log: App [myNextApp:1] starting in -cluster mode-
2023-06-17T12:09:29: PM2 log: App [myNextApp:0] online
2023-06-17T12:09:29: PM2 log: App [myNextApp:1] online
2023-06-17T12:09:29: PM2 log: App [myNextApp:2] starting in -cluster mode-
2023-06-17T12:09:29: PM2 log: App [myNextApp:3] starting in -cluster mode-
2023-06-17T12:09:29: PM2 log: App [myNextApp:2] online
2023-06-17T12:09:29: PM2 log: App [myNextApp:4] starting in -cluster mode-
2023-06-17T12:09:29: PM2 log: App [myNextApp:3] online
2023-06-17T12:09:29: PM2 log: App [myNextApp:5] starting in -cluster mode-
2023-06-17T12:09:29: PM2 log: App [myNextApp:4] online
2023-06-17T12:09:29: PM2 log: App [myNextApp:6] starting in -cluster mode-
2023-06-17T12:09:29: PM2 log: App [myNextApp:5] online
2023-06-17T12:09:29: PM2 log: App [myNextApp:7] starting in -cluster mode-
2023-06-17T12:09:29: PM2 log: App [myNextApp:6] online
2023-06-17T12:09:29: PM2 log: App [myNextApp:8] starting in -cluster mode-
2023-06-17T12:09:29: PM2 log: App [myNextApp:7] online
2023-06-17T12:09:29: PM2 log: App [myNextApp:9] starting in -cluster mode-
2023-06-17T12:09:30: PM2 log: App [myNextApp:8] online
2023-06-17T12:09:30: PM2 log: App [myNextApp:10] starting in -cluster mode-
2023-06-17T12:09:30: PM2 log: App [myNextApp:9] online
2023-06-17T12:09:30: PM2 log: App [myNextApp:11] starting in -cluster mode-
2023-06-17T12:09:30: PM2 log: App [myNextApp:10] online
2023-06-17T12:09:30: PM2 log: App [myNextApp:12] starting in -cluster mode-
2023-06-17T12:09:30: PM2 log: App [myNextApp:11] online
2023-06-17T12:09:30: PM2 log: App [myNextApp:13] starting in -cluster mode-
2023-06-17T12:09:30: PM2 log: App [myNextApp:12] online
2023-06-17T12:09:30: PM2 log: App [myNextApp:13] online
2023-06-17T12:09:30: PM2 log: App [myNextApp:14] starting in -cluster mode-
2023-06-17T12:09:30: PM2 log: App [myNextApp:15] starting in -cluster mode-
2023-06-17T12:09:30: PM2 log: App [myNextApp:14] online
2023-06-17T12:09:30: PM2 log: App [myNextApp:15] online
2023-06-17T12:09:30: PM2 log: App [myNextApp:16] starting in -cluster mode-
2023-06-17T12:09:30: PM2 log: App [myNextApp:17] starting in -cluster mode-
2023-06-17T12:09:30: PM2 log: App [myNextApp:16] online
2023-06-17T12:09:30: PM2 log: App [myNextApp:18] starting in -cluster mode-
2023-06-17T12:09:30: PM2 log: App [myNextApp:17] online
2023-06-17T12:09:30: PM2 log: App [myNextApp:19] starting in -cluster mode-
2023-06-17T12:09:30: PM2 log: App [myNextApp:18] online
2023-06-17T12:09:30: PM2 log: App [myNextApp:20] starting in -cluster mode-
2023-06-17T12:09:30: PM2 log: App [myNextApp:19] online
2023-06-17T12:09:30: PM2 log: App [myNextApp:21] starting in -cluster mode-
2023-06-17T12:09:30: PM2 log: App [myNextApp:20] online
2023-06-17T12:09:30: PM2 log: App [myNextApp:22] starting in -cluster mode-
2023-06-17T12:09:30: PM2 log: App [myNextApp:21] online
2023-06-17T12:09:30: PM2 log: App [myNextApp:23] starting in -cluster mode-
2023-06-17T12:09:30: PM2 log: App [myNextApp:22] online
2023-06-17T12:09:30: PM2 log: App [myNextApp:23] online
2023-06-17T12:09:51: PM2 log: Stopping app:myNextApp id:0
2023-06-17T12:09:51: PM2 log: Stopping app:myNextApp id:1
2023-06-17T12:09:52: PM2 log: App name:myNextApp id:0 disconnected
2023-06-17T12:09:52: PM2 log: App [myNextApp:0] exited with code [0] via signal [SIGINT]
2023-06-17T12:09:52: PM2 log: App name:myNextApp id:1 disconnected
2023-06-17T12:09:52: PM2 log: App [myNextApp:1] exited with code [0] via signal [SIGINT]
2023-06-17T12:09:52: PM2 log: pid=24821 msg=process killed
2023-06-17T12:09:52: PM2 log: pid=24822 msg=process killed
2023-06-17T12:09:52: PM2 log: Stopping app:myNextApp id:2
2023-06-17T12:09:52: PM2 log: Stopping app:myNextApp id:3
2023-06-17T12:09:52: PM2 log: App name:myNextApp id:2 disconnected
2023-06-17T12:09:52: PM2 log: App [myNextApp:2] exited with code [0] via signal [SIGINT]
2023-06-17T12:09:52: PM2 log: App name:myNextApp id:3 disconnected
2023-06-17T12:09:52: PM2 log: App [myNextApp:3] exited with code [0] via signal [SIGINT]
2023-06-17T12:09:52: PM2 log: pid=24835 msg=process killed
2023-06-17T12:09:52: PM2 log: pid=24837 msg=process killed
2023-06-17T12:09:52: PM2 log: Stopping app:myNextApp id:4
2023-06-17T12:09:52: PM2 log: Stopping app:myNextApp id:5
2023-06-17T12:09:52: PM2 log: App name:myNextApp id:4 disconnected
2023-06-17T12:09:52: PM2 log: App [myNextApp:4] exited with code [0] via signal [SIGINT]
2023-06-17T12:09:52: PM2 log: App name:myNextApp id:5 disconnected
2023-06-17T12:09:52: PM2 log: App [myNextApp:5] exited with code [0] via signal [SIGINT]
2023-06-17T12:09:52: PM2 log: pid=24849 msg=process killed
2023-06-17T12:09:52: PM2 log: Stopping app:myNextApp id:6
2023-06-17T12:09:52: PM2 log: pid=24855 msg=process killed
2023-06-17T12:09:52: PM2 log: Stopping app:myNextApp id:7
2023-06-17T12:09:52: PM2 log: App name:myNextApp id:6 disconnected
2023-06-17T12:09:52: PM2 log: App [myNextApp:6] exited with code [0] via signal [SIGINT]
2023-06-17T12:09:52: PM2 log: App name:myNextApp id:7 disconnected
2023-06-17T12:09:52: PM2 log: App [myNextApp:7] exited with code [0] via signal [SIGINT]
2023-06-17T12:09:53: PM2 log: pid=24863 msg=process killed
2023-06-17T12:09:53: PM2 log: Stopping app:myNextApp id:8
2023-06-17T12:09:53: PM2 log: pid=24865 msg=process killed
2023-06-17T12:09:53: PM2 log: Stopping app:myNextApp id:9
2023-06-17T12:09:53: PM2 log: App name:myNextApp id:8 disconnected
2023-06-17T12:09:53: PM2 log: App [myNextApp:8] exited with code [0] via signal [SIGINT]
2023-06-17T12:09:53: PM2 log: App name:myNextApp id:9 disconnected
2023-06-17T12:09:53: PM2 log: App [myNextApp:9] exited with code [0] via signal [SIGINT]
2023-06-17T12:09:53: PM2 log: pid=24876 msg=process killed
2023-06-17T12:09:53: PM2 log: Stopping app:myNextApp id:10
2023-06-17T12:09:53: PM2 log: pid=24883 msg=process killed
2023-06-17T12:09:53: PM2 log: Stopping app:myNextApp id:11
2023-06-17T12:09:53: PM2 log: App name:myNextApp id:10 disconnected
2023-06-17T12:09:53: PM2 log: App [myNextApp:10] exited with code [0] via signal [SIGINT]
2023-06-17T12:09:53: PM2 log: pid=24890 msg=process killed
2023-06-17T12:09:53: PM2 log: Stopping app:myNextApp id:12
2023-06-17T12:09:53: PM2 log: pid=24897 msg=failed to kill - retrying in 100ms
2023-06-17T12:09:53: PM2 log: App name:myNextApp id:12 disconnected
2023-06-17T12:09:53: PM2 log: App [myNextApp:12] exited with code [0] via signal [SIGINT]
2023-06-17T12:09:53: PM2 log: pid=24897 msg=failed to kill - retrying in 100ms
2023-06-17T12:09:53: PM2 log: pid=24906 msg=process killed
2023-06-17T12:09:53: PM2 log: Stopping app:myNextApp id:13
2023-06-17T12:09:53: PM2 log: pid=24897 msg=failed to kill - retrying in 100ms
2023-06-17T12:09:53: PM2 log: App name:myNextApp id:11 disconnected
2023-06-17T12:09:53: PM2 log: App [myNextApp:11] exited with code [0] via signal [SIGINT]
2023-06-17T12:09:53: PM2 log: App name:myNextApp id:13 disconnected
2023-06-17T12:09:53: PM2 log: App [myNextApp:13] exited with code [0] via signal [SIGINT]
2023-06-17T12:09:53: PM2 log: pid=24912 msg=process killed
2023-06-17T12:09:53: PM2 log: Stopping app:myNextApp id:14
2023-06-17T12:09:53: PM2 log: pid=24897 msg=process killed
2023-06-17T12:09:53: PM2 log: Stopping app:myNextApp id:15
2023-06-17T12:09:53: PM2 log: App name:myNextApp id:14 disconnected
2023-06-17T12:09:53: PM2 log: App [myNextApp:14] exited with code [0] via signal [SIGINT]
2023-06-17T12:09:53: PM2 log: App name:myNextApp id:15 disconnected
2023-06-17T12:09:53: PM2 log: App [myNextApp:15] exited with code [0] via signal [SIGINT]
2023-06-17T12:09:53: PM2 log: pid=24920 msg=process killed
2023-06-17T12:09:53: PM2 log: Stopping app:myNextApp id:16
2023-06-17T12:09:53: PM2 log: pid=24921 msg=process killed
2023-06-17T12:09:53: PM2 log: Stopping app:myNextApp id:17
2023-06-17T12:09:53: PM2 log: App name:myNextApp id:16 disconnected
2023-06-17T12:09:53: PM2 log: App [myNextApp:16] exited with code [0] via signal [SIGINT]
2023-06-17T12:09:53: PM2 log: App name:myNextApp id:17 disconnected
2023-06-17T12:09:53: PM2 log: App [myNextApp:17] exited with code [0] via signal [SIGINT]
2023-06-17T12:09:54: PM2 log: pid=24981 msg=process killed
2023-06-17T12:09:54: PM2 log: pid=24987 msg=process killed
2023-06-17T12:09:54: PM2 log: Stopping app:myNextApp id:18
2023-06-17T12:09:54: PM2 log: Stopping app:myNextApp id:19
2023-06-17T12:09:54: PM2 log: App name:myNextApp id:19 disconnected
2023-06-17T12:09:54: PM2 log: App [myNextApp:19] exited with code [0] via signal [SIGINT]
2023-06-17T12:09:54: PM2 log: App name:myNextApp id:18 disconnected
2023-06-17T12:09:54: PM2 log: App [myNextApp:18] exited with code [0] via signal [SIGINT]
2023-06-17T12:09:54: PM2 log: pid=24999 msg=process killed
2023-06-17T12:09:54: PM2 log: pid=25009 msg=process killed
2023-06-17T12:09:54: PM2 log: Stopping app:myNextApp id:20
2023-06-17T12:09:54: PM2 log: Stopping app:myNextApp id:21
2023-06-17T12:09:54: PM2 log: App name:myNextApp id:21 disconnected
2023-06-17T12:09:54: PM2 log: App [myNextApp:21] exited with code [0] via signal [SIGINT]
2023-06-17T12:09:54: PM2 log: App name:myNextApp id:20 disconnected
2023-06-17T12:09:54: PM2 log: App [myNextApp:20] exited with code [0] via signal [SIGINT]
2023-06-17T12:09:54: PM2 log: pid=25035 msg=process killed
2023-06-17T12:09:54: PM2 log: pid=25025 msg=process killed
2023-06-17T12:09:54: PM2 log: Stopping app:myNextApp id:22
2023-06-17T12:09:54: PM2 log: Stopping app:myNextApp id:23
2023-06-17T12:09:54: PM2 log: App name:myNextApp id:22 disconnected
2023-06-17T12:09:54: PM2 log: App name:myNextApp id:23 disconnected
2023-06-17T12:09:54: PM2 log: App [myNextApp:22] exited with code [0] via signal [SIGINT]
2023-06-17T12:09:54: PM2 log: App [myNextApp:23] exited with code [0] via signal [SIGINT]
2023-06-17T12:09:54: PM2 log: pid=25043 msg=process killed
2023-06-17T12:09:54: PM2 log: pid=25057 msg=process killed
2023-06-17T12:10:06: PM2 log: App [myNextApp:0] starting in -cluster mode-
2023-06-17T12:10:06: PM2 log: App [myNextApp:1] starting in -cluster mode-
2023-06-17T12:10:06: PM2 log: App [myNextApp:0] online
2023-06-17T12:10:06: PM2 log: App [myNextApp:2] starting in -cluster mode-
2023-06-17T12:10:06: PM2 log: App [myNextApp:1] online
2023-06-17T12:10:06: PM2 log: App [myNextApp:3] starting in -cluster mode-
2023-06-17T12:10:06: PM2 log: App [myNextApp:2] online
2023-06-17T12:10:06: PM2 log: App [myNextApp:4] starting in -cluster mode-
2023-06-17T12:10:06: PM2 log: App [myNextApp:3] online
2023-06-17T12:10:06: PM2 log: App [myNextApp:5] starting in -cluster mode-
2023-06-17T12:10:06: PM2 log: App [myNextApp:4] online
2023-06-17T12:10:06: PM2 log: App [myNextApp:6] starting in -cluster mode-
2023-06-17T12:10:06: PM2 log: App [myNextApp:5] online
2023-06-17T12:10:06: PM2 log: App [myNextApp:7] starting in -cluster mode-
2023-06-17T12:10:06: PM2 log: App [myNextApp:6] online
2023-06-17T12:10:06: PM2 log: App [myNextApp:8] starting in -cluster mode-
2023-06-17T12:10:06: PM2 log: App [myNextApp:7] online
2023-06-17T12:10:06: PM2 log: App [myNextApp:9] starting in -cluster mode-
2023-06-17T12:10:06: PM2 log: App [myNextApp:8] online
2023-06-17T12:10:06: PM2 log: App [myNextApp:10] starting in -cluster mode-
2023-06-17T12:10:06: PM2 log: App [myNextApp:9] online
2023-06-17T12:10:06: PM2 log: App [myNextApp:11] starting in -cluster mode-
2023-06-17T12:10:06: PM2 log: App [myNextApp:10] online
2023-06-17T12:10:06: PM2 log: App [myNextApp:12] starting in -cluster mode-
2023-06-17T12:10:06: PM2 log: App [myNextApp:11] online
2023-06-17T12:10:06: PM2 log: App [myNextApp:13] starting in -cluster mode-
2023-06-17T12:10:06: PM2 log: App [myNextApp:12] online
2023-06-17T12:10:06: PM2 log: App [myNextApp:14] starting in -cluster mode-
2023-06-17T12:10:06: PM2 log: App [myNextApp:13] online
2023-06-17T12:10:06: PM2 log: App [myNextApp:15] starting in -cluster mode-
2023-06-17T12:10:06: PM2 log: App [myNextApp:15] online
2023-06-17T12:10:06: PM2 log: App [myNextApp:16] starting in -cluster mode-
2023-06-17T12:10:06: PM2 log: App [myNextApp:14] online
2023-06-17T12:10:06: PM2 log: App [myNextApp:17] starting in -cluster mode-
2023-06-17T12:10:06: PM2 log: App [myNextApp:16] online
2023-06-17T12:10:06: PM2 log: App [myNextApp:18] starting in -cluster mode-
2023-06-17T12:10:07: PM2 log: App [myNextApp:17] online
2023-06-17T12:10:07: PM2 log: App [myNextApp:19] starting in -cluster mode-
2023-06-17T12:10:07: PM2 log: App [myNextApp:18] online
2023-06-17T12:10:07: PM2 log: App [myNextApp:20] starting in -cluster mode-
2023-06-17T12:10:07: PM2 log: App [myNextApp:19] online
2023-06-17T12:10:07: PM2 log: App [myNextApp:21] starting in -cluster mode-
2023-06-17T12:10:07: PM2 log: App [myNextApp:20] online
2023-06-17T12:10:07: PM2 log: App [myNextApp:22] starting in -cluster mode-
2023-06-17T12:10:07: PM2 log: App [myNextApp:21] online
2023-06-17T12:10:07: PM2 log: App [myNextApp:23] starting in -cluster mode-
2023-06-17T12:10:07: PM2 log: App [myNextApp:22] online
2023-06-17T12:10:07: PM2 log: App [myNextApp:23] online
2023-06-17T12:11:23: PM2 log: Stopping app:myNextApp id:0
2023-06-17T12:11:23: PM2 log: Stopping app:myNextApp id:1
2023-06-17T12:11:23: PM2 log: pid=25499 msg=failed to kill - retrying in 100ms
2023-06-17T12:11:23: PM2 log: pid=25500 msg=failed to kill - retrying in 100ms
2023-06-17T12:11:23: PM2 log: pid=25499 msg=failed to kill - retrying in 100ms
2023-06-17T12:11:23: PM2 log: App name:myNextApp id:1 disconnected
2023-06-17T12:11:23: PM2 log: App [myNextApp:1] exited with code [0] via signal [SIGINT]
2023-06-17T12:11:23: PM2 log: pid=25500 msg=process killed
2023-06-17T12:11:23: PM2 log: Stopping app:myNextApp id:2
2023-06-17T12:11:23: PM2 log: pid=25499 msg=failed to kill - retrying in 100ms
2023-06-17T12:11:23: PM2 log: App name:myNextApp id:2 disconnected
2023-06-17T12:11:23: PM2 log: App [myNextApp:2] exited with code [0] via signal [SIGINT]
2023-06-17T12:11:23: PM2 log: pid=25499 msg=failed to kill - retrying in 100ms
2023-06-17T12:11:23: PM2 log: pid=25513 msg=process killed
2023-06-17T12:11:23: PM2 log: Stopping app:myNextApp id:3
2023-06-17T12:11:23: PM2 log: pid=25499 msg=failed to kill - retrying in 100ms
2023-06-17T12:11:23: PM2 log: App name:myNextApp id:3 disconnected
2023-06-17T12:11:23: PM2 log: App [myNextApp:3] exited with code [0] via signal [SIGINT]
2023-06-17T12:11:23: PM2 log: pid=25519 msg=process killed
2023-06-17T12:11:23: PM2 log: Stopping app:myNextApp id:4
2023-06-17T12:11:23: PM2 log: pid=25499 msg=failed to kill - retrying in 100ms
2023-06-17T12:11:23: PM2 log: App name:myNextApp id:4 disconnected
2023-06-17T12:11:24: PM2 log: App [myNextApp:4] exited with code [0] via signal [SIGINT]
2023-06-17T12:11:24: PM2 log: pid=25499 msg=failed to kill - retrying in 100ms
2023-06-17T12:11:24: PM2 log: pid=25527 msg=process killed
2023-06-17T12:11:24: PM2 log: Stopping app:myNextApp id:5
2023-06-17T12:11:24: PM2 log: pid=25499 msg=failed to kill - retrying in 100ms
2023-06-17T12:11:24: PM2 log: App name:myNextApp id:5 disconnected
2023-06-17T12:11:24: PM2 log: App [myNextApp:5] exited with code [0] via signal [SIGINT]
2023-06-17T12:11:24: PM2 log: pid=25499 msg=failed to kill - retrying in 100ms
2023-06-17T12:11:24: PM2 log: pid=25533 msg=process killed
2023-06-17T12:11:24: PM2 log: Stopping app:myNextApp id:6
2023-06-17T12:11:24: PM2 log: pid=25499 msg=failed to kill - retrying in 100ms
2023-06-17T12:11:24: PM2 log: App name:myNextApp id:6 disconnected
2023-06-17T12:11:24: PM2 log: App [myNextApp:6] exited with code [0] via signal [SIGINT]
2023-06-17T12:11:24: PM2 log: pid=25541 msg=process killed
2023-06-17T12:11:24: PM2 log: pid=25499 msg=failed to kill - retrying in 100ms
2023-06-17T12:11:24: PM2 log: Stopping app:myNextApp id:7
2023-06-17T12:11:24: PM2 log: App name:myNextApp id:7 disconnected
2023-06-17T12:11:24: PM2 log: App [myNextApp:7] exited with code [0] via signal [SIGINT]
2023-06-17T12:11:24: PM2 log: pid=25499 msg=failed to kill - retrying in 100ms
2023-06-17T12:11:24: PM2 log: pid=25547 msg=process killed
2023-06-17T12:11:24: PM2 log: Stopping app:myNextApp id:8
2023-06-17T12:11:24: PM2 log: pid=25499 msg=failed to kill - retrying in 100ms
2023-06-17T12:11:24: PM2 log: App name:myNextApp id:8 disconnected
2023-06-17T12:11:24: PM2 log: App [myNextApp:8] exited with code [0] via signal [SIGINT]
2023-06-17T12:11:24: PM2 log: pid=25499 msg=failed to kill - retrying in 100ms
2023-06-17T12:11:24: PM2 log: pid=25555 msg=process killed
2023-06-17T12:11:24: PM2 log: Stopping app:myNextApp id:9
2023-06-17T12:11:24: PM2 log: pid=25499 msg=failed to kill - retrying in 100ms
2023-06-17T12:11:24: PM2 log: App name:myNextApp id:9 disconnected
2023-06-17T12:11:24: PM2 log: App [myNextApp:9] exited with code [0] via signal [SIGINT]
2023-06-17T12:11:24: PM2 log: pid=25561 msg=process killed
2023-06-17T12:11:24: PM2 log: Process with pid 25499 still alive after 1600ms, sending it SIGKILL now...
2023-06-17T12:11:24: PM2 log: Stopping app:myNextApp id:10
2023-06-17T12:11:25: PM2 log: App [myNextApp:0] exited with code [0] via signal [SIGKILL]
2023-06-17T12:11:25: PM2 log: App name:myNextApp id:10 disconnected
2023-06-17T12:11:25: PM2 log: App [myNextApp:10] exited with code [0] via signal [SIGINT]
2023-06-17T12:11:25: PM2 log: pid=25499 msg=process killed
2023-06-17T12:11:25: PM2 log: pid=25569 msg=process killed
2023-06-17T12:11:25: PM2 log: Stopping app:myNextApp id:11
2023-06-17T12:11:25: PM2 log: Stopping app:myNextApp id:12
2023-06-17T12:11:25: PM2 log: App name:myNextApp id:11 disconnected
2023-06-17T12:11:25: PM2 log: App [myNextApp:11] exited with code [0] via signal [SIGINT]
2023-06-17T12:11:25: PM2 log: App name:myNextApp id:12 disconnected
2023-06-17T12:11:25: PM2 log: App [myNextApp:12] exited with code [0] via signal [SIGINT]
2023-06-17T12:11:25: PM2 log: pid=25575 msg=process killed
2023-06-17T12:11:25: PM2 log: pid=25583 msg=process killed
2023-06-17T12:11:25: PM2 log: Stopping app:myNextApp id:13
2023-06-17T12:11:25: PM2 log: Stopping app:myNextApp id:14
2023-06-17T12:11:25: PM2 log: App name:myNextApp id:13 disconnected
2023-06-17T12:11:25: PM2 log: App [myNextApp:13] exited with code [0] via signal [SIGINT]
2023-06-17T12:11:25: PM2 log: App name:myNextApp id:14 disconnected
2023-06-17T12:11:25: PM2 log: App [myNextApp:14] exited with code [0] via signal [SIGINT]
2023-06-17T12:11:25: PM2 log: pid=25589 msg=process killed
2023-06-17T12:11:25: PM2 log: pid=25597 msg=process killed
2023-06-17T12:11:25: PM2 log: Stopping app:myNextApp id:15
2023-06-17T12:11:25: PM2 log: Stopping app:myNextApp id:16
2023-06-17T12:11:25: PM2 log: App name:myNextApp id:15 disconnected
2023-06-17T12:11:25: PM2 log: App [myNextApp:15] exited with code [0] via signal [SIGINT]
2023-06-17T12:11:25: PM2 log: App name:myNextApp id:16 disconnected
2023-06-17T12:11:25: PM2 log: App [myNextApp:16] exited with code [0] via signal [SIGINT]
2023-06-17T12:11:25: PM2 log: pid=25598 msg=process killed
2023-06-17T12:11:25: PM2 log: pid=25610 msg=process killed
2023-06-17T12:11:25: PM2 log: Stopping app:myNextApp id:17
2023-06-17T12:11:25: PM2 log: Stopping app:myNextApp id:18
2023-06-17T12:11:25: PM2 log: App name:myNextApp id:17 disconnected
2023-06-17T12:11:25: PM2 log: App [myNextApp:17] exited with code [0] via signal [SIGINT]
2023-06-17T12:11:25: PM2 log: pid=25666 msg=process killed
2023-06-17T12:11:25: PM2 log: pid=25668 msg=failed to kill - retrying in 100ms
2023-06-17T12:11:25: PM2 log: Stopping app:myNextApp id:19
2023-06-17T12:11:25: PM2 log: pid=25668 msg=failed to kill - retrying in 100ms
2023-06-17T12:11:26: PM2 log: pid=25688 msg=failed to kill - retrying in 100ms
2023-06-17T12:11:26: PM2 log: pid=25668 msg=failed to kill - retrying in 100ms
2023-06-17T12:11:26: PM2 log: pid=25688 msg=failed to kill - retrying in 100ms
2023-06-17T12:11:26: PM2 log: pid=25668 msg=failed to kill - retrying in 100ms
2023-06-17T12:11:26: PM2 log: pid=25688 msg=failed to kill - retrying in 100ms
2023-06-17T12:11:26: PM2 log: pid=25668 msg=failed to kill - retrying in 100ms
2023-06-17T12:11:26: PM2 log: pid=25688 msg=failed to kill - retrying in 100ms
2023-06-17T12:11:26: PM2 log: pid=25668 msg=failed to kill - retrying in 100ms
2023-06-17T12:11:26: PM2 log: pid=25688 msg=failed to kill - retrying in 100ms
2023-06-17T12:11:26: PM2 log: pid=25668 msg=failed to kill - retrying in 100ms
2023-06-17T12:11:26: PM2 log: pid=25688 msg=failed to kill - retrying in 100ms
2023-06-17T12:11:26: PM2 log: pid=25668 msg=failed to kill - retrying in 100ms
2023-06-17T12:11:26: PM2 log: pid=25688 msg=failed to kill - retrying in 100ms
2023-06-17T12:11:26: PM2 log: pid=25668 msg=failed to kill - retrying in 100ms
2023-06-17T12:11:26: PM2 log: pid=25688 msg=failed to kill - retrying in 100ms
2023-06-17T12:11:26: PM2 log: pid=25668 msg=failed to kill - retrying in 100ms
2023-06-17T12:11:26: PM2 log: pid=25688 msg=failed to kill - retrying in 100ms
2023-06-17T12:11:26: PM2 log: pid=25668 msg=failed to kill - retrying in 100ms
2023-06-17T12:11:26: PM2 log: pid=25688 msg=failed to kill - retrying in 100ms
2023-06-17T12:11:26: PM2 log: pid=25668 msg=failed to kill - retrying in 100ms
2023-06-17T12:11:27: PM2 log: pid=25688 msg=failed to kill - retrying in 100ms
2023-06-17T12:11:27: PM2 log: pid=25668 msg=failed to kill - retrying in 100ms
2023-06-17T12:11:27: PM2 log: pid=25688 msg=failed to kill - retrying in 100ms
2023-06-17T12:11:27: PM2 log: pid=25668 msg=failed to kill - retrying in 100ms
2023-06-17T12:11:27: PM2 log: pid=25688 msg=failed to kill - retrying in 100ms
2023-06-17T12:11:27: PM2 log: pid=25668 msg=failed to kill - retrying in 100ms
2023-06-17T12:11:27: PM2 log: pid=25688 msg=failed to kill - retrying in 100ms
2023-06-17T12:11:27: PM2 log: Process with pid 25668 still alive after 1600ms, sending it SIGKILL now...
2023-06-17T12:11:27: PM2 log: App [myNextApp:18] exited with code [0] via signal [SIGKILL]
2023-06-17T12:11:27: PM2 log: pid=25688 msg=failed to kill - retrying in 100ms
2023-06-17T12:11:27: PM2 log: pid=25668 msg=process killed
2023-06-17T12:11:27: PM2 log: Stopping app:myNextApp id:20
2023-06-17T12:11:27: PM2 log: Process with pid 25688 still alive after 1600ms, sending it SIGKILL now...
2023-06-17T12:11:27: PM2 log: App name:myNextApp id:20 disconnected
2023-06-17T12:11:27: PM2 log: App [myNextApp:19] exited with code [0] via signal [SIGKILL]
2023-06-17T12:11:27: PM2 log: App [myNextApp:20] exited with code [0] via signal [SIGINT]
2023-06-17T12:11:27: PM2 log: pid=25698 msg=process killed
2023-06-17T12:11:27: PM2 log: pid=25688 msg=process killed
2023-06-17T12:11:27: PM2 log: Stopping app:myNextApp id:21
2023-06-17T12:11:27: PM2 log: Stopping app:myNextApp id:22
2023-06-17T12:11:27: PM2 log: App name:myNextApp id:21 disconnected
2023-06-17T12:11:27: PM2 log: App [myNextApp:21] exited with code [0] via signal [SIGINT]
2023-06-17T12:11:27: PM2 log: pid=25705 msg=process killed
2023-06-17T12:11:27: PM2 log: Stopping app:myNextApp id:23
2023-06-17T12:11:27: PM2 log: pid=25712 msg=failed to kill - retrying in 100ms
2023-06-17T12:11:27: PM2 log: App name:myNextApp id:23 disconnected
2023-06-17T12:11:27: PM2 log: App [myNextApp:23] exited with code [0] via signal [SIGINT]
2023-06-17T12:11:27: PM2 log: pid=25712 msg=failed to kill - retrying in 100ms
2023-06-17T12:11:28: PM2 log: pid=25727 msg=process killed
2023-06-17T12:11:28: PM2 log: pid=25712 msg=failed to kill - retrying in 100ms
2023-06-17T12:11:28: PM2 log: pid=25712 msg=failed to kill - retrying in 100ms
2023-06-17T12:11:28: PM2 log: pid=25712 msg=failed to kill - retrying in 100ms
2023-06-17T12:11:28: PM2 log: pid=25712 msg=failed to kill - retrying in 100ms
2023-06-17T12:11:28: PM2 log: pid=25712 msg=failed to kill - retrying in 100ms
2023-06-17T12:11:28: PM2 log: pid=25712 msg=failed to kill - retrying in 100ms
2023-06-17T12:11:28: PM2 log: pid=25712 msg=failed to kill - retrying in 100ms
2023-06-17T12:11:28: PM2 log: pid=25712 msg=failed to kill - retrying in 100ms
2023-06-17T12:11:28: PM2 log: pid=25712 msg=failed to kill - retrying in 100ms
2023-06-17T12:11:28: PM2 log: pid=25712 msg=failed to kill - retrying in 100ms
2023-06-17T12:11:29: PM2 log: pid=25712 msg=failed to kill - retrying in 100ms
2023-06-17T12:11:29: PM2 log: pid=25712 msg=failed to kill - retrying in 100ms
2023-06-17T12:11:29: PM2 log: pid=25712 msg=failed to kill - retrying in 100ms
2023-06-17T12:11:29: PM2 log: Process with pid 25712 still alive after 1600ms, sending it SIGKILL now...
2023-06-17T12:11:29: PM2 log: App [myNextApp:22] exited with code [0] via signal [SIGKILL]
2023-06-17T12:11:29: PM2 log: pid=25712 msg=process killed
2023-06-17T12:12:10: PM2 log: App [myNextApp:0] starting in -cluster mode-
2023-06-17T12:12:10: PM2 log: App [myNextApp:1] starting in -cluster mode-
2023-06-17T12:12:10: PM2 log: App [myNextApp:0] online
2023-06-17T12:12:10: PM2 log: App [myNextApp:1] online
2023-06-17T12:12:10: PM2 log: App [myNextApp:2] starting in -cluster mode-
2023-06-17T12:12:10: PM2 log: App [myNextApp:3] starting in -cluster mode-
2023-06-17T12:12:10: PM2 log: App [myNextApp:2] online
2023-06-17T12:12:10: PM2 log: App [myNextApp:4] starting in -cluster mode-
2023-06-17T12:12:10: PM2 log: App [myNextApp:3] online
2023-06-17T12:12:10: PM2 log: App [myNextApp:5] starting in -cluster mode-
2023-06-17T12:12:10: PM2 log: App [myNextApp:4] online
2023-06-17T12:12:10: PM2 log: App [myNextApp:6] starting in -cluster mode-
2023-06-17T12:12:10: PM2 log: App [myNextApp:5] online
2023-06-17T12:12:10: PM2 log: App [myNextApp:7] starting in -cluster mode-
2023-06-17T12:12:10: PM2 log: App [myNextApp:6] online
2023-06-17T12:12:10: PM2 log: App [myNextApp:8] starting in -cluster mode-
2023-06-17T12:12:10: PM2 log: App [myNextApp:7] online
2023-06-17T12:12:10: PM2 log: App [myNextApp:9] starting in -cluster mode-
2023-06-17T12:12:10: PM2 log: App [myNextApp:8] online
2023-06-17T12:12:10: PM2 log: App [myNextApp:10] starting in -cluster mode-
2023-06-17T12:12:10: PM2 log: App [myNextApp:9] online
2023-06-17T12:12:10: PM2 log: App [myNextApp:11] starting in -cluster mode-
2023-06-17T12:12:10: PM2 log: App [myNextApp:10] online
2023-06-17T12:12:10: PM2 log: App [myNextApp:12] starting in -cluster mode-
2023-06-17T12:12:10: PM2 log: App [myNextApp:11] online
2023-06-17T12:12:10: PM2 log: App [myNextApp:13] starting in -cluster mode-
2023-06-17T12:12:10: PM2 log: App [myNextApp:12] online
2023-06-17T12:12:10: PM2 log: App [myNextApp:14] starting in -cluster mode-
2023-06-17T12:12:11: PM2 log: App [myNextApp:13] online
2023-06-17T12:12:11: PM2 log: App [myNextApp:15] starting in -cluster mode-
2023-06-17T12:12:11: PM2 log: App [myNextApp:14] online
2023-06-17T12:12:11: PM2 log: App [myNextApp:16] starting in -cluster mode-
2023-06-17T12:12:11: PM2 log: App [myNextApp:15] online
2023-06-17T12:12:11: PM2 log: App [myNextApp:17] starting in -cluster mode-
2023-06-17T12:12:11: PM2 log: App [myNextApp:16] online
2023-06-17T12:12:11: PM2 log: App [myNextApp:18] starting in -cluster mode-
2023-06-17T12:12:11: PM2 log: App [myNextApp:17] online
2023-06-17T12:12:11: PM2 log: App [myNextApp:19] starting in -cluster mode-
2023-06-17T12:12:11: PM2 log: App [myNextApp:18] online
2023-06-17T12:12:11: PM2 log: App [myNextApp:20] starting in -cluster mode-
2023-06-17T12:12:11: PM2 log: App [myNextApp:19] online
2023-06-17T12:12:11: PM2 log: App [myNextApp:21] starting in -cluster mode-
2023-06-17T12:12:11: PM2 log: App [myNextApp:20] online
2023-06-17T12:12:11: PM2 log: App [myNextApp:22] starting in -cluster mode-
2023-06-17T12:12:11: PM2 log: App [myNextApp:21] online
2023-06-17T12:12:11: PM2 log: App [myNextApp:23] starting in -cluster mode-
2023-06-17T12:12:11: PM2 log: App [myNextApp:22] online
2023-06-17T12:12:11: PM2 log: App [myNextApp:23] online
2023-06-17T12:12:32: PM2 log: Stopping app:myNextApp id:0
2023-06-17T12:12:33: PM2 log: App name:myNextApp id:0 disconnected
2023-06-17T12:12:33: PM2 log: App [myNextApp:0] exited with code [0] via signal [SIGINT]
2023-06-17T12:12:33: PM2 log: pid=26161 msg=process killed
2023-06-17T12:12:33: PM2 log: Stopping app:myNextApp id:1
2023-06-17T12:12:33: PM2 log: App name:myNextApp id:1 disconnected
2023-06-17T12:12:33: PM2 log: App [myNextApp:1] exited with code [0] via signal [SIGINT]
2023-06-17T12:12:33: PM2 log: pid=26162 msg=process killed
2023-06-17T12:12:33: PM2 log: Stopping app:myNextApp id:2
2023-06-17T12:12:33: PM2 log: App name:myNextApp id:2 disconnected
2023-06-17T12:12:33: PM2 log: App [myNextApp:2] exited with code [0] via signal [SIGINT]
2023-06-17T12:12:33: PM2 log: pid=26175 msg=process killed
2023-06-17T12:12:33: PM2 log: Stopping app:myNextApp id:3
2023-06-17T12:12:33: PM2 log: App name:myNextApp id:3 disconnected
2023-06-17T12:12:33: PM2 log: App [myNextApp:3] exited with code [0] via signal [SIGINT]
2023-06-17T12:12:33: PM2 log: pid=26176 msg=process killed
2023-06-17T12:12:33: PM2 log: Stopping app:myNextApp id:4
2023-06-17T12:12:33: PM2 log: App name:myNextApp id:4 disconnected
2023-06-17T12:12:33: PM2 log: App [myNextApp:4] exited with code [0] via signal [SIGINT]
2023-06-17T12:12:33: PM2 log: pid=26189 msg=process killed
2023-06-17T12:12:34: PM2 log: Stopping app:myNextApp id:5
2023-06-17T12:12:34: PM2 log: App name:myNextApp id:5 disconnected
2023-06-17T12:12:34: PM2 log: App [myNextApp:5] exited with code [0] via signal [SIGINT]
2023-06-17T12:12:34: PM2 log: pid=26195 msg=process killed
2023-06-17T12:12:34: PM2 log: Stopping app:myNextApp id:6
2023-06-17T12:12:34: PM2 log: App name:myNextApp id:6 disconnected
2023-06-17T12:12:34: PM2 log: App [myNextApp:6] exited with code [0] via signal [SIGINT]
2023-06-17T12:12:34: PM2 log: pid=26203 msg=process killed
2023-06-17T12:12:34: PM2 log: Stopping app:myNextApp id:7
2023-06-17T12:12:34: PM2 log: App name:myNextApp id:7 disconnected
2023-06-17T12:12:34: PM2 log: App [myNextApp:7] exited with code [0] via signal [SIGINT]
2023-06-17T12:12:34: PM2 log: pid=26209 msg=process killed
2023-06-17T12:12:34: PM2 log: Stopping app:myNextApp id:8
2023-06-17T12:12:35: PM2 log: App name:myNextApp id:8 disconnected
2023-06-17T12:12:35: PM2 log: App [myNextApp:8] exited with code [0] via signal [SIGINT]
2023-06-17T12:12:35: PM2 log: pid=26216 msg=process killed
2023-06-17T12:12:35: PM2 log: Stopping app:myNextApp id:9
2023-06-17T12:12:35: PM2 log: App name:myNextApp id:9 disconnected
2023-06-17T12:12:35: PM2 log: App [myNextApp:9] exited with code [0] via signal [SIGINT]
2023-06-17T12:12:35: PM2 log: pid=26224 msg=process killed
2023-06-17T12:12:35: PM2 log: Stopping app:myNextApp id:10
2023-06-17T12:12:35: PM2 log: App name:myNextApp id:10 disconnected
2023-06-17T12:12:35: PM2 log: App [myNextApp:10] exited with code [0] via signal [SIGINT]
2023-06-17T12:12:35: PM2 log: pid=26230 msg=process killed
2023-06-17T12:12:35: PM2 log: Stopping app:myNextApp id:11
2023-06-17T12:12:35: PM2 log: App name:myNextApp id:11 disconnected
2023-06-17T12:12:35: PM2 log: App [myNextApp:11] exited with code [0] via signal [SIGINT]
2023-06-17T12:12:35: PM2 log: pid=26238 msg=process killed
2023-06-17T12:12:35: PM2 log: Stopping app:myNextApp id:12
2023-06-17T12:12:35: PM2 log: App name:myNextApp id:12 disconnected
2023-06-17T12:12:35: PM2 log: App [myNextApp:12] exited with code [0] via signal [SIGINT]
2023-06-17T12:12:35: PM2 log: pid=26244 msg=process killed
2023-06-17T12:12:35: PM2 log: Stopping app:myNextApp id:13
2023-06-17T12:12:36: PM2 log: App name:myNextApp id:13 disconnected
2023-06-17T12:12:36: PM2 log: App [myNextApp:13] exited with code [0] via signal [SIGINT]
2023-06-17T12:12:36: PM2 log: pid=26252 msg=process killed
2023-06-17T12:14:45: PM2 log: Stopping app:myNextApp id:14
2023-06-17T12:14:46: PM2 log: App name:myNextApp id:14 disconnected
2023-06-17T12:14:46: PM2 log: App [myNextApp:14] exited with code [0] via signal [SIGINT]
2023-06-17T12:14:46: PM2 log: pid=26258 msg=process killed
2023-06-17T12:14:46: PM2 log: Stopping app:myNextApp id:15
2023-06-17T12:14:46: PM2 log: App name:myNextApp id:15 disconnected
2023-06-17T12:14:46: PM2 log: App [myNextApp:15] exited with code [0] via signal [SIGINT]
2023-06-17T12:14:46: PM2 log: pid=26266 msg=process killed
2023-06-17T12:14:46: PM2 log: Stopping app:myNextApp id:16
2023-06-17T12:14:46: PM2 log: App name:myNextApp id:16 disconnected
2023-06-17T12:14:46: PM2 log: App [myNextApp:16] exited with code [0] via signal [SIGINT]
2023-06-17T12:14:46: PM2 log: pid=26272 msg=process killed
2023-06-17T12:14:46: PM2 log: Stopping app:myNextApp id:17
2023-06-17T12:14:46: PM2 log: App name:myNextApp id:17 disconnected
2023-06-17T12:14:46: PM2 log: App [myNextApp:17] exited with code [0] via signal [SIGINT]
2023-06-17T12:14:46: PM2 log: pid=26323 msg=process killed
2023-06-17T12:14:46: PM2 log: Stopping app:myNextApp id:18
2023-06-17T12:14:46: PM2 log: App name:myNextApp id:18 disconnected
2023-06-17T12:14:46: PM2 log: App [myNextApp:18] exited with code [0] via signal [SIGINT]
2023-06-17T12:14:46: PM2 log: pid=26334 msg=process killed
2023-06-17T12:15:20: PM2 log: Stopping app:myNextApp id:19
2023-06-17T12:15:20: PM2 log: App name:myNextApp id:19 disconnected
2023-06-17T12:15:20: PM2 log: App [myNextApp:19] exited with code [0] via signal [SIGINT]
2023-06-17T12:15:20: PM2 log: pid=26345 msg=process killed
2023-06-17T12:15:20: PM2 log: Stopping app:myNextApp id:20
2023-06-17T12:15:20: PM2 log: pid=26361 msg=failed to kill - retrying in 100ms
2023-06-17T12:15:21: PM2 log: pid=26361 msg=failed to kill - retrying in 100ms
2023-06-17T12:15:21: PM2 log: App name:myNextApp id:20 disconnected
2023-06-17T12:15:21: PM2 log: App [myNextApp:20] exited with code [0] via signal [SIGINT]
2023-06-17T12:15:21: PM2 log: pid=26361 msg=process killed
2023-06-17T12:15:21: PM2 log: Stopping app:myNextApp id:21
2023-06-17T12:15:21: PM2 log: App name:myNextApp id:21 disconnected
2023-06-17T12:15:21: PM2 log: App [myNextApp:21] exited with code [0] via signal [SIGINT]
2023-06-17T12:15:21: PM2 log: pid=26367 msg=process killed
2023-06-17T12:36:21: PM2 log: Stopping app:myNextApp id:22
2023-06-17T12:36:21: PM2 log: Stopping app:myNextApp id:23
2023-06-17T12:36:21: PM2 log: pid=26379 msg=failed to kill - retrying in 100ms
2023-06-17T12:36:21: PM2 log: pid=26385 msg=failed to kill - retrying in 100ms
2023-06-17T12:36:21: PM2 log: pid=26379 msg=failed to kill - retrying in 100ms
2023-06-17T12:36:21: PM2 log: pid=26385 msg=failed to kill - retrying in 100ms
2023-06-17T12:36:21: PM2 log: pid=26379 msg=failed to kill - retrying in 100ms
2023-06-17T12:36:21: PM2 log: pid=26385 msg=failed to kill - retrying in 100ms
2023-06-17T12:36:21: PM2 log: pid=26379 msg=failed to kill - retrying in 100ms
2023-06-17T12:36:21: PM2 log: pid=26385 msg=failed to kill - retrying in 100ms
2023-06-17T12:36:21: PM2 log: pid=26379 msg=failed to kill - retrying in 100ms
2023-06-17T12:36:21: PM2 log: pid=26385 msg=failed to kill - retrying in 100ms
2023-06-17T12:36:21: PM2 log: pid=26379 msg=failed to kill - retrying in 100ms
2023-06-17T12:36:22: PM2 log: pid=26385 msg=failed to kill - retrying in 100ms
2023-06-17T12:36:22: PM2 log: pid=26379 msg=failed to kill - retrying in 100ms
2023-06-17T12:36:22: PM2 log: pid=26385 msg=failed to kill - retrying in 100ms
2023-06-17T12:36:22: PM2 log: App name:myNextApp id:23 disconnected
2023-06-17T12:36:22: PM2 log: App [myNextApp:23] exited with code [0] via signal [SIGINT]
2023-06-17T12:36:22: PM2 log: pid=26379 msg=failed to kill - retrying in 100ms
2023-06-17T12:36:22: PM2 log: pid=26385 msg=process killed
2023-06-17T12:36:22: PM2 log: App name:myNextApp id:22 disconnected
2023-06-17T12:36:22: PM2 log: App [myNextApp:22] exited with code [0] via signal [SIGINT]
2023-06-17T12:36:22: PM2 log: pid=26379 msg=process killed
2023-06-17T13:19:10: PM2 log: App [myNextApp:22] starting in -cluster mode-
2023-06-17T13:19:10: PM2 log: App [myNextApp:22] online
2023-06-17T13:19:10: PM2 log: App [myNextApp:23] starting in -cluster mode-
2023-06-17T13:19:11: PM2 log: App [myNextApp:23] online
2023-06-17T13:25:34: PM2 log: [Watch] Start watching myNextApp
2023-06-17T13:25:34: PM2 log: App [myNextApp:24] starting in -cluster mode-
2023-06-17T13:25:35: PM2 log: App [myNextApp:24] online
2023-06-17T13:25:35: PM2 log: [Watch] Start watching myNextApp
2023-06-17T13:25:35: PM2 log: App [myNextApp:25] starting in -cluster mode-
2023-06-17T13:25:35: PM2 log: App [myNextApp:25] online
2023-06-17T13:25:35: PM2 log: [Watch] Start watching myNextApp
2023-06-17T13:25:35: PM2 log: App [myNextApp:26] starting in -cluster mode-
2023-06-17T13:25:35: PM2 log: App [myNextApp:26] online
2023-06-17T17:13:41: PM2 log: Stopping app:myNextApp id:22
2023-06-17T17:13:41: PM2 log: Stopping app:myNextApp id:23
2023-06-17T17:13:41: PM2 log: pid=31613 msg=failed to kill - retrying in 100ms
2023-06-17T17:13:41: PM2 log: pid=31606 msg=failed to kill - retrying in 100ms
2023-06-17T17:13:41: PM2 log: pid=31613 msg=failed to kill - retrying in 100ms
2023-06-17T17:13:41: PM2 log: pid=31606 msg=failed to kill - retrying in 100ms
2023-06-17T17:13:42: PM2 log: pid=31613 msg=failed to kill - retrying in 100ms
2023-06-17T17:13:42: PM2 log: pid=31606 msg=failed to kill - retrying in 100ms
2023-06-17T17:13:42: PM2 log: pid=31613 msg=failed to kill - retrying in 100ms
2023-06-17T17:13:42: PM2 log: pid=31606 msg=failed to kill - retrying in 100ms
2023-06-17T17:13:42: PM2 log: App name:myNextApp id:23 disconnected
2023-06-17T17:13:42: PM2 log: App [myNextApp:23] exited with code [0] via signal [SIGINT]
2023-06-17T17:13:42: PM2 log: pid=31613 msg=process killed
2023-06-17T17:13:42: PM2 log: App [myNextApp:23] starting in -cluster mode-
2023-06-17T17:13:42: PM2 log: pid=31606 msg=failed to kill - retrying in 100ms
2023-06-17T17:13:42: PM2 log: App [myNextApp:22] exited with code [0] via signal [SIGINT]
2023-06-17T17:13:42: PM2 log: App [myNextApp:23] online
2023-06-17T17:13:42: PM2 log: pid=31606 msg=process killed
2023-06-17T17:13:42: PM2 log: App [myNextApp:22] starting in -cluster mode-
2023-06-17T17:13:42: PM2 log: Stopping app:myNextApp id:24
2023-06-17T17:13:42: PM2 log: App [myNextApp:22] online
2023-06-17T17:13:42: PM2 log: Stopping app:myNextApp id:25
2023-06-17T17:13:42: PM2 log: pid=31815 msg=failed to kill - retrying in 100ms
2023-06-17T17:13:42: PM2 log: pid=31822 msg=failed to kill - retrying in 100ms
2023-06-17T17:13:42: PM2 log: pid=31815 msg=failed to kill - retrying in 100ms
2023-06-17T17:13:42: PM2 log: pid=31822 msg=failed to kill - retrying in 100ms
2023-06-17T17:13:42: PM2 log: pid=31815 msg=failed to kill - retrying in 100ms
2023-06-17T17:13:42: PM2 log: pid=31822 msg=failed to kill - retrying in 100ms
2023-06-17T17:13:42: PM2 log: pid=31815 msg=failed to kill - retrying in 100ms
2023-06-17T17:13:42: PM2 log: pid=31822 msg=failed to kill - retrying in 100ms
2023-06-17T17:13:42: PM2 log: pid=31815 msg=failed to kill - retrying in 100ms
2023-06-17T17:13:43: PM2 log: App [myNextApp:24] exited with code [0] via signal [SIGINT]
2023-06-17T17:13:43: PM2 log: pid=31822 msg=failed to kill - retrying in 100ms
2023-06-17T17:13:43: PM2 log: pid=31815 msg=process killed
2023-06-17T17:13:43: PM2 log: App [myNextApp:24] starting in -cluster mode-
2023-06-17T17:13:43: PM2 log: App [myNextApp:25] exited with code [0] via signal [SIGINT]
2023-06-17T17:13:43: PM2 log: pid=31822 msg=process killed
2023-06-17T17:13:43: PM2 log: App [myNextApp:25] starting in -cluster mode-
2023-06-17T17:13:43: PM2 log: App [myNextApp:24] online
2023-06-17T17:13:43: PM2 log: Stopping app:myNextApp id:26
2023-06-17T17:13:43: PM2 log: App [myNextApp:25] online
2023-06-17T17:13:43: PM2 log: pid=31829 msg=failed to kill - retrying in 100ms
2023-06-17T17:13:43: PM2 log: pid=31829 msg=failed to kill - retrying in 100ms
2023-06-17T17:13:43: PM2 log: pid=31829 msg=failed to kill - retrying in 100ms
2023-06-17T17:13:43: PM2 log: pid=31829 msg=failed to kill - retrying in 100ms
2023-06-17T17:13:43: PM2 log: pid=31829 msg=failed to kill - retrying in 100ms
2023-06-17T17:13:43: PM2 log: App [myNextApp:26] exited with code [0] via signal [SIGINT]
2023-06-17T17:13:43: PM2 log: pid=31829 msg=process killed
2023-06-17T17:13:43: PM2 log: App [myNextApp:26] starting in -cluster mode-
2023-06-17T17:13:43: PM2 log: App [myNextApp:26] online
2023-06-18T23:17:32: PM2 log: Stopping app:myNextApp id:22
2023-06-18T23:17:32: PM2 log: Stopping app:myNextApp id:23
2023-06-18T23:17:33: PM2 log: pid=5912 msg=failed to kill - retrying in 100ms
2023-06-18T23:17:33: PM2 log: pid=5905 msg=failed to kill - retrying in 100ms
2023-06-18T23:17:33: PM2 log: pid=5912 msg=failed to kill - retrying in 100ms
2023-06-18T23:17:33: PM2 log: pid=5905 msg=failed to kill - retrying in 100ms
2023-06-18T23:17:33: PM2 log: pid=5912 msg=failed to kill - retrying in 100ms
2023-06-18T23:17:33: PM2 log: pid=5905 msg=failed to kill - retrying in 100ms
2023-06-18T23:17:33: PM2 log: pid=5912 msg=failed to kill - retrying in 100ms
2023-06-18T23:17:33: PM2 log: pid=5905 msg=failed to kill - retrying in 100ms
2023-06-18T23:17:33: PM2 log: pid=5912 msg=failed to kill - retrying in 100ms
2023-06-18T23:17:33: PM2 log: pid=5905 msg=failed to kill - retrying in 100ms
2023-06-18T23:17:33: PM2 log: pid=5912 msg=failed to kill - retrying in 100ms
2023-06-18T23:17:33: PM2 log: pid=5905 msg=failed to kill - retrying in 100ms
2023-06-18T23:17:33: PM2 log: pid=5912 msg=failed to kill - retrying in 100ms
2023-06-18T23:17:33: PM2 log: pid=5905 msg=failed to kill - retrying in 100ms
2023-06-18T23:17:33: PM2 log: pid=5912 msg=failed to kill - retrying in 100ms
2023-06-18T23:17:33: PM2 log: pid=5905 msg=failed to kill - retrying in 100ms
2023-06-18T23:17:33: PM2 log: pid=5912 msg=failed to kill - retrying in 100ms
2023-06-18T23:17:33: PM2 log: pid=5905 msg=failed to kill - retrying in 100ms
2023-06-18T23:17:34: PM2 log: pid=5912 msg=failed to kill - retrying in 100ms
2023-06-18T23:17:34: PM2 log: pid=5905 msg=failed to kill - retrying in 100ms
2023-06-18T23:17:34: PM2 log: pid=5912 msg=failed to kill - retrying in 100ms
2023-06-18T23:17:34: PM2 log: pid=5905 msg=failed to kill - retrying in 100ms
2023-06-18T23:17:34: PM2 log: App name:myNextApp id:22 disconnected
2023-06-18T23:17:34: PM2 log: App [myNextApp:22] exited with code [0] via signal [SIGINT]
2023-06-18T23:17:34: PM2 log: pid=5912 msg=process killed
2023-06-18T23:17:34: PM2 log: App [myNextApp:22] starting in -cluster mode-
2023-06-18T23:17:34: PM2 log: pid=5905 msg=failed to kill - retrying in 100ms
2023-06-18T23:17:34: PM2 log: App name:myNextApp id:23 disconnected
2023-06-18T23:17:34: PM2 log: App [myNextApp:23] exited with code [0] via signal [SIGINT]
2023-06-18T23:17:34: PM2 log: App [myNextApp:22] online
2023-06-18T23:17:34: PM2 log: pid=5905 msg=process killed
2023-06-18T23:17:34: PM2 log: App [myNextApp:23] starting in -cluster mode-
2023-06-18T23:17:34: PM2 log: Stopping app:myNextApp id:24
2023-06-18T23:17:34: PM2 log: App [myNextApp:23] online
2023-06-18T23:17:34: PM2 log: Stopping app:myNextApp id:25
2023-06-18T23:17:34: PM2 log: pid=5927 msg=failed to kill - retrying in 100ms
2023-06-18T23:17:34: PM2 log: pid=5927 msg=failed to kill - retrying in 100ms
2023-06-18T23:17:34: PM2 log: pid=5944 msg=failed to kill - retrying in 100ms
2023-06-18T23:17:34: PM2 log: pid=5927 msg=failed to kill - retrying in 100ms
2023-06-18T23:17:34: PM2 log: pid=5944 msg=failed to kill - retrying in 100ms
2023-06-18T23:17:34: PM2 log: pid=5927 msg=failed to kill - retrying in 100ms
2023-06-18T23:17:34: PM2 log: pid=5944 msg=failed to kill - retrying in 100ms
2023-06-18T23:17:35: PM2 log: pid=5927 msg=failed to kill - retrying in 100ms
2023-06-18T23:17:35: PM2 log: pid=5944 msg=failed to kill - retrying in 100ms
2023-06-18T23:17:35: PM2 log: pid=5927 msg=failed to kill - retrying in 100ms
2023-06-18T23:17:35: PM2 log: pid=5944 msg=failed to kill - retrying in 100ms
2023-06-18T23:17:35: PM2 log: App name:myNextApp id:24 disconnected
2023-06-18T23:17:35: PM2 log: App [myNextApp:24] exited with code [0] via signal [SIGINT]
2023-06-18T23:17:35: PM2 log: App name:myNextApp id:25 disconnected
2023-06-18T23:17:35: PM2 log: App [myNextApp:25] exited with code [0] via signal [SIGINT]
2023-06-18T23:17:35: PM2 log: pid=5927 msg=process killed
2023-06-18T23:17:35: PM2 log: App [myNextApp:24] starting in -cluster mode-
2023-06-18T23:17:35: PM2 log: pid=5944 msg=process killed
2023-06-18T23:17:35: PM2 log: App [myNextApp:25] starting in -cluster mode-
2023-06-18T23:17:35: PM2 log: App [myNextApp:25] online
2023-06-18T23:17:35: PM2 log: Stopping app:myNextApp id:26
2023-06-18T23:17:35: PM2 log: App [myNextApp:24] online
2023-06-18T23:17:35: PM2 log: pid=5957 msg=failed to kill - retrying in 100ms
2023-06-18T23:17:35: PM2 log: pid=5957 msg=failed to kill - retrying in 100ms
2023-06-18T23:17:35: PM2 log: pid=5957 msg=failed to kill - retrying in 100ms
2023-06-18T23:17:35: PM2 log: App [myNextApp:26] exited with code [0] via signal [SIGINT]
2023-06-18T23:17:35: PM2 log: pid=5957 msg=process killed
2023-06-18T23:17:35: PM2 log: App [myNextApp:26] starting in -cluster mode-
2023-06-18T23:17:36: PM2 log: App [myNextApp:26] online
2023-06-19T20:47:32: PM2 log: Stopping app:myNextApp id:22
2023-06-19T20:47:32: PM2 log: Stopping app:myNextApp id:23
2023-06-19T20:47:32: PM2 log: pid=2169 msg=failed to kill - retrying in 100ms
2023-06-19T20:47:32: PM2 log: pid=2161 msg=failed to kill - retrying in 100ms
2023-06-19T20:47:32: PM2 log: pid=2169 msg=failed to kill - retrying in 100ms
2023-06-19T20:47:32: PM2 log: pid=2161 msg=failed to kill - retrying in 100ms
2023-06-19T20:47:32: PM2 log: pid=2169 msg=failed to kill - retrying in 100ms
2023-06-19T20:47:32: PM2 log: pid=2161 msg=failed to kill - retrying in 100ms
2023-06-19T20:47:32: PM2 log: pid=2169 msg=failed to kill - retrying in 100ms
2023-06-19T20:47:32: PM2 log: pid=2161 msg=failed to kill - retrying in 100ms
2023-06-19T20:47:32: PM2 log: pid=2169 msg=failed to kill - retrying in 100ms
2023-06-19T20:47:32: PM2 log: pid=2161 msg=failed to kill - retrying in 100ms
2023-06-19T20:47:32: PM2 log: pid=2169 msg=failed to kill - retrying in 100ms
2023-06-19T20:47:32: PM2 log: pid=2161 msg=failed to kill - retrying in 100ms
2023-06-19T20:47:33: PM2 log: App [myNextApp:22] exited with code [0] via signal [SIGINT]
2023-06-19T20:47:33: PM2 log: pid=2169 msg=failed to kill - retrying in 100ms
2023-06-19T20:47:33: PM2 log: pid=2161 msg=process killed
2023-06-19T20:47:33: PM2 log: App [myNextApp:22] starting in -cluster mode-
2023-06-19T20:47:33: PM2 log: App [myNextApp:23] exited with code [0] via signal [SIGINT]
2023-06-19T20:47:33: PM2 log: pid=2169 msg=process killed
2023-06-19T20:47:33: PM2 log: App [myNextApp:23] starting in -cluster mode-
2023-06-19T20:47:33: PM2 log: App [myNextApp:22] online
2023-06-19T20:47:33: PM2 log: Stopping app:myNextApp id:24
2023-06-19T20:47:33: PM2 log: App [myNextApp:23] online
2023-06-19T20:47:33: PM2 log: Stopping app:myNextApp id:25
2023-06-19T20:47:33: PM2 log: pid=2178 msg=failed to kill - retrying in 100ms
2023-06-19T20:47:33: PM2 log: pid=2179 msg=failed to kill - retrying in 100ms
2023-06-19T20:47:33: PM2 log: pid=2178 msg=failed to kill - retrying in 100ms
2023-06-19T20:47:33: PM2 log: pid=2179 msg=failed to kill - retrying in 100ms
2023-06-19T20:47:33: PM2 log: pid=2178 msg=failed to kill - retrying in 100ms
2023-06-19T20:47:33: PM2 log: pid=2179 msg=failed to kill - retrying in 100ms
2023-06-19T20:47:33: PM2 log: pid=2178 msg=failed to kill - retrying in 100ms
2023-06-19T20:47:33: PM2 log: App [myNextApp:25] exited with code [0] via signal [SIGINT]
2023-06-19T20:47:33: PM2 log: pid=2179 msg=process killed
2023-06-19T20:47:33: PM2 log: App [myNextApp:25] starting in -cluster mode-
2023-06-19T20:47:33: PM2 log: pid=2178 msg=failed to kill - retrying in 100ms
2023-06-19T20:47:33: PM2 log: App [myNextApp:24] exited with code [0] via signal [SIGINT]
2023-06-19T20:47:33: PM2 log: App [myNextApp:25] online
2023-06-19T20:47:33: PM2 log: Stopping app:myNextApp id:26
2023-06-19T20:47:33: PM2 log: pid=2178 msg=process killed
2023-06-19T20:47:33: PM2 log: App [myNextApp:24] starting in -cluster mode-
2023-06-19T20:47:33: PM2 log: pid=2193 msg=failed to kill - retrying in 100ms
2023-06-19T20:47:33: PM2 log: App [myNextApp:24] online
2023-06-19T20:47:34: PM2 log: pid=2193 msg=failed to kill - retrying in 100ms
2023-06-19T20:47:34: PM2 log: pid=2193 msg=failed to kill - retrying in 100ms
2023-06-19T20:47:34: PM2 log: pid=2193 msg=failed to kill - retrying in 100ms
2023-06-19T20:47:34: PM2 log: App name:myNextApp id:26 disconnected
2023-06-19T20:47:34: PM2 log: App [myNextApp:26] exited with code [0] via signal [SIGINT]
2023-06-19T20:47:34: PM2 log: pid=2193 msg=process killed
2023-06-19T20:47:34: PM2 log: App [myNextApp:26] starting in -cluster mode-
2023-06-19T20:47:34: PM2 log: App [myNextApp:26] online
2023-06-19T21:00:15: PM2 log: Stopping app:myNextApp id:22
2023-06-19T21:00:15: PM2 log: Stopping app:myNextApp id:23
2023-06-19T21:00:15: PM2 log: App name:myNextApp id:22 disconnected
2023-06-19T21:00:15: PM2 log: App [myNextApp:22] exited with code [0] via signal [SIGINT]
2023-06-19T21:00:15: PM2 log: App name:myNextApp id:23 disconnected
2023-06-19T21:00:15: PM2 log: App [myNextApp:23] exited with code [0] via signal [SIGINT]
2023-06-19T21:00:15: PM2 log: pid=26631 msg=process killed
2023-06-19T21:00:15: PM2 log: App [myNextApp:22] starting in -cluster mode-
2023-06-19T21:00:15: PM2 log: pid=26638 msg=process killed
2023-06-19T21:00:15: PM2 log: App [myNextApp:23] starting in -cluster mode-
2023-06-19T21:00:15: PM2 log: App [myNextApp:22] online
2023-06-19T21:00:15: PM2 log: Stopping app:myNextApp id:24
2023-06-19T21:00:15: PM2 log: App [myNextApp:23] online
2023-06-19T21:00:15: PM2 log: Stopping app:myNextApp id:25
2023-06-19T21:00:15: PM2 log: App name:myNextApp id:24 disconnected
2023-06-19T21:00:15: PM2 log: App [myNextApp:24] exited with code [0] via signal [SIGINT]
2023-06-19T21:00:15: PM2 log: App name:myNextApp id:25 disconnected
2023-06-19T21:00:15: PM2 log: App [myNextApp:25] exited with code [0] via signal [SIGINT]
2023-06-19T21:00:15: PM2 log: pid=26660 msg=process killed
2023-06-19T21:00:15: PM2 log: App [myNextApp:24] starting in -cluster mode-
2023-06-19T21:00:15: PM2 log: pid=26652 msg=process killed
2023-06-19T21:00:15: PM2 log: App [myNextApp:25] starting in -cluster mode-
2023-06-19T21:00:16: PM2 log: App [myNextApp:24] online
2023-06-19T21:00:16: PM2 log: Stopping app:myNextApp id:26
2023-06-19T21:00:16: PM2 log: App [myNextApp:25] online
2023-06-19T21:00:16: PM2 log: App name:myNextApp id:26 disconnected
2023-06-19T21:00:16: PM2 log: App [myNextApp:26] exited with code [0] via signal [SIGINT]
2023-06-19T21:00:16: PM2 log: pid=26667 msg=process killed
2023-06-19T21:00:16: PM2 log: App [myNextApp:26] starting in -cluster mode-
2023-06-19T21:00:16: PM2 log: App [myNextApp:26] online
2023-06-19T21:30:19: PM2 log: Stopping app:myNextApp id:22
2023-06-19T21:30:19: PM2 log: Stopping app:myNextApp id:23
2023-06-19T21:30:19: PM2 log: pid=27823 msg=failed to kill - retrying in 100ms
2023-06-19T21:30:19: PM2 log: pid=27824 msg=failed to kill - retrying in 100ms
2023-06-19T21:30:19: PM2 log: pid=27823 msg=failed to kill - retrying in 100ms
2023-06-19T21:30:19: PM2 log: pid=27824 msg=failed to kill - retrying in 100ms
2023-06-19T21:30:19: PM2 log: pid=27823 msg=failed to kill - retrying in 100ms
2023-06-19T21:30:19: PM2 log: pid=27824 msg=failed to kill - retrying in 100ms
2023-06-19T21:30:19: PM2 log: App name:myNextApp id:22 disconnected
2023-06-19T21:30:19: PM2 log: App [myNextApp:22] exited with code [0] via signal [SIGINT]
2023-06-19T21:30:19: PM2 log: pid=27823 msg=process killed
2023-06-19T21:30:19: PM2 log: App [myNextApp:22] starting in -cluster mode-
2023-06-19T21:30:19: PM2 log: pid=27824 msg=failed to kill - retrying in 100ms
2023-06-19T21:30:19: PM2 log: App name:myNextApp id:23 disconnected
2023-06-19T21:30:19: PM2 log: App [myNextApp:23] exited with code [0] via signal [SIGINT]
2023-06-19T21:30:19: PM2 log: App [myNextApp:22] online
2023-06-19T21:30:19: PM2 log: pid=27824 msg=process killed
2023-06-19T21:30:19: PM2 log: App [myNextApp:23] starting in -cluster mode-
2023-06-19T21:30:19: PM2 log: Stopping app:myNextApp id:24
2023-06-19T21:30:19: PM2 log: App [myNextApp:23] online
2023-06-19T21:30:19: PM2 log: Stopping app:myNextApp id:25
2023-06-19T21:30:19: PM2 log: pid=27839 msg=failed to kill - retrying in 100ms
2023-06-19T21:30:20: PM2 log: pid=27845 msg=failed to kill - retrying in 100ms
2023-06-19T21:30:20: PM2 log: pid=27839 msg=failed to kill - retrying in 100ms
2023-06-19T21:30:20: PM2 log: pid=27845 msg=failed to kill - retrying in 100ms
2023-06-19T21:30:20: PM2 log: pid=27839 msg=failed to kill - retrying in 100ms
2023-06-19T21:30:20: PM2 log: App name:myNextApp id:24 disconnected
2023-06-19T21:30:20: PM2 log: App [myNextApp:24] exited with code [0] via signal [SIGINT]
2023-06-19T21:30:20: PM2 log: pid=27845 msg=failed to kill - retrying in 100ms
2023-06-19T21:30:20: PM2 log: pid=27839 msg=process killed
2023-06-19T21:30:20: PM2 log: App [myNextApp:24] starting in -cluster mode-
2023-06-19T21:30:20: PM2 log: pid=27845 msg=failed to kill - retrying in 100ms
2023-06-19T21:30:20: PM2 log: App [myNextApp:24] online
2023-06-19T21:30:20: PM2 log: Stopping app:myNextApp id:26
2023-06-19T21:30:20: PM2 log: App name:myNextApp id:25 disconnected
2023-06-19T21:30:20: PM2 log: pid=27845 msg=failed to kill - retrying in 100ms
2023-06-19T21:30:20: PM2 log: App [myNextApp:25] exited with code [0] via signal [SIGINT]
2023-06-19T21:30:20: PM2 log: pid=27862 msg=failed to kill - retrying in 100ms
2023-06-19T21:30:20: PM2 log: pid=27845 msg=process killed
2023-06-19T21:30:20: PM2 log: App [myNextApp:25] starting in -cluster mode-
2023-06-19T21:30:20: PM2 log: App name:myNextApp id:26 disconnected
2023-06-19T21:30:20: PM2 log: App [myNextApp:26] exited with code [0] via signal [SIGINT]
2023-06-19T21:30:20: PM2 log: pid=27862 msg=process killed
2023-06-19T21:30:20: PM2 log: App [myNextApp:26] starting in -cluster mode-
2023-06-19T21:30:20: PM2 log: App [myNextApp:25] online
2023-06-19T21:30:20: PM2 log: App [myNextApp:26] online
2023-06-19T23:17:04: PM2 log: Stopping app:myNextApp id:22
2023-06-19T23:17:04: PM2 log: Stopping app:myNextApp id:23
2023-06-19T23:17:04: PM2 log: pid=29838 msg=failed to kill - retrying in 100ms
2023-06-19T23:17:04: PM2 log: pid=29845 msg=failed to kill - retrying in 100ms
2023-06-19T23:17:04: PM2 log: pid=29838 msg=failed to kill - retrying in 100ms
2023-06-19T23:17:04: PM2 log: pid=29845 msg=failed to kill - retrying in 100ms
2023-06-19T23:17:04: PM2 log: App [myNextApp:22] exited with code [0] via signal [SIGINT]
2023-06-19T23:17:04: PM2 log: pid=29838 msg=process killed
2023-06-19T23:17:04: PM2 log: App [myNextApp:22] starting in -cluster mode-
2023-06-19T23:17:04: PM2 log: pid=29845 msg=failed to kill - retrying in 100ms
2023-06-19T23:17:04: PM2 log: App [myNextApp:23] exited with code [0] via signal [SIGINT]
2023-06-19T23:17:04: PM2 log: App [myNextApp:22] online
2023-06-19T23:17:04: PM2 log: pid=29845 msg=process killed
2023-06-19T23:17:04: PM2 log: App [myNextApp:23] starting in -cluster mode-
2023-06-19T23:17:04: PM2 log: Stopping app:myNextApp id:24
2023-06-19T23:17:04: PM2 log: App [myNextApp:23] online
2023-06-19T23:17:04: PM2 log: Stopping app:myNextApp id:25
2023-06-19T23:17:05: PM2 log: pid=29855 msg=failed to kill - retrying in 100ms
2023-06-19T23:17:05: PM2 log: pid=29863 msg=failed to kill - retrying in 100ms
2023-06-19T23:17:05: PM2 log: pid=29855 msg=failed to kill - retrying in 100ms
2023-06-19T23:17:05: PM2 log: pid=29863 msg=failed to kill - retrying in 100ms
2023-06-19T23:17:05: PM2 log: pid=29855 msg=failed to kill - retrying in 100ms
2023-06-19T23:17:05: PM2 log: App name:myNextApp id:24 disconnected
2023-06-19T23:17:05: PM2 log: App [myNextApp:24] exited with code [0] via signal [SIGINT]
2023-06-19T23:17:05: PM2 log: pid=29863 msg=failed to kill - retrying in 100ms
2023-06-19T23:17:05: PM2 log: pid=29855 msg=process killed
2023-06-19T23:17:05: PM2 log: App [myNextApp:24] starting in -cluster mode-
2023-06-19T23:17:05: PM2 log: App name:myNextApp id:25 disconnected
2023-06-19T23:17:05: PM2 log: App [myNextApp:25] exited with code [0] via signal [SIGINT]
2023-06-19T23:17:05: PM2 log: pid=29863 msg=process killed
2023-06-19T23:17:05: PM2 log: App [myNextApp:25] starting in -cluster mode-
2023-06-19T23:17:05: PM2 log: App [myNextApp:24] online
2023-06-19T23:17:05: PM2 log: Stopping app:myNextApp id:26
2023-06-19T23:17:05: PM2 log: App [myNextApp:25] online
2023-06-19T23:17:05: PM2 log: pid=29870 msg=failed to kill - retrying in 100ms
2023-06-19T23:17:05: PM2 log: pid=29870 msg=failed to kill - retrying in 100ms
2023-06-19T23:17:05: PM2 log: App name:myNextApp id:26 disconnected
2023-06-19T23:17:05: PM2 log: App [myNextApp:26] exited with code [0] via signal [SIGINT]
2023-06-19T23:17:05: PM2 log: pid=29870 msg=process killed
2023-06-19T23:17:05: PM2 log: App [myNextApp:26] starting in -cluster mode-
2023-06-19T23:17:05: PM2 log: App [myNextApp:26] online
2023-06-22T23:04:15: PM2 log: App name:myNextApp id:23 disconnected
2023-06-22T23:04:15: PM2 log: App [myNextApp:23] exited with code [0] via signal [SIGKILL]
2023-06-22T23:04:15: PM2 log: App [myNextApp:23] starting in -cluster mode-
2023-06-22T23:04:17: PM2 log: App [myNextApp:23] online
2023-06-25T12:32:32: PM2 log: Stopping app:myNextApp id:22
2023-06-25T12:32:32: PM2 log: Stopping app:myNextApp id:23
2023-06-25T12:32:32: PM2 log: pid=3036 msg=failed to kill - retrying in 100ms
2023-06-25T12:32:32: PM2 log: pid=12147 msg=failed to kill - retrying in 100ms
2023-06-25T12:32:32: PM2 log: App name:myNextApp id:23 disconnected
2023-06-25T12:32:32: PM2 log: App [myNextApp:23] exited with code [0] via signal [SIGINT]
2023-06-25T12:32:32: PM2 log: pid=3036 msg=failed to kill - retrying in 100ms
2023-06-25T12:32:32: PM2 log: pid=12147 msg=process killed
2023-06-25T12:32:32: PM2 log: App [myNextApp:23] starting in -cluster mode-
2023-06-25T12:32:32: PM2 log: pid=3036 msg=failed to kill - retrying in 100ms
2023-06-25T12:32:32: PM2 log: pid=3036 msg=failed to kill - retrying in 100ms
2023-06-25T12:32:32: PM2 log: App [myNextApp:23] online
2023-06-25T12:32:32: PM2 log: Stopping app:myNextApp id:24
2023-06-25T12:32:32: PM2 log: pid=3036 msg=failed to kill - retrying in 100ms
2023-06-25T12:32:32: PM2 log: pid=3036 msg=failed to kill - retrying in 100ms
2023-06-25T12:32:32: PM2 log: pid=3052 msg=failed to kill - retrying in 100ms
2023-06-25T12:32:33: PM2 log: pid=3036 msg=failed to kill - retrying in 100ms
2023-06-25T12:32:33: PM2 log: pid=3052 msg=failed to kill - retrying in 100ms
2023-06-25T12:32:33: PM2 log: pid=3036 msg=failed to kill - retrying in 100ms
2023-06-25T12:32:33: PM2 log: pid=3052 msg=failed to kill - retrying in 100ms
2023-06-25T12:32:33: PM2 log: App name:myNextApp id:22 disconnected
2023-06-25T12:32:33: PM2 log: App [myNextApp:22] exited with code [0] via signal [SIGINT]
2023-06-25T12:32:33: PM2 log: pid=3036 msg=process killed
2023-06-25T12:32:33: PM2 log: App [myNextApp:22] starting in -cluster mode-
2023-06-25T12:32:33: PM2 log: pid=3052 msg=failed to kill - retrying in 100ms
2023-06-25T12:32:33: PM2 log: App [myNextApp:22] online
2023-06-25T12:32:33: PM2 log: pid=3052 msg=failed to kill - retrying in 100ms
2023-06-25T12:32:33: PM2 log: Stopping app:myNextApp id:25
2023-06-25T12:32:33: PM2 log: pid=3052 msg=failed to kill - retrying in 100ms
2023-06-25T12:32:33: PM2 log: pid=3059 msg=failed to kill - retrying in 100ms
2023-06-25T12:32:33: PM2 log: pid=3052 msg=failed to kill - retrying in 100ms
2023-06-25T12:32:33: PM2 log: pid=3059 msg=failed to kill - retrying in 100ms
2023-06-25T12:32:33: PM2 log: App name:myNextApp id:24 disconnected
2023-06-25T12:32:33: PM2 log: App [myNextApp:24] exited with code [0] via signal [SIGINT]
2023-06-25T12:32:33: PM2 log: pid=3052 msg=process killed
2023-06-25T12:32:33: PM2 log: App [myNextApp:24] starting in -cluster mode-
2023-06-25T12:32:33: PM2 log: pid=3059 msg=failed to kill - retrying in 100ms
2023-06-25T12:32:33: PM2 log: pid=3059 msg=failed to kill - retrying in 100ms
2023-06-25T12:32:34: PM2 log: pid=3059 msg=failed to kill - retrying in 100ms
2023-06-25T12:32:34: PM2 log: pid=3059 msg=failed to kill - retrying in 100ms
2023-06-25T12:32:34: PM2 log: App [myNextApp:24] online
2023-06-25T12:32:34: PM2 log: Stopping app:myNextApp id:26
2023-06-25T12:32:34: PM2 log: pid=3059 msg=failed to kill - retrying in 100ms
2023-06-25T12:32:34: PM2 log: pid=3059 msg=failed to kill - retrying in 100ms
2023-06-25T12:32:34: PM2 log: pid=3083 msg=failed to kill - retrying in 100ms
2023-06-25T12:32:34: PM2 log: App name:myNextApp id:25 disconnected
2023-06-25T12:32:34: PM2 log: App [myNextApp:25] exited with code [0] via signal [SIGINT]
2023-06-25T12:32:34: PM2 log: pid=3059 msg=process killed
2023-06-25T12:32:34: PM2 log: App [myNextApp:25] starting in -cluster mode-
2023-06-25T12:32:34: PM2 log: pid=3083 msg=failed to kill - retrying in 100ms
2023-06-25T12:32:34: PM2 log: pid=3083 msg=failed to kill - retrying in 100ms
2023-06-25T12:32:34: PM2 log: pid=3083 msg=failed to kill - retrying in 100ms
2023-06-25T12:32:34: PM2 log: pid=3083 msg=failed to kill - retrying in 100ms
2023-06-25T12:32:34: PM2 log: pid=3083 msg=failed to kill - retrying in 100ms
2023-06-25T12:32:35: PM2 log: App [myNextApp:25] online
2023-06-25T12:32:35: PM2 log: pid=3083 msg=failed to kill - retrying in 100ms
2023-06-25T12:32:35: PM2 log: pid=3083 msg=failed to kill - retrying in 100ms
2023-06-25T12:32:35: PM2 log: pid=3083 msg=failed to kill - retrying in 100ms
2023-06-25T12:32:35: PM2 log: pid=3083 msg=failed to kill - retrying in 100ms
2023-06-25T12:32:35: PM2 log: pid=3083 msg=failed to kill - retrying in 100ms
2023-06-25T12:32:35: PM2 log: pid=3083 msg=failed to kill - retrying in 100ms
2023-06-25T12:32:35: PM2 log: pid=3083 msg=failed to kill - retrying in 100ms
2023-06-25T12:32:35: PM2 log: pid=3083 msg=failed to kill - retrying in 100ms
2023-06-25T12:32:35: PM2 log: pid=3083 msg=failed to kill - retrying in 100ms
2023-06-25T12:32:35: PM2 log: App [myNextApp:26] exited with code [0] via signal [SIGINT]
2023-06-25T12:32:35: PM2 log: Process with pid 3083 still alive after 1600ms, sending it SIGKILL now...
2023-06-25T12:32:36: PM2 log: pid=3083 msg=process killed
2023-06-25T12:32:36: PM2 log: App [myNextApp:26] starting in -cluster mode-
2023-06-25T12:32:36: PM2 log: App [myNextApp:26] online
2023-06-29T19:09:33: PM2 log: ===============================================================================
2023-06-29T19:09:33: PM2 log: --- New PM2 Daemon started ----------------------------------------------------
2023-06-29T19:09:33: PM2 log: Time                 : Thu Jun 29 2023 19:09:33 GMT+0330 (Iran Standard Time)
2023-06-29T19:09:33: PM2 log: PM2 version          : 5.2.2
2023-06-29T19:09:33: PM2 log: Node.js version      : 16.19.1
2023-06-29T19:09:33: PM2 log: Current arch         : x64
2023-06-29T19:09:33: PM2 log: PM2 home             : /opt/lidoma/lidoma-trip/.pm2
2023-06-29T19:09:33: PM2 log: PM2 PID file         : /opt/lidoma/lidoma-trip/.pm2/pm2.pid
2023-06-29T19:09:33: PM2 log: RPC socket file      : /opt/lidoma/lidoma-trip/.pm2/rpc.sock
2023-06-29T19:09:33: PM2 log: BUS socket file      : /opt/lidoma/lidoma-trip/.pm2/pub.sock
2023-06-29T19:09:33: PM2 log: Application log path : /opt/lidoma/lidoma-trip/.pm2/logs
2023-06-29T19:09:33: PM2 log: Worker Interval      : 30000
2023-06-29T19:09:33: PM2 log: Process dump file    : /opt/lidoma/lidoma-trip/.pm2/dump.pm2
2023-06-29T19:09:33: PM2 log: Concurrent actions   : 2
2023-06-29T19:09:33: PM2 log: SIGTERM timeout      : 1600
2023-06-29T19:09:33: PM2 log: ===============================================================================
2023-06-29T19:11:29: PM2 log: [Watch] Start watching myNextApp
2023-06-29T19:11:29: PM2 log: App [myNextApp:0] starting in -cluster mode-
2023-06-29T19:11:29: PM2 log: App [myNextApp:0] online
2023-06-29T19:11:29: PM2 log: [Watch] Start watching myNextApp
2023-06-29T19:11:29: PM2 log: App [myNextApp:1] starting in -cluster mode-
2023-06-29T19:11:29: PM2 log: App [myNextApp:1] online
2023-06-29T19:11:29: PM2 log: [Watch] Start watching myNextApp
2023-06-29T19:11:29: PM2 log: App [myNextApp:2] starting in -cluster mode-
2023-06-29T19:11:30: PM2 log: App [myNextApp:2] online
2023-06-29T19:11:30: PM2 log: [Watch] Start watching myNextApp
2023-06-29T19:11:30: PM2 log: App [myNextApp:3] starting in -cluster mode-
2023-06-29T19:11:30: PM2 log: App [myNextApp:3] online
2023-06-29T19:11:30: PM2 log: [Watch] Start watching myNextApp
2023-06-29T19:11:30: PM2 log: App [myNextApp:4] starting in -cluster mode-
2023-06-29T19:11:30: PM2 log: App [myNextApp:4] online
2023-06-29T19:11:30: PM2 log: [Watch] Start watching myNextApp
2023-06-29T19:11:30: PM2 log: App [myNextApp:5] starting in -cluster mode-
2023-06-29T19:11:30: PM2 log: App [myNextApp:5] online
2023-06-29T19:11:30: PM2 log: [Watch] Start watching myNextApp
2023-06-29T19:11:30: PM2 log: App [myNextApp:6] starting in -cluster mode-
2023-06-29T19:11:30: PM2 log: App [myNextApp:6] online
2023-06-29T19:11:30: PM2 log: [Watch] Start watching myNextApp
2023-06-29T19:11:30: PM2 log: App [myNextApp:7] starting in -cluster mode-
2023-06-29T19:11:30: PM2 log: App [myNextApp:7] online
2023-06-29T19:11:30: PM2 log: [Watch] Start watching myNextApp
2023-06-29T19:11:30: PM2 log: App [myNextApp:8] starting in -cluster mode-
2023-06-29T19:11:30: PM2 log: App [myNextApp:8] online
2023-06-29T19:11:30: PM2 log: [Watch] Start watching myNextApp
2023-06-29T19:11:30: PM2 log: App [myNextApp:9] starting in -cluster mode-
2023-06-29T19:11:30: PM2 log: App [myNextApp:9] online
2023-06-29T20:37:00: PM2 log: Stopping app:myNextApp id:0
2023-06-29T20:37:00: PM2 log: Stopping app:myNextApp id:1
2023-06-29T20:37:01: PM2 log: pid=31995 msg=failed to kill - retrying in 100ms
2023-06-29T20:37:01: PM2 log: pid=32002 msg=failed to kill - retrying in 100ms
2023-06-29T20:37:01: PM2 log: pid=31995 msg=failed to kill - retrying in 100ms
2023-06-29T20:37:01: PM2 log: pid=32002 msg=failed to kill - retrying in 100ms
2023-06-29T20:37:01: PM2 log: App name:myNextApp id:1 disconnected
2023-06-29T20:37:01: PM2 log: App [myNextApp:1] exited with code [0] via signal [SIGINT]
2023-06-29T20:37:01: PM2 log: App name:myNextApp id:0 disconnected
2023-06-29T20:37:01: PM2 log: App [myNextApp:0] exited with code [0] via signal [SIGINT]
2023-06-29T20:37:01: PM2 log: pid=31995 msg=process killed
2023-06-29T20:37:01: PM2 log: App [myNextApp:0] starting in -cluster mode-
2023-06-29T20:37:01: PM2 log: pid=32002 msg=process killed
2023-06-29T20:37:01: PM2 log: App [myNextApp:1] starting in -cluster mode-
2023-06-29T20:37:01: PM2 log: App [myNextApp:0] online
2023-06-29T20:37:01: PM2 log: App [myNextApp:1] online
2023-06-29T20:37:01: PM2 log: Stopping app:myNextApp id:2
2023-06-29T20:37:01: PM2 log: Stopping app:myNextApp id:3
2023-06-29T20:37:01: PM2 log: pid=32009 msg=failed to kill - retrying in 100ms
2023-06-29T20:37:01: PM2 log: pid=32016 msg=failed to kill - retrying in 100ms
2023-06-29T20:37:01: PM2 log: pid=32009 msg=failed to kill - retrying in 100ms
2023-06-29T20:37:01: PM2 log: pid=32016 msg=failed to kill - retrying in 100ms
2023-06-29T20:37:01: PM2 log: pid=32009 msg=failed to kill - retrying in 100ms
2023-06-29T20:37:01: PM2 log: pid=32016 msg=failed to kill - retrying in 100ms
2023-06-29T20:37:01: PM2 log: App name:myNextApp id:3 disconnected
2023-06-29T20:37:01: PM2 log: App [myNextApp:2] exited with code [0] via signal [SIGINT]
2023-06-29T20:37:01: PM2 log: App [myNextApp:3] exited with code [0] via signal [SIGINT]
2023-06-29T20:37:01: PM2 log: pid=32009 msg=process killed
2023-06-29T20:37:01: PM2 log: App [myNextApp:2] starting in -cluster mode-
2023-06-29T20:37:01: PM2 log: pid=32016 msg=process killed
2023-06-29T20:37:01: PM2 log: App [myNextApp:3] starting in -cluster mode-
2023-06-29T20:37:02: PM2 log: App [myNextApp:2] online
2023-06-29T20:37:02: PM2 log: Stopping app:myNextApp id:4
2023-06-29T20:37:02: PM2 log: App [myNextApp:3] online
2023-06-29T20:37:02: PM2 log: Stopping app:myNextApp id:5
2023-06-29T20:37:02: PM2 log: pid=32029 msg=failed to kill - retrying in 100ms
2023-06-29T20:37:02: PM2 log: pid=32046 msg=failed to kill - retrying in 100ms
2023-06-29T20:37:02: PM2 log: pid=32029 msg=failed to kill - retrying in 100ms
2023-06-29T20:37:02: PM2 log: pid=32046 msg=failed to kill - retrying in 100ms
2023-06-29T20:37:02: PM2 log: pid=32029 msg=failed to kill - retrying in 100ms
2023-06-29T20:37:02: PM2 log: pid=32046 msg=failed to kill - retrying in 100ms
2023-06-29T20:37:02: PM2 log: pid=32029 msg=failed to kill - retrying in 100ms
2023-06-29T20:37:02: PM2 log: pid=32046 msg=failed to kill - retrying in 100ms
2023-06-29T20:37:02: PM2 log: App [myNextApp:4] exited with code [0] via signal [SIGINT]
2023-06-29T20:37:02: PM2 log: App [myNextApp:5] exited with code [0] via signal [SIGINT]
2023-06-29T20:37:02: PM2 log: pid=32029 msg=process killed
2023-06-29T20:37:02: PM2 log: App [myNextApp:4] starting in -cluster mode-
2023-06-29T20:37:02: PM2 log: pid=32046 msg=process killed
2023-06-29T20:37:02: PM2 log: App [myNextApp:5] starting in -cluster mode-
2023-06-29T20:37:02: PM2 log: App [myNextApp:4] online
2023-06-29T20:37:02: PM2 log: Stopping app:myNextApp id:6
2023-06-29T20:37:02: PM2 log: App [myNextApp:5] online
2023-06-29T20:37:02: PM2 log: Stopping app:myNextApp id:7
2023-06-29T20:37:02: PM2 log: pid=32057 msg=failed to kill - retrying in 100ms
2023-06-29T20:37:02: PM2 log: pid=32068 msg=failed to kill - retrying in 100ms
2023-06-29T20:37:03: PM2 log: pid=32057 msg=failed to kill - retrying in 100ms
2023-06-29T20:37:03: PM2 log: pid=32068 msg=failed to kill - retrying in 100ms
2023-06-29T20:37:03: PM2 log: pid=32057 msg=failed to kill - retrying in 100ms
2023-06-29T20:37:03: PM2 log: pid=32068 msg=failed to kill - retrying in 100ms
2023-06-29T20:37:03: PM2 log: pid=32057 msg=failed to kill - retrying in 100ms
2023-06-29T20:37:03: PM2 log: pid=32068 msg=failed to kill - retrying in 100ms
2023-06-29T20:37:03: PM2 log: pid=32057 msg=failed to kill - retrying in 100ms
2023-06-29T20:37:03: PM2 log: pid=32068 msg=failed to kill - retrying in 100ms
2023-06-29T20:37:04: PM2 log: pid=32057 msg=failed to kill - retrying in 100ms
2023-06-29T20:37:04: PM2 log: pid=32068 msg=failed to kill - retrying in 100ms
2023-06-29T20:37:04: PM2 log: App [myNextApp:6] exited with code [0] via signal [SIGINT]
2023-06-29T20:37:04: PM2 log: App [myNextApp:7] exited with code [0] via signal [SIGINT]
2023-06-29T20:37:04: PM2 log: pid=32057 msg=process killed
2023-06-29T20:37:04: PM2 log: App [myNextApp:6] starting in -cluster mode-
2023-06-29T20:37:04: PM2 log: pid=32068 msg=process killed
2023-06-29T20:37:04: PM2 log: App [myNextApp:7] starting in -cluster mode-
2023-06-29T20:37:04: PM2 log: App [myNextApp:6] online
2023-06-29T20:37:04: PM2 log: Stopping app:myNextApp id:8
2023-06-29T20:37:04: PM2 log: App [myNextApp:7] online
2023-06-29T20:37:04: PM2 log: Stopping app:myNextApp id:9
2023-06-29T20:37:04: PM2 log: pid=32077 msg=failed to kill - retrying in 100ms
2023-06-29T20:37:04: PM2 log: pid=32086 msg=failed to kill - retrying in 100ms
2023-06-29T20:37:04: PM2 log: pid=32077 msg=failed to kill - retrying in 100ms
2023-06-29T20:37:04: PM2 log: pid=32086 msg=failed to kill - retrying in 100ms
2023-06-29T20:37:04: PM2 log: pid=32077 msg=failed to kill - retrying in 100ms
2023-06-29T20:37:04: PM2 log: pid=32086 msg=failed to kill - retrying in 100ms
2023-06-29T20:37:04: PM2 log: App name:myNextApp id:8 disconnected
2023-06-29T20:37:04: PM2 log: App [myNextApp:8] exited with code [0] via signal [SIGINT]
2023-06-29T20:37:04: PM2 log: pid=32077 msg=process killed
2023-06-29T20:37:04: PM2 log: App [myNextApp:8] starting in -cluster mode-
2023-06-29T20:37:04: PM2 log: pid=32086 msg=failed to kill - retrying in 100ms
2023-06-29T20:37:04: PM2 log: App name:myNextApp id:9 disconnected
2023-06-29T20:37:04: PM2 log: App [myNextApp:9] exited with code [0] via signal [SIGINT]
2023-06-29T20:37:04: PM2 log: App [myNextApp:8] online
2023-06-29T20:37:05: PM2 log: pid=32086 msg=process killed
2023-06-29T20:37:05: PM2 log: App [myNextApp:9] starting in -cluster mode-
2023-06-29T20:37:05: PM2 log: App [myNextApp:9] online
2023-06-30T12:56:40: PM2 log: App name:myNextApp id:3 disconnected
2023-06-30T12:56:40: PM2 log: App [myNextApp:3] exited with code [0] via signal [SIGKILL]
2023-06-30T12:56:41: PM2 log: App [myNextApp:3] starting in -cluster mode-
2023-06-30T12:57:04: PM2 log: App [myNextApp:3] online
2023-06-30T12:57:49: PM2 log: App [myNextApp:3] exited with code [1] via signal [SIGINT]
2023-06-30T12:57:49: PM2 log: App [myNextApp:3] starting in -cluster mode-
2023-06-30T12:57:49: PM2 log: App [myNextApp:3] online
2023-06-30T12:57:52: PM2 log: App [myNextApp:3] exited with code [1] via signal [SIGINT]
2023-06-30T12:57:52: PM2 log: App [myNextApp:3] starting in -cluster mode-
2023-06-30T12:57:52: PM2 log: App [myNextApp:3] online
2023-06-30T12:57:56: PM2 log: App name:myNextApp id:3 disconnected
2023-06-30T12:57:56: PM2 log: App [myNextApp:3] exited with code [1] via signal [SIGINT]
2023-06-30T12:57:56: PM2 log: App [myNextApp:3] starting in -cluster mode-
2023-06-30T12:57:56: PM2 log: App [myNextApp:3] online
2023-06-30T12:57:59: PM2 log: App name:myNextApp id:3 disconnected
2023-06-30T12:57:59: PM2 log: App [myNextApp:3] exited with code [1] via signal [SIGINT]
2023-06-30T12:57:59: PM2 log: App [myNextApp:3] starting in -cluster mode-
2023-06-30T12:57:59: PM2 log: App [myNextApp:3] online
2023-06-30T12:58:02: PM2 log: App name:myNextApp id:3 disconnected
2023-06-30T12:58:02: PM2 log: App [myNextApp:3] exited with code [1] via signal [SIGINT]
2023-06-30T12:58:02: PM2 log: App [myNextApp:3] starting in -cluster mode-
2023-06-30T12:58:02: PM2 log: App [myNextApp:3] online
2023-06-30T12:58:06: PM2 log: App name:myNextApp id:3 disconnected
2023-06-30T12:58:06: PM2 log: App [myNextApp:3] exited with code [1] via signal [SIGINT]
2023-06-30T12:58:06: PM2 log: App [myNextApp:3] starting in -cluster mode-
2023-06-30T12:58:06: PM2 log: App [myNextApp:3] online
2023-06-30T12:58:11: PM2 log: App [myNextApp:3] exited with code [1] via signal [SIGINT]
2023-06-30T12:58:11: PM2 log: App [myNextApp:3] starting in -cluster mode-
2023-06-30T12:58:11: PM2 log: App [myNextApp:3] online
2023-06-30T12:58:15: PM2 log: App [myNextApp:3] exited with code [1] via signal [SIGINT]
2023-06-30T12:58:15: PM2 log: App [myNextApp:3] starting in -cluster mode-
2023-06-30T12:58:15: PM2 log: App [myNextApp:3] online
2023-06-30T12:58:19: PM2 log: App [myNextApp:3] exited with code [1] via signal [SIGINT]
2023-06-30T12:58:19: PM2 log: App [myNextApp:3] starting in -cluster mode-
2023-06-30T12:58:19: PM2 log: App [myNextApp:3] online
2023-06-30T12:58:23: PM2 log: App [myNextApp:3] exited with code [1] via signal [SIGINT]
2023-06-30T12:58:23: PM2 log: App [myNextApp:3] starting in -cluster mode-
2023-06-30T12:58:23: PM2 log: App [myNextApp:3] online
2023-06-30T12:58:27: PM2 log: App [myNextApp:3] exited with code [1] via signal [SIGINT]
2023-06-30T12:58:27: PM2 log: App [myNextApp:3] starting in -cluster mode-
2023-06-30T12:58:27: PM2 log: App [myNextApp:3] online
2023-06-30T12:58:31: PM2 log: App name:myNextApp id:3 disconnected
2023-06-30T12:58:31: PM2 log: App [myNextApp:3] exited with code [1] via signal [SIGINT]
2023-06-30T12:58:31: PM2 log: App [myNextApp:3] starting in -cluster mode-
2023-06-30T12:58:31: PM2 log: App [myNextApp:3] online
2023-06-30T12:58:38: PM2 log: App [myNextApp:3] exited with code [1] via signal [SIGINT]
2023-06-30T12:58:38: PM2 log: App [myNextApp:3] starting in -cluster mode-
2023-06-30T12:58:38: PM2 log: App [myNextApp:3] online
2023-06-30T12:58:42: PM2 log: App name:myNextApp id:3 disconnected
2023-06-30T12:58:42: PM2 log: App [myNextApp:3] exited with code [1] via signal [SIGINT]
2023-06-30T12:58:42: PM2 log: App [myNextApp:3] starting in -cluster mode-
2023-06-30T12:58:42: PM2 log: App [myNextApp:3] online
2023-06-30T12:58:51: PM2 log: App [myNextApp:3] exited with code [1] via signal [SIGINT]
2023-06-30T12:58:51: PM2 log: App [myNextApp:3] starting in -cluster mode-
2023-06-30T12:58:51: PM2 log: App [myNextApp:3] online
2023-06-30T12:59:16: PM2 log: App [myNextApp:3] exited with code [1] via signal [SIGINT]
2023-06-30T12:59:16: PM2 log: App [myNextApp:3] starting in -cluster mode-
2023-06-30T12:59:16: PM2 log: App [myNextApp:3] online
2023-06-30T12:59:20: PM2 log: App name:myNextApp id:3 disconnected
2023-06-30T12:59:20: PM2 log: App [myNextApp:3] exited with code [1] via signal [SIGINT]
2023-06-30T12:59:20: PM2 log: App [myNextApp:3] starting in -cluster mode-
2023-06-30T12:59:20: PM2 log: App [myNextApp:3] online
2023-06-30T12:59:48: PM2 log: Stopping app:myNextApp id:0
2023-06-30T12:59:48: PM2 log: Stopping app:myNextApp id:1
2023-06-30T12:59:48: PM2 log: pid=21120 msg=failed to kill - retrying in 100ms
2023-06-30T12:59:48: PM2 log: pid=21121 msg=failed to kill - retrying in 100ms
2023-06-30T12:59:48: PM2 log: pid=21120 msg=failed to kill - retrying in 100ms
2023-06-30T12:59:48: PM2 log: pid=21121 msg=failed to kill - retrying in 100ms
2023-06-30T12:59:48: PM2 log: pid=21120 msg=failed to kill - retrying in 100ms
2023-06-30T12:59:48: PM2 log: pid=21121 msg=failed to kill - retrying in 100ms
2023-06-30T12:59:48: PM2 log: pid=21120 msg=failed to kill - retrying in 100ms
2023-06-30T12:59:48: PM2 log: pid=21121 msg=failed to kill - retrying in 100ms
2023-06-30T12:59:48: PM2 log: pid=21120 msg=failed to kill - retrying in 100ms
2023-06-30T12:59:48: PM2 log: pid=21121 msg=failed to kill - retrying in 100ms
2023-06-30T12:59:48: PM2 log: App name:myNextApp id:1 disconnected
2023-06-30T12:59:48: PM2 log: App [myNextApp:1] exited with code [0] via signal [SIGINT]
2023-06-30T12:59:48: PM2 log: pid=21120 msg=failed to kill - retrying in 100ms
2023-06-30T12:59:48: PM2 log: pid=21121 msg=process killed
2023-06-30T12:59:48: PM2 log: App [myNextApp:1] starting in -cluster mode-
2023-06-30T12:59:48: PM2 log: pid=21120 msg=failed to kill - retrying in 100ms
2023-06-30T12:59:49: PM2 log: App [myNextApp:1] online
2023-06-30T12:59:49: PM2 log: App [myNextApp:0] exited with code [0] via signal [SIGINT]
2023-06-30T12:59:49: PM2 log: Stopping app:myNextApp id:2
2023-06-30T12:59:49: PM2 log: pid=21120 msg=process killed
2023-06-30T12:59:49: PM2 log: App [myNextApp:0] starting in -cluster mode-
2023-06-30T12:59:49: PM2 log: App [myNextApp:0] online
2023-06-30T12:59:49: PM2 log: Stopping app:myNextApp id:3
2023-06-30T12:59:49: PM2 log: pid=21153 msg=failed to kill - retrying in 100ms
2023-06-30T12:59:49: PM2 log: App name:myNextApp id:3 disconnected
2023-06-30T12:59:49: PM2 log: App [myNextApp:3] exited with code [0] via signal [SIGINT]
2023-06-30T12:59:49: PM2 log: pid=21153 msg=failed to kill - retrying in 100ms
2023-06-30T12:59:49: PM2 log: pid=20120 msg=process killed
2023-06-30T12:59:49: PM2 log: App [myNextApp:3] starting in -cluster mode-
2023-06-30T12:59:49: PM2 log: pid=21153 msg=failed to kill - retrying in 100ms
2023-06-30T12:59:49: PM2 log: App [myNextApp:3] online
2023-06-30T12:59:49: PM2 log: Stopping app:myNextApp id:4
2023-06-30T12:59:49: PM2 log: pid=21153 msg=failed to kill - retrying in 100ms
2023-06-30T12:59:49: PM2 log: pid=21177 msg=failed to kill - retrying in 100ms
2023-06-30T12:59:49: PM2 log: pid=21153 msg=failed to kill - retrying in 100ms
2023-06-30T12:59:49: PM2 log: pid=21177 msg=failed to kill - retrying in 100ms
2023-06-30T12:59:49: PM2 log: pid=21153 msg=failed to kill - retrying in 100ms
2023-06-30T12:59:49: PM2 log: pid=21177 msg=failed to kill - retrying in 100ms
2023-06-30T12:59:49: PM2 log: pid=21153 msg=failed to kill - retrying in 100ms
2023-06-30T12:59:49: PM2 log: pid=21177 msg=failed to kill - retrying in 100ms
2023-06-30T12:59:50: PM2 log: pid=21153 msg=failed to kill - retrying in 100ms
2023-06-30T12:59:50: PM2 log: pid=21177 msg=failed to kill - retrying in 100ms
2023-06-30T12:59:50: PM2 log: App [myNextApp:2] exited with code [0] via signal [SIGINT]
2023-06-30T12:59:50: PM2 log: pid=21153 msg=process killed
2023-06-30T12:59:50: PM2 log: App [myNextApp:2] starting in -cluster mode-
2023-06-30T12:59:50: PM2 log: pid=21177 msg=failed to kill - retrying in 100ms
2023-06-30T12:59:50: PM2 log: App [myNextApp:2] online
2023-06-30T12:59:50: PM2 log: Stopping app:myNextApp id:5
2023-06-30T12:59:50: PM2 log: pid=21177 msg=failed to kill - retrying in 100ms
2023-06-30T12:59:50: PM2 log: App [myNextApp:4] exited with code [0] via signal [SIGINT]
2023-06-30T12:59:50: PM2 log: pid=21177 msg=process killed
2023-06-30T12:59:50: PM2 log: App [myNextApp:4] starting in -cluster mode-
2023-06-30T12:59:50: PM2 log: pid=21183 msg=failed to kill - retrying in 100ms
2023-06-30T12:59:50: PM2 log: App [myNextApp:4] online
2023-06-30T12:59:50: PM2 log: Stopping app:myNextApp id:6
2023-06-30T12:59:50: PM2 log: pid=21183 msg=failed to kill - retrying in 100ms
2023-06-30T12:59:50: PM2 log: pid=21183 msg=failed to kill - retrying in 100ms
2023-06-30T12:59:50: PM2 log: pid=21228 msg=failed to kill - retrying in 100ms
2023-06-30T12:59:50: PM2 log: pid=21183 msg=failed to kill - retrying in 100ms
2023-06-30T12:59:50: PM2 log: pid=21228 msg=failed to kill - retrying in 100ms
2023-06-30T12:59:50: PM2 log: pid=21183 msg=failed to kill - retrying in 100ms
2023-06-30T12:59:50: PM2 log: pid=21228 msg=failed to kill - retrying in 100ms
2023-06-30T12:59:50: PM2 log: pid=21183 msg=failed to kill - retrying in 100ms
2023-06-30T12:59:51: PM2 log: pid=21228 msg=failed to kill - retrying in 100ms
2023-06-30T12:59:51: PM2 log: pid=21183 msg=failed to kill - retrying in 100ms
2023-06-30T12:59:51: PM2 log: pid=21228 msg=failed to kill - retrying in 100ms
2023-06-30T12:59:51: PM2 log: pid=21183 msg=failed to kill - retrying in 100ms
2023-06-30T12:59:51: PM2 log: pid=21228 msg=failed to kill - retrying in 100ms
2023-06-30T12:59:51: PM2 log: pid=21183 msg=failed to kill - retrying in 100ms
2023-06-30T12:59:51: PM2 log: pid=21228 msg=failed to kill - retrying in 100ms
2023-06-30T12:59:51: PM2 log: pid=21183 msg=failed to kill - retrying in 100ms
2023-06-30T12:59:51: PM2 log: pid=21228 msg=failed to kill - retrying in 100ms
2023-06-30T12:59:51: PM2 log: pid=21183 msg=failed to kill - retrying in 100ms
2023-06-30T12:59:51: PM2 log: App [myNextApp:6] exited with code [0] via signal [SIGINT]
2023-06-30T12:59:51: PM2 log: pid=21228 msg=process killed
2023-06-30T12:59:51: PM2 log: App [myNextApp:6] starting in -cluster mode-
2023-06-30T12:59:51: PM2 log: pid=21183 msg=failed to kill - retrying in 100ms
2023-06-30T12:59:51: PM2 log: App [myNextApp:5] exited with code [0] via signal [SIGINT]
2023-06-30T12:59:51: PM2 log: App [myNextApp:6] online
2023-06-30T12:59:51: PM2 log: Stopping app:myNextApp id:7
2023-06-30T12:59:51: PM2 log: pid=21183 msg=process killed
2023-06-30T12:59:51: PM2 log: App [myNextApp:5] starting in -cluster mode-
2023-06-30T12:59:51: PM2 log: App [myNextApp:5] online
2023-06-30T12:59:51: PM2 log: Stopping app:myNextApp id:8
2023-06-30T12:59:51: PM2 log: pid=21230 msg=failed to kill - retrying in 100ms
2023-06-30T12:59:51: PM2 log: pid=21230 msg=failed to kill - retrying in 100ms
2023-06-30T12:59:51: PM2 log: pid=21260 msg=failed to kill - retrying in 100ms
2023-06-30T12:59:51: PM2 log: pid=21230 msg=failed to kill - retrying in 100ms
2023-06-30T12:59:52: PM2 log: pid=21260 msg=failed to kill - retrying in 100ms
2023-06-30T12:59:52: PM2 log: pid=21230 msg=failed to kill - retrying in 100ms
2023-06-30T12:59:52: PM2 log: pid=21260 msg=failed to kill - retrying in 100ms
2023-06-30T12:59:52: PM2 log: pid=21230 msg=failed to kill - retrying in 100ms
2023-06-30T12:59:52: PM2 log: pid=21260 msg=failed to kill - retrying in 100ms
2023-06-30T12:59:52: PM2 log: pid=21230 msg=failed to kill - retrying in 100ms
2023-06-30T12:59:52: PM2 log: pid=21260 msg=failed to kill - retrying in 100ms
2023-06-30T12:59:52: PM2 log: pid=21230 msg=failed to kill - retrying in 100ms
2023-06-30T12:59:52: PM2 log: pid=21260 msg=failed to kill - retrying in 100ms
2023-06-30T12:59:52: PM2 log: pid=21230 msg=failed to kill - retrying in 100ms
2023-06-30T12:59:52: PM2 log: pid=21260 msg=failed to kill - retrying in 100ms
2023-06-30T12:59:52: PM2 log: pid=21230 msg=failed to kill - retrying in 100ms
2023-06-30T12:59:52: PM2 log: pid=21260 msg=failed to kill - retrying in 100ms
2023-06-30T12:59:52: PM2 log: pid=21230 msg=failed to kill - retrying in 100ms
2023-06-30T12:59:52: PM2 log: pid=21260 msg=failed to kill - retrying in 100ms
2023-06-30T12:59:52: PM2 log: pid=21230 msg=failed to kill - retrying in 100ms
2023-06-30T12:59:52: PM2 log: App name:myNextApp id:8 disconnected
2023-06-30T12:59:52: PM2 log: App [myNextApp:8] exited with code [0] via signal [SIGINT]
2023-06-30T12:59:52: PM2 log: pid=21260 msg=process killed
2023-06-30T12:59:52: PM2 log: App [myNextApp:8] starting in -cluster mode-
2023-06-30T12:59:52: PM2 log: App [myNextApp:8] online
2023-06-30T12:59:52: PM2 log: pid=21230 msg=failed to kill - retrying in 100ms
2023-06-30T12:59:52: PM2 log: Stopping app:myNextApp id:9
2023-06-30T12:59:52: PM2 log: App [myNextApp:7] exited with code [0] via signal [SIGINT]
2023-06-30T12:59:52: PM2 log: pid=21230 msg=process killed
2023-06-30T12:59:53: PM2 log: App [myNextApp:7] starting in -cluster mode-
2023-06-30T12:59:53: PM2 log: pid=21271 msg=failed to kill - retrying in 100ms
2023-06-30T12:59:53: PM2 log: App [myNextApp:7] online
2023-06-30T12:59:53: PM2 log: pid=21271 msg=failed to kill - retrying in 100ms
2023-06-30T12:59:53: PM2 log: pid=21271 msg=failed to kill - retrying in 100ms
2023-06-30T12:59:53: PM2 log: pid=21271 msg=failed to kill - retrying in 100ms
2023-06-30T12:59:53: PM2 log: pid=21271 msg=failed to kill - retrying in 100ms
2023-06-30T12:59:53: PM2 log: pid=21271 msg=failed to kill - retrying in 100ms
2023-06-30T12:59:53: PM2 log: pid=21271 msg=failed to kill - retrying in 100ms
2023-06-30T12:59:53: PM2 log: pid=21271 msg=failed to kill - retrying in 100ms
2023-06-30T12:59:53: PM2 log: App [myNextApp:9] exited with code [0] via signal [SIGINT]
2023-06-30T12:59:53: PM2 log: pid=21271 msg=process killed
2023-06-30T12:59:53: PM2 log: App [myNextApp:9] starting in -cluster mode-
2023-06-30T12:59:53: PM2 log: App [myNextApp:9] online
2023-06-30T14:51:03: PM2 log: Stopping app:myNextApp id:0
2023-06-30T14:51:03: PM2 log: Stopping app:myNextApp id:1
2023-06-30T14:51:04: PM2 log: pid=20218 msg=failed to kill - retrying in 100ms
2023-06-30T14:51:04: PM2 log: pid=20209 msg=failed to kill - retrying in 100ms
2023-06-30T14:51:04: PM2 log: pid=20218 msg=failed to kill - retrying in 100ms
2023-06-30T14:51:04: PM2 log: pid=20209 msg=failed to kill - retrying in 100ms
2023-06-30T14:51:04: PM2 log: pid=20218 msg=failed to kill - retrying in 100ms
2023-06-30T14:51:04: PM2 log: pid=20209 msg=failed to kill - retrying in 100ms
2023-06-30T14:51:04: PM2 log: pid=20218 msg=failed to kill - retrying in 100ms
2023-06-30T14:51:04: PM2 log: pid=20209 msg=failed to kill - retrying in 100ms
2023-06-30T14:51:04: PM2 log: pid=20218 msg=failed to kill - retrying in 100ms
2023-06-30T14:51:04: PM2 log: pid=20209 msg=failed to kill - retrying in 100ms
2023-06-30T14:51:04: PM2 log: pid=20218 msg=failed to kill - retrying in 100ms
2023-06-30T14:51:04: PM2 log: pid=20209 msg=failed to kill - retrying in 100ms
2023-06-30T14:51:04: PM2 log: pid=20218 msg=failed to kill - retrying in 100ms
2023-06-30T14:51:04: PM2 log: pid=20209 msg=failed to kill - retrying in 100ms
2023-06-30T14:51:04: PM2 log: pid=20218 msg=failed to kill - retrying in 100ms
2023-06-30T14:51:04: PM2 log: pid=20209 msg=failed to kill - retrying in 100ms
2023-06-30T14:51:04: PM2 log: pid=20218 msg=failed to kill - retrying in 100ms
2023-06-30T14:51:04: PM2 log: pid=20209 msg=failed to kill - retrying in 100ms
2023-06-30T14:51:05: PM2 log: pid=20218 msg=failed to kill - retrying in 100ms
2023-06-30T14:51:05: PM2 log: pid=20209 msg=failed to kill - retrying in 100ms
2023-06-30T14:51:05: PM2 log: App name:myNextApp id:1 disconnected
2023-06-30T14:51:05: PM2 log: App [myNextApp:1] exited with code [0] via signal [SIGINT]
2023-06-30T14:51:05: PM2 log: pid=20218 msg=failed to kill - retrying in 100ms
2023-06-30T14:51:05: PM2 log: pid=20209 msg=process killed
2023-06-30T14:51:05: PM2 log: App [myNextApp:1] starting in -cluster mode-
2023-06-30T14:51:05: PM2 log: pid=20218 msg=failed to kill - retrying in 100ms
2023-06-30T14:51:05: PM2 log: App [myNextApp:1] online
2023-06-30T14:51:05: PM2 log: Stopping app:myNextApp id:2
2023-06-30T14:51:05: PM2 log: pid=20218 msg=failed to kill - retrying in 100ms
2023-06-30T14:51:05: PM2 log: pid=20218 msg=failed to kill - retrying in 100ms
2023-06-30T14:51:05: PM2 log: pid=20270 msg=failed to kill - retrying in 100ms
2023-06-30T14:51:05: PM2 log: pid=20218 msg=failed to kill - retrying in 100ms
2023-06-30T14:51:05: PM2 log: pid=20270 msg=failed to kill - retrying in 100ms
2023-06-30T14:51:05: PM2 log: Process with pid 20218 still alive after 1600ms, sending it SIGKILL now...
2023-06-30T14:51:05: PM2 log: App name:myNextApp id:0 disconnected
2023-06-30T14:51:05: PM2 log: App [myNextApp:0] exited with code [0] via signal [SIGINT]
2023-06-30T14:51:05: PM2 log: pid=20270 msg=failed to kill - retrying in 100ms
2023-06-30T14:51:05: PM2 log: pid=20218 msg=process killed
2023-06-30T14:51:05: PM2 log: App [myNextApp:0] starting in -cluster mode-
2023-06-30T14:51:05: PM2 log: pid=20270 msg=failed to kill - retrying in 100ms
2023-06-30T14:51:05: PM2 log: App [myNextApp:0] online
2023-06-30T14:51:05: PM2 log: Stopping app:myNextApp id:3
2023-06-30T14:51:06: PM2 log: pid=20270 msg=failed to kill - retrying in 100ms
2023-06-30T14:51:06: PM2 log: pid=20270 msg=failed to kill - retrying in 100ms
2023-06-30T14:51:06: PM2 log: pid=20242 msg=failed to kill - retrying in 100ms
2023-06-30T14:51:06: PM2 log: pid=20270 msg=failed to kill - retrying in 100ms
2023-06-30T14:51:06: PM2 log: pid=20242 msg=failed to kill - retrying in 100ms
2023-06-30T14:51:06: PM2 log: pid=20270 msg=failed to kill - retrying in 100ms
2023-06-30T14:51:06: PM2 log: pid=20242 msg=failed to kill - retrying in 100ms
2023-06-30T14:51:06: PM2 log: pid=20270 msg=failed to kill - retrying in 100ms
2023-06-30T14:51:06: PM2 log: pid=20242 msg=failed to kill - retrying in 100ms
2023-06-30T14:51:06: PM2 log: pid=20270 msg=failed to kill - retrying in 100ms
2023-06-30T14:51:06: PM2 log: pid=20242 msg=failed to kill - retrying in 100ms
2023-06-30T14:51:06: PM2 log: pid=20270 msg=failed to kill - retrying in 100ms
2023-06-30T14:51:06: PM2 log: pid=20242 msg=failed to kill - retrying in 100ms
2023-06-30T14:51:06: PM2 log: pid=20270 msg=failed to kill - retrying in 100ms
2023-06-30T14:51:06: PM2 log: pid=20242 msg=failed to kill - retrying in 100ms
2023-06-30T14:51:06: PM2 log: pid=20270 msg=failed to kill - retrying in 100ms
2023-06-30T14:51:06: PM2 log: pid=20242 msg=failed to kill - retrying in 100ms
2023-06-30T14:51:06: PM2 log: pid=20270 msg=failed to kill - retrying in 100ms
2023-06-30T14:51:06: PM2 log: pid=20242 msg=failed to kill - retrying in 100ms
2023-06-30T14:51:06: PM2 log: App [myNextApp:2] exited with code [0] via signal [SIGINT]
2023-06-30T14:51:07: PM2 log: Process with pid 20270 still alive after 1600ms, sending it SIGKILL now...
2023-06-30T14:51:07: PM2 log: pid=20242 msg=failed to kill - retrying in 100ms
2023-06-30T14:51:07: PM2 log: pid=20242 msg=failed to kill - retrying in 100ms
2023-06-30T14:51:07: PM2 log: pid=20270 msg=process killed
2023-06-30T14:51:07: PM2 log: App [myNextApp:2] starting in -cluster mode-
2023-06-30T14:51:07: PM2 log: pid=20242 msg=failed to kill - retrying in 100ms
2023-06-30T14:51:07: PM2 log: App [myNextApp:2] online
2023-06-30T14:51:07: PM2 log: Stopping app:myNextApp id:4
2023-06-30T14:51:07: PM2 log: pid=20242 msg=failed to kill - retrying in 100ms
2023-06-30T14:51:07: PM2 log: pid=20282 msg=failed to kill - retrying in 100ms
2023-06-30T14:51:07: PM2 log: pid=20242 msg=failed to kill - retrying in 100ms
2023-06-30T14:51:07: PM2 log: App name:myNextApp id:3 disconnected
2023-06-30T14:51:07: PM2 log: App [myNextApp:3] exited with code [0] via signal [SIGINT]
2023-06-30T14:51:07: PM2 log: pid=20282 msg=failed to kill - retrying in 100ms
2023-06-30T14:51:07: PM2 log: Process with pid 20242 still alive after 1600ms, sending it SIGKILL now...
2023-06-30T14:51:07: PM2 log: pid=20282 msg=failed to kill - retrying in 100ms
2023-06-30T14:51:07: PM2 log: pid=20242 msg=process killed
2023-06-30T14:51:07: PM2 log: App [myNextApp:3] starting in -cluster mode-
2023-06-30T14:51:07: PM2 log: pid=20282 msg=failed to kill - retrying in 100ms
2023-06-30T14:51:07: PM2 log: App [myNextApp:3] online
2023-06-30T14:51:07: PM2 log: Stopping app:myNextApp id:5
2023-06-30T14:51:07: PM2 log: pid=20282 msg=failed to kill - retrying in 100ms
2023-06-30T14:51:07: PM2 log: App name:myNextApp id:4 disconnected
2023-06-30T14:51:07: PM2 log: App [myNextApp:4] exited with code [0] via signal [SIGINT]
2023-06-30T14:51:08: PM2 log: pid=20282 msg=process killed
2023-06-30T14:51:08: PM2 log: App [myNextApp:4] starting in -cluster mode-
2023-06-30T14:51:08: PM2 log: pid=20320 msg=failed to kill - retrying in 100ms
2023-06-30T14:51:08: PM2 log: App [myNextApp:4] online
2023-06-30T14:51:08: PM2 log: Stopping app:myNextApp id:6
2023-06-30T14:51:08: PM2 log: pid=20320 msg=failed to kill - retrying in 100ms
2023-06-30T14:51:08: PM2 log: pid=20320 msg=failed to kill - retrying in 100ms
2023-06-30T14:51:08: PM2 log: pid=20308 msg=failed to kill - retrying in 100ms
2023-06-30T14:51:08: PM2 log: pid=20320 msg=failed to kill - retrying in 100ms
2023-06-30T14:51:08: PM2 log: pid=20308 msg=failed to kill - retrying in 100ms
2023-06-30T14:51:08: PM2 log: pid=20320 msg=failed to kill - retrying in 100ms
2023-06-30T14:51:08: PM2 log: pid=20308 msg=failed to kill - retrying in 100ms
2023-06-30T14:51:08: PM2 log: pid=20320 msg=failed to kill - retrying in 100ms
2023-06-30T14:51:08: PM2 log: pid=20308 msg=failed to kill - retrying in 100ms
2023-06-30T14:51:08: PM2 log: App [myNextApp:5] exited with code [0] via signal [SIGINT]
2023-06-30T14:51:08: PM2 log: pid=20320 msg=process killed
2023-06-30T14:51:08: PM2 log: App [myNextApp:5] starting in -cluster mode-
2023-06-30T14:51:08: PM2 log: pid=20308 msg=failed to kill - retrying in 100ms
2023-06-30T14:51:09: PM2 log: pid=20308 msg=failed to kill - retrying in 100ms
2023-06-30T14:51:09: PM2 log: App [myNextApp:5] online
2023-06-30T14:51:09: PM2 log: pid=20308 msg=failed to kill - retrying in 100ms
2023-06-30T14:51:09: PM2 log: App [myNextApp:6] exited with code [0] via signal [SIGINT]
2023-06-30T14:51:09: PM2 log: pid=20308 msg=process killed
2023-06-30T14:51:09: PM2 log: App [myNextApp:6] starting in -cluster mode-
2023-06-30T14:51:09: PM2 log: Stopping app:myNextApp id:7
2023-06-30T14:51:09: PM2 log: App [myNextApp:6] online
2023-06-30T14:51:09: PM2 log: Stopping app:myNextApp id:8
2023-06-30T14:51:09: PM2 log: pid=20357 msg=failed to kill - retrying in 100ms
2023-06-30T14:51:09: PM2 log: pid=20357 msg=failed to kill - retrying in 100ms
2023-06-30T14:51:09: PM2 log: pid=20345 msg=failed to kill - retrying in 100ms
2023-06-30T14:51:09: PM2 log: pid=20357 msg=failed to kill - retrying in 100ms
2023-06-30T14:51:09: PM2 log: pid=20345 msg=failed to kill - retrying in 100ms
2023-06-30T14:51:10: PM2 log: pid=20357 msg=failed to kill - retrying in 100ms
2023-06-30T14:51:10: PM2 log: pid=20345 msg=failed to kill - retrying in 100ms
2023-06-30T14:51:10: PM2 log: pid=20357 msg=failed to kill - retrying in 100ms
2023-06-30T14:51:10: PM2 log: pid=20345 msg=failed to kill - retrying in 100ms
2023-06-30T14:51:10: PM2 log: pid=20357 msg=failed to kill - retrying in 100ms
2023-06-30T14:51:10: PM2 log: pid=20345 msg=failed to kill - retrying in 100ms
2023-06-30T14:51:10: PM2 log: pid=20357 msg=failed to kill - retrying in 100ms
2023-06-30T14:51:10: PM2 log: pid=20345 msg=failed to kill - retrying in 100ms
2023-06-30T14:51:10: PM2 log: App name:myNextApp id:8 disconnected
2023-06-30T14:51:10: PM2 log: App [myNextApp:8] exited with code [0] via signal [SIGINT]
2023-06-30T14:51:10: PM2 log: pid=20357 msg=failed to kill - retrying in 100ms
2023-06-30T14:51:10: PM2 log: pid=20345 msg=process killed
2023-06-30T14:51:10: PM2 log: App [myNextApp:8] starting in -cluster mode-
2023-06-30T14:51:10: PM2 log: App [myNextApp:8] online
2023-06-30T14:51:10: PM2 log: pid=20357 msg=failed to kill - retrying in 100ms
2023-06-30T14:51:10: PM2 log: Stopping app:myNextApp id:9
2023-06-30T14:51:10: PM2 log: pid=20357 msg=failed to kill - retrying in 100ms
2023-06-30T14:51:10: PM2 log: pid=20357 msg=failed to kill - retrying in 100ms
2023-06-30T14:51:10: PM2 log: pid=20386 msg=failed to kill - retrying in 100ms
2023-06-30T14:51:10: PM2 log: pid=20357 msg=failed to kill - retrying in 100ms
2023-06-30T14:51:10: PM2 log: pid=20386 msg=failed to kill - retrying in 100ms
2023-06-30T14:51:10: PM2 log: pid=20357 msg=failed to kill - retrying in 100ms
2023-06-30T14:51:10: PM2 log: pid=20386 msg=failed to kill - retrying in 100ms
2023-06-30T14:51:11: PM2 log: pid=20357 msg=failed to kill - retrying in 100ms
2023-06-30T14:51:11: PM2 log: pid=20386 msg=failed to kill - retrying in 100ms
2023-06-30T14:51:11: PM2 log: App name:myNextApp id:7 disconnected
2023-06-30T14:51:11: PM2 log: App [myNextApp:7] exited with code [0] via signal [SIGINT]
2023-06-30T14:51:11: PM2 log: pid=20357 msg=process killed
2023-06-30T14:51:11: PM2 log: App [myNextApp:7] starting in -cluster mode-
2023-06-30T14:51:11: PM2 log: pid=20386 msg=failed to kill - retrying in 100ms
2023-06-30T14:51:11: PM2 log: App [myNextApp:7] online
2023-06-30T14:51:11: PM2 log: pid=20386 msg=failed to kill - retrying in 100ms
2023-06-30T14:51:11: PM2 log: pid=20386 msg=failed to kill - retrying in 100ms
2023-06-30T14:51:11: PM2 log: pid=20386 msg=failed to kill - retrying in 100ms
2023-06-30T14:51:11: PM2 log: pid=20386 msg=failed to kill - retrying in 100ms
2023-06-30T14:51:11: PM2 log: pid=20386 msg=failed to kill - retrying in 100ms
2023-06-30T14:51:11: PM2 log: pid=20386 msg=failed to kill - retrying in 100ms
2023-06-30T14:51:11: PM2 log: pid=20386 msg=failed to kill - retrying in 100ms
2023-06-30T14:51:11: PM2 log: App [myNextApp:9] exited with code [0] via signal [SIGINT]
2023-06-30T14:51:12: PM2 log: pid=20386 msg=process killed
2023-06-30T14:51:12: PM2 log: App [myNextApp:9] starting in -cluster mode-
2023-06-30T14:51:12: PM2 log: App [myNextApp:9] online
2023-06-30T19:09:37: PM2 log: [PM2] This PM2 is not UP TO DATE
2023-06-30T19:09:37: PM2 log: [PM2] Upgrade to version 5.3.0
2023-07-01T10:29:48: PM2 log: App [myNextApp:8] exited with code [0] via signal [SIGKILL]
2023-07-01T10:29:49: PM2 log: App [myNextApp:8] starting in -cluster mode-
2023-07-01T10:29:55: PM2 log: App [myNextApp:8] online
2023-07-01T15:01:01: PM2 log: App [myNextApp:9] exited with code [0] via signal [SIGKILL]
2023-07-01T15:01:03: PM2 log: App [myNextApp:9] starting in -cluster mode-
2023-07-01T15:01:14: PM2 log: App [myNextApp:9] online
2023-07-01T15:01:48: PM2 log: App name:myNextApp id:9 disconnected
2023-07-01T15:01:48: PM2 log: App [myNextApp:9] exited with code [1] via signal [SIGINT]
2023-07-01T15:01:48: PM2 log: App [myNextApp:9] starting in -cluster mode-
2023-07-01T15:01:48: PM2 log: App [myNextApp:9] online
2023-07-01T15:01:52: PM2 log: App [myNextApp:9] exited with code [1] via signal [SIGINT]
2023-07-01T15:01:52: PM2 log: App [myNextApp:9] starting in -cluster mode-
2023-07-01T15:01:52: PM2 log: App [myNextApp:9] online
2023-07-01T15:01:55: PM2 log: App name:myNextApp id:9 disconnected
2023-07-01T15:01:55: PM2 log: App [myNextApp:9] exited with code [1] via signal [SIGINT]
2023-07-01T15:01:55: PM2 log: App [myNextApp:9] starting in -cluster mode-
2023-07-01T15:01:55: PM2 log: App [myNextApp:9] online
2023-07-01T15:01:58: PM2 log: App name:myNextApp id:9 disconnected
2023-07-01T15:01:58: PM2 log: App [myNextApp:9] exited with code [1] via signal [SIGINT]
2023-07-01T15:01:58: PM2 log: App [myNextApp:9] starting in -cluster mode-
2023-07-01T15:01:58: PM2 log: App [myNextApp:9] online
2023-07-01T15:02:01: PM2 log: App name:myNextApp id:9 disconnected
2023-07-01T15:02:01: PM2 log: App [myNextApp:9] exited with code [1] via signal [SIGINT]
2023-07-01T15:02:01: PM2 log: App [myNextApp:9] starting in -cluster mode-
2023-07-01T15:02:01: PM2 log: App [myNextApp:9] online
2023-07-01T15:02:05: PM2 log: App name:myNextApp id:9 disconnected
2023-07-01T15:02:05: PM2 log: App [myNextApp:9] exited with code [1] via signal [SIGINT]
2023-07-01T15:02:05: PM2 log: App [myNextApp:9] starting in -cluster mode-
2023-07-01T15:02:05: PM2 log: App [myNextApp:9] online
2023-07-01T15:02:08: PM2 log: App name:myNextApp id:9 disconnected
2023-07-01T15:02:08: PM2 log: App [myNextApp:9] exited with code [1] via signal [SIGINT]
2023-07-01T15:02:08: PM2 log: App [myNextApp:9] starting in -cluster mode-
2023-07-01T15:02:08: PM2 log: App [myNextApp:9] online
2023-07-01T15:02:11: PM2 log: App name:myNextApp id:9 disconnected
2023-07-01T15:02:11: PM2 log: App [myNextApp:9] exited with code [1] via signal [SIGINT]
2023-07-01T15:02:11: PM2 log: App [myNextApp:9] starting in -cluster mode-
2023-07-01T15:02:12: PM2 log: App [myNextApp:9] online
2023-07-01T15:02:15: PM2 log: App name:myNextApp id:9 disconnected
2023-07-01T15:02:15: PM2 log: App [myNextApp:9] exited with code [1] via signal [SIGINT]
2023-07-01T15:02:15: PM2 log: App [myNextApp:9] starting in -cluster mode-
2023-07-01T15:02:15: PM2 log: App [myNextApp:9] online
2023-07-01T15:02:18: PM2 log: App name:myNextApp id:9 disconnected
2023-07-01T15:02:18: PM2 log: App [myNextApp:9] exited with code [1] via signal [SIGINT]
2023-07-01T15:02:18: PM2 log: App [myNextApp:9] starting in -cluster mode-
2023-07-01T15:02:18: PM2 log: App [myNextApp:9] online
2023-07-01T15:02:23: PM2 log: App name:myNextApp id:9 disconnected
2023-07-01T15:02:23: PM2 log: App [myNextApp:9] exited with code [1] via signal [SIGINT]
2023-07-01T15:02:23: PM2 log: App [myNextApp:9] starting in -cluster mode-
2023-07-01T15:02:23: PM2 log: App [myNextApp:9] online
2023-07-01T15:02:26: PM2 log: App name:myNextApp id:9 disconnected
2023-07-01T15:02:26: PM2 log: App [myNextApp:9] exited with code [1] via signal [SIGINT]
2023-07-01T15:02:26: PM2 log: App [myNextApp:9] starting in -cluster mode-
2023-07-01T15:02:26: PM2 log: App [myNextApp:9] online
2023-07-01T15:02:29: PM2 log: App name:myNextApp id:9 disconnected
2023-07-01T15:02:29: PM2 log: App [myNextApp:9] exited with code [1] via signal [SIGINT]
2023-07-01T15:02:29: PM2 log: App [myNextApp:9] starting in -cluster mode-
2023-07-01T15:02:29: PM2 log: App [myNextApp:9] online
2023-07-01T15:02:33: PM2 log: App name:myNextApp id:9 disconnected
2023-07-01T15:02:33: PM2 log: App [myNextApp:9] exited with code [1] via signal [SIGINT]
2023-07-01T15:02:33: PM2 log: App [myNextApp:9] starting in -cluster mode-
2023-07-01T15:02:33: PM2 log: App [myNextApp:9] online
2023-07-01T15:02:37: PM2 log: App name:myNextApp id:9 disconnected
2023-07-01T15:02:37: PM2 log: App [myNextApp:9] exited with code [1] via signal [SIGINT]
2023-07-01T15:02:37: PM2 log: App [myNextApp:9] starting in -cluster mode-
2023-07-01T15:02:37: PM2 log: App [myNextApp:9] online
2023-07-01T15:02:40: PM2 log: App name:myNextApp id:9 disconnected
2023-07-01T15:02:40: PM2 log: App [myNextApp:9] exited with code [1] via signal [SIGINT]
2023-07-01T15:02:40: PM2 log: App [myNextApp:9] starting in -cluster mode-
2023-07-01T15:02:40: PM2 log: App [myNextApp:9] online
2023-07-01T15:02:43: PM2 log: App [myNextApp:9] exited with code [1] via signal [SIGINT]
2023-07-01T15:02:43: PM2 log: App [myNextApp:9] starting in -cluster mode-
2023-07-01T15:02:44: PM2 log: App [myNextApp:9] online
2023-07-01T15:02:47: PM2 log: App [myNextApp:9] exited with code [1] via signal [SIGINT]
2023-07-01T15:02:47: PM2 log: App [myNextApp:9] starting in -cluster mode-
2023-07-01T15:02:47: PM2 log: App [myNextApp:9] online
2023-07-01T15:02:51: PM2 log: App [myNextApp:9] exited with code [1] via signal [SIGINT]
2023-07-01T15:02:51: PM2 log: App [myNextApp:9] starting in -cluster mode-
2023-07-01T15:02:51: PM2 log: App [myNextApp:9] online
2023-07-01T15:02:55: PM2 log: App [myNextApp:9] exited with code [1] via signal [SIGINT]
2023-07-01T15:02:55: PM2 log: App [myNextApp:9] starting in -cluster mode-
2023-07-01T15:02:55: PM2 log: App [myNextApp:9] online
2023-07-01T15:03:13: PM2 log: App [myNextApp:9] exited with code [1] via signal [SIGINT]
2023-07-01T15:03:13: PM2 log: App [myNextApp:9] starting in -cluster mode-
2023-07-01T15:03:14: PM2 log: App [myNextApp:9] online
2023-07-01T15:04:44: PM2 log: Stopping app:myNextApp id:0
2023-07-01T15:04:44: PM2 log: Stopping app:myNextApp id:1
2023-07-01T15:04:44: PM2 log: pid=6077 msg=failed to kill - retrying in 100ms
2023-07-01T15:04:44: PM2 log: pid=6066 msg=failed to kill - retrying in 100ms
2023-07-01T15:04:44: PM2 log: pid=6077 msg=failed to kill - retrying in 100ms
2023-07-01T15:04:44: PM2 log: pid=6066 msg=failed to kill - retrying in 100ms
2023-07-01T15:04:44: PM2 log: pid=6077 msg=failed to kill - retrying in 100ms
2023-07-01T15:04:44: PM2 log: pid=6066 msg=failed to kill - retrying in 100ms
2023-07-01T15:04:44: PM2 log: pid=6077 msg=failed to kill - retrying in 100ms
2023-07-01T15:04:44: PM2 log: pid=6066 msg=failed to kill - retrying in 100ms
2023-07-01T15:04:44: PM2 log: pid=6077 msg=failed to kill - retrying in 100ms
2023-07-01T15:04:44: PM2 log: pid=6066 msg=failed to kill - retrying in 100ms
2023-07-01T15:04:45: PM2 log: pid=6077 msg=failed to kill - retrying in 100ms
2023-07-01T15:04:45: PM2 log: pid=6066 msg=failed to kill - retrying in 100ms
2023-07-01T15:04:45: PM2 log: App name:myNextApp id:0 disconnected
2023-07-01T15:04:45: PM2 log: App [myNextApp:0] exited with code [0] via signal [SIGINT]
2023-07-01T15:04:45: PM2 log: pid=6077 msg=process killed
2023-07-01T15:04:45: PM2 log: App [myNextApp:0] starting in -cluster mode-
2023-07-01T15:04:45: PM2 log: pid=6066 msg=failed to kill - retrying in 100ms
2023-07-01T15:04:45: PM2 log: App name:myNextApp id:1 disconnected
2023-07-01T15:04:45: PM2 log: App [myNextApp:1] exited with code [0] via signal [SIGINT]
2023-07-01T15:04:45: PM2 log: App [myNextApp:0] online
2023-07-01T15:04:45: PM2 log: pid=6066 msg=process killed
2023-07-01T15:04:45: PM2 log: App [myNextApp:1] starting in -cluster mode-
2023-07-01T15:04:45: PM2 log: Stopping app:myNextApp id:2
2023-07-01T15:04:45: PM2 log: App [myNextApp:1] online
2023-07-01T15:04:45: PM2 log: Stopping app:myNextApp id:3
2023-07-01T15:04:45: PM2 log: pid=6092 msg=failed to kill - retrying in 100ms
2023-07-01T15:04:45: PM2 log: pid=6105 msg=failed to kill - retrying in 100ms
2023-07-01T15:04:45: PM2 log: pid=6092 msg=failed to kill - retrying in 100ms
2023-07-01T15:04:45: PM2 log: pid=6105 msg=failed to kill - retrying in 100ms
2023-07-01T15:04:45: PM2 log: pid=6092 msg=failed to kill - retrying in 100ms
2023-07-01T15:04:45: PM2 log: pid=6105 msg=failed to kill - retrying in 100ms
2023-07-01T15:04:45: PM2 log: pid=6092 msg=failed to kill - retrying in 100ms
2023-07-01T15:04:45: PM2 log: pid=6105 msg=failed to kill - retrying in 100ms
2023-07-01T15:04:45: PM2 log: pid=6092 msg=failed to kill - retrying in 100ms
2023-07-01T15:04:45: PM2 log: pid=6105 msg=failed to kill - retrying in 100ms
2023-07-01T15:04:46: PM2 log: pid=6092 msg=failed to kill - retrying in 100ms
2023-07-01T15:04:46: PM2 log: pid=6105 msg=failed to kill - retrying in 100ms
2023-07-01T15:04:46: PM2 log: pid=6092 msg=failed to kill - retrying in 100ms
2023-07-01T15:04:46: PM2 log: pid=6105 msg=failed to kill - retrying in 100ms
2023-07-01T15:04:46: PM2 log: pid=6092 msg=failed to kill - retrying in 100ms
2023-07-01T15:04:46: PM2 log: pid=6105 msg=failed to kill - retrying in 100ms
2023-07-01T15:04:46: PM2 log: pid=6092 msg=failed to kill - retrying in 100ms
2023-07-01T15:04:46: PM2 log: pid=6105 msg=failed to kill - retrying in 100ms
2023-07-01T15:04:46: PM2 log: pid=6092 msg=failed to kill - retrying in 100ms
2023-07-01T15:04:46: PM2 log: App name:myNextApp id:2 disconnected
2023-07-01T15:04:46: PM2 log: App [myNextApp:2] exited with code [0] via signal [SIGINT]
2023-07-01T15:04:46: PM2 log: pid=6105 msg=failed to kill - retrying in 100ms
2023-07-01T15:04:46: PM2 log: pid=6092 msg=process killed
2023-07-01T15:04:46: PM2 log: App [myNextApp:2] starting in -cluster mode-
2023-07-01T15:04:46: PM2 log: pid=6105 msg=failed to kill - retrying in 100ms
2023-07-01T15:04:46: PM2 log: App [myNextApp:2] online
2023-07-01T15:04:46: PM2 log: Stopping app:myNextApp id:4
2023-07-01T15:04:46: PM2 log: pid=6105 msg=failed to kill - retrying in 100ms
2023-07-01T15:04:46: PM2 log: App name:myNextApp id:3 disconnected
2023-07-01T15:04:46: PM2 log: App [myNextApp:3] exited with code [0] via signal [SIGINT]
2023-07-01T15:04:46: PM2 log: pid=6117 msg=failed to kill - retrying in 100ms
2023-07-01T15:04:46: PM2 log: pid=6105 msg=process killed
2023-07-01T15:04:46: PM2 log: App [myNextApp:3] starting in -cluster mode-
2023-07-01T15:04:46: PM2 log: pid=6117 msg=failed to kill - retrying in 100ms
2023-07-01T15:04:46: PM2 log: App [myNextApp:3] online
2023-07-01T15:04:47: PM2 log: Stopping app:myNextApp id:5
2023-07-01T15:04:47: PM2 log: pid=6117 msg=failed to kill - retrying in 100ms
2023-07-01T15:04:47: PM2 log: pid=6129 msg=failed to kill - retrying in 100ms
2023-07-01T15:04:47: PM2 log: pid=6117 msg=failed to kill - retrying in 100ms
2023-07-01T15:04:47: PM2 log: pid=6129 msg=failed to kill - retrying in 100ms
2023-07-01T15:04:47: PM2 log: pid=6117 msg=failed to kill - retrying in 100ms
2023-07-01T15:04:47: PM2 log: pid=6129 msg=failed to kill - retrying in 100ms
2023-07-01T15:04:47: PM2 log: App name:myNextApp id:4 disconnected
2023-07-01T15:04:47: PM2 log: App [myNextApp:4] exited with code [0] via signal [SIGINT]
2023-07-01T15:04:47: PM2 log: pid=6117 msg=process killed
2023-07-01T15:04:47: PM2 log: App [myNextApp:4] starting in -cluster mode-
2023-07-01T15:04:47: PM2 log: pid=6129 msg=failed to kill - retrying in 100ms
2023-07-01T15:04:47: PM2 log: App [myNextApp:4] online
2023-07-01T15:04:47: PM2 log: Stopping app:myNextApp id:6
2023-07-01T15:04:47: PM2 log: pid=6129 msg=failed to kill - retrying in 100ms
2023-07-01T15:04:47: PM2 log: pid=6129 msg=failed to kill - retrying in 100ms
2023-07-01T15:04:47: PM2 log: pid=6136 msg=failed to kill - retrying in 100ms
2023-07-01T15:04:47: PM2 log: pid=6129 msg=failed to kill - retrying in 100ms
2023-07-01T15:04:47: PM2 log: pid=6136 msg=failed to kill - retrying in 100ms
2023-07-01T15:04:47: PM2 log: pid=6129 msg=failed to kill - retrying in 100ms
2023-07-01T15:04:47: PM2 log: pid=6136 msg=failed to kill - retrying in 100ms
2023-07-01T15:04:48: PM2 log: pid=6129 msg=failed to kill - retrying in 100ms
2023-07-01T15:04:48: PM2 log: pid=6136 msg=failed to kill - retrying in 100ms
2023-07-01T15:04:48: PM2 log: App name:myNextApp id:5 disconnected
2023-07-01T15:04:48: PM2 log: App [myNextApp:5] exited with code [0] via signal [SIGINT]
2023-07-01T15:04:48: PM2 log: pid=6129 msg=process killed
2023-07-01T15:04:48: PM2 log: App [myNextApp:5] starting in -cluster mode-
2023-07-01T15:04:48: PM2 log: pid=6136 msg=failed to kill - retrying in 100ms
2023-07-01T15:04:48: PM2 log: App [myNextApp:5] online
2023-07-01T15:04:48: PM2 log: Stopping app:myNextApp id:7
2023-07-01T15:04:48: PM2 log: pid=6136 msg=failed to kill - retrying in 100ms
2023-07-01T15:04:48: PM2 log: pid=6136 msg=failed to kill - retrying in 100ms
2023-07-01T15:04:48: PM2 log: pid=6165 msg=failed to kill - retrying in 100ms
2023-07-01T15:04:48: PM2 log: pid=6136 msg=failed to kill - retrying in 100ms
2023-07-01T15:04:48: PM2 log: App [myNextApp:6] exited with code [0] via signal [SIGINT]
2023-07-01T15:04:48: PM2 log: pid=6165 msg=failed to kill - retrying in 100ms
2023-07-01T15:04:48: PM2 log: pid=6136 msg=process killed
2023-07-01T15:04:48: PM2 log: App [myNextApp:6] starting in -cluster mode-
2023-07-01T15:04:48: PM2 log: pid=6165 msg=failed to kill - retrying in 100ms
2023-07-01T15:04:48: PM2 log: App [myNextApp:6] online
2023-07-01T15:04:48: PM2 log: Stopping app:myNextApp id:8
2023-07-01T15:04:48: PM2 log: pid=6165 msg=failed to kill - retrying in 100ms
2023-07-01T15:04:48: PM2 log: pid=17511 msg=failed to kill - retrying in 100ms
2023-07-01T15:04:48: PM2 log: pid=6165 msg=failed to kill - retrying in 100ms
2023-07-01T15:04:48: PM2 log: App name:myNextApp id:8 disconnected
2023-07-01T15:04:48: PM2 log: App [myNextApp:8] exited with code [0] via signal [SIGINT]
2023-07-01T15:04:48: PM2 log: pid=17511 msg=process killed
2023-07-01T15:04:48: PM2 log: App [myNextApp:8] starting in -cluster mode-
2023-07-01T15:04:48: PM2 log: pid=6165 msg=failed to kill - retrying in 100ms
2023-07-01T15:04:49: PM2 log: App [myNextApp:8] online
2023-07-01T15:04:49: PM2 log: Stopping app:myNextApp id:9
2023-07-01T15:04:49: PM2 log: pid=6165 msg=failed to kill - retrying in 100ms
2023-07-01T15:04:49: PM2 log: pid=6165 msg=failed to kill - retrying in 100ms
2023-07-01T15:04:49: PM2 log: pid=21400 msg=failed to kill - retrying in 100ms
2023-07-01T15:04:49: PM2 log: pid=6165 msg=failed to kill - retrying in 100ms
2023-07-01T15:04:49: PM2 log: pid=21400 msg=failed to kill - retrying in 100ms
2023-07-01T15:04:49: PM2 log: pid=6165 msg=failed to kill - retrying in 100ms
2023-07-01T15:04:49: PM2 log: pid=21400 msg=failed to kill - retrying in 100ms
2023-07-01T15:04:49: PM2 log: App name:myNextApp id:7 disconnected
2023-07-01T15:04:49: PM2 log: App [myNextApp:7] exited with code [0] via signal [SIGINT]
2023-07-01T15:04:49: PM2 log: pid=6165 msg=process killed
2023-07-01T15:04:49: PM2 log: App [myNextApp:7] starting in -cluster mode-
2023-07-01T15:04:49: PM2 log: pid=21400 msg=failed to kill - retrying in 100ms
2023-07-01T15:04:49: PM2 log: App [myNextApp:7] online
2023-07-01T15:04:49: PM2 log: pid=21400 msg=failed to kill - retrying in 100ms
2023-07-01T15:04:49: PM2 log: pid=21400 msg=failed to kill - retrying in 100ms
2023-07-01T15:04:49: PM2 log: pid=21400 msg=failed to kill - retrying in 100ms
2023-07-01T15:04:49: PM2 log: pid=21400 msg=failed to kill - retrying in 100ms
2023-07-01T15:04:50: PM2 log: pid=21400 msg=failed to kill - retrying in 100ms
2023-07-01T15:04:50: PM2 log: pid=21400 msg=failed to kill - retrying in 100ms
2023-07-01T15:04:50: PM2 log: pid=21400 msg=failed to kill - retrying in 100ms
2023-07-01T15:04:50: PM2 log: pid=21400 msg=failed to kill - retrying in 100ms
2023-07-01T15:04:50: PM2 log: pid=21400 msg=failed to kill - retrying in 100ms
2023-07-01T15:04:50: PM2 log: pid=21400 msg=failed to kill - retrying in 100ms
2023-07-01T15:04:50: PM2 log: pid=21400 msg=failed to kill - retrying in 100ms
2023-07-01T15:04:50: PM2 log: Process with pid 21400 still alive after 1600ms, sending it SIGKILL now...
2023-07-01T15:04:50: PM2 log: App [myNextApp:9] exited with code [0] via signal [SIGKILL]
2023-07-01T15:04:50: PM2 log: pid=21400 msg=process killed
2023-07-01T15:04:50: PM2 log: App [myNextApp:9] starting in -cluster mode-
2023-07-01T15:04:50: PM2 log: App [myNextApp:9] online
2023-07-01T15:13:13: PM2 log: Stopping app:myNextApp id:0
2023-07-01T15:13:13: PM2 log: Stopping app:myNextApp id:1
2023-07-01T15:13:13: PM2 log: App name:myNextApp id:0 disconnected
2023-07-01T15:13:13: PM2 log: App name:myNextApp id:1 disconnected
2023-07-01T15:13:13: PM2 log: App [myNextApp:0] exited with code [0] via signal [SIGINT]
2023-07-01T15:13:13: PM2 log: App [myNextApp:1] exited with code [0] via signal [SIGINT]
2023-07-01T15:13:13: PM2 log: pid=21691 msg=process killed
2023-07-01T15:13:13: PM2 log: App [myNextApp:0] starting in -cluster mode-
2023-07-01T15:13:13: PM2 log: pid=21698 msg=process killed
2023-07-01T15:13:13: PM2 log: App [myNextApp:1] starting in -cluster mode-
2023-07-01T15:13:13: PM2 log: App [myNextApp:0] online
2023-07-01T15:13:13: PM2 log: App [myNextApp:1] online
2023-07-01T15:13:13: PM2 log: Stopping app:myNextApp id:2
2023-07-01T15:13:13: PM2 log: Stopping app:myNextApp id:3
2023-07-01T15:13:14: PM2 log: App name:myNextApp id:2 disconnected
2023-07-01T15:13:14: PM2 log: App [myNextApp:2] exited with code [0] via signal [SIGINT]
2023-07-01T15:13:14: PM2 log: App name:myNextApp id:3 disconnected
2023-07-01T15:13:14: PM2 log: App [myNextApp:3] exited with code [0] via signal [SIGINT]
2023-07-01T15:13:14: PM2 log: pid=21727 msg=process killed
2023-07-01T15:13:14: PM2 log: App [myNextApp:2] starting in -cluster mode-
2023-07-01T15:13:14: PM2 log: pid=21739 msg=process killed
2023-07-01T15:13:14: PM2 log: App [myNextApp:3] starting in -cluster mode-
2023-07-01T15:13:14: PM2 log: App [myNextApp:3] online
2023-07-01T15:13:14: PM2 log: App [myNextApp:2] online
2023-07-01T15:13:14: PM2 log: Stopping app:myNextApp id:4
2023-07-01T15:13:14: PM2 log: Stopping app:myNextApp id:5
2023-07-01T15:13:14: PM2 log: App name:myNextApp id:4 disconnected
2023-07-01T15:13:14: PM2 log: App [myNextApp:4] exited with code [0] via signal [SIGINT]
2023-07-01T15:13:14: PM2 log: App [myNextApp:5] exited with code [0] via signal [SIGINT]
2023-07-01T15:13:14: PM2 log: App name:myNextApp id:5 disconnected
2023-07-01T15:13:14: PM2 log: pid=21781 msg=process killed
2023-07-01T15:13:14: PM2 log: App [myNextApp:5] starting in -cluster mode-
2023-07-01T15:13:14: PM2 log: pid=21763 msg=process killed
2023-07-01T15:13:14: PM2 log: App [myNextApp:4] starting in -cluster mode-
2023-07-01T15:13:14: PM2 log: App [myNextApp:5] online
2023-07-01T15:13:14: PM2 log: Stopping app:myNextApp id:6
2023-07-01T15:13:14: PM2 log: App [myNextApp:4] online
2023-07-01T15:13:14: PM2 log: Stopping app:myNextApp id:7
2023-07-01T15:13:14: PM2 log: App name:myNextApp id:6 disconnected
2023-07-01T15:13:14: PM2 log: App [myNextApp:6] exited with code [0] via signal [SIGINT]
2023-07-01T15:13:14: PM2 log: pid=21800 msg=process killed
2023-07-01T15:13:14: PM2 log: App [myNextApp:6] starting in -cluster mode-
2023-07-01T15:13:14: PM2 log: App name:myNextApp id:7 disconnected
2023-07-01T15:13:14: PM2 log: App [myNextApp:7] exited with code [0] via signal [SIGINT]
2023-07-01T15:13:14: PM2 log: pid=21836 msg=process killed
2023-07-01T15:13:14: PM2 log: App [myNextApp:7] starting in -cluster mode-
2023-07-01T15:13:14: PM2 log: App [myNextApp:6] online
2023-07-01T15:13:14: PM2 log: App [myNextApp:7] online
2023-07-01T15:13:14: PM2 log: Stopping app:myNextApp id:8
2023-07-01T15:13:14: PM2 log: Stopping app:myNextApp id:9
2023-07-01T15:13:14: PM2 log: App name:myNextApp id:9 disconnected
2023-07-01T15:13:14: PM2 log: App name:myNextApp id:8 disconnected
2023-07-01T15:13:14: PM2 log: App [myNextApp:8] exited with code [0] via signal [SIGINT]
2023-07-01T15:13:14: PM2 log: App [myNextApp:9] exited with code [0] via signal [SIGINT]
2023-07-01T15:13:15: PM2 log: pid=21854 msg=process killed
2023-07-01T15:13:15: PM2 log: App [myNextApp:9] starting in -cluster mode-
2023-07-01T15:13:15: PM2 log: pid=21818 msg=process killed
2023-07-01T15:13:15: PM2 log: App [myNextApp:8] starting in -cluster mode-
2023-07-01T15:13:15: PM2 log: App [myNextApp:9] online
2023-07-01T15:13:15: PM2 log: App [myNextApp:8] online
2023-07-01T18:05:44: PM2 log: Stopping app:myNextApp id:0
2023-07-01T18:05:44: PM2 log: Stopping app:myNextApp id:1
2023-07-01T18:05:45: PM2 log: pid=23475 msg=failed to kill - retrying in 100ms
2023-07-01T18:05:45: PM2 log: pid=23476 msg=failed to kill - retrying in 100ms
2023-07-01T18:05:45: PM2 log: pid=23475 msg=failed to kill - retrying in 100ms
2023-07-01T18:05:45: PM2 log: pid=23476 msg=failed to kill - retrying in 100ms
2023-07-01T18:05:45: PM2 log: pid=23475 msg=failed to kill - retrying in 100ms
2023-07-01T18:05:45: PM2 log: pid=23476 msg=failed to kill - retrying in 100ms
2023-07-01T18:05:45: PM2 log: App name:myNextApp id:0 disconnected
2023-07-01T18:05:45: PM2 log: App [myNextApp:0] exited with code [0] via signal [SIGINT]
2023-07-01T18:05:45: PM2 log: pid=23475 msg=process killed
2023-07-01T18:05:45: PM2 log: App [myNextApp:0] starting in -cluster mode-
2023-07-01T18:05:45: PM2 log: pid=23476 msg=failed to kill - retrying in 100ms
2023-07-01T18:05:45: PM2 log: App name:myNextApp id:1 disconnected
2023-07-01T18:05:45: PM2 log: App [myNextApp:1] exited with code [0] via signal [SIGINT]
2023-07-01T18:05:45: PM2 log: App [myNextApp:0] online
2023-07-01T18:05:45: PM2 log: pid=23476 msg=process killed
2023-07-01T18:05:45: PM2 log: App [myNextApp:1] starting in -cluster mode-
2023-07-01T18:05:45: PM2 log: Stopping app:myNextApp id:2
2023-07-01T18:05:45: PM2 log: App [myNextApp:1] online
2023-07-01T18:05:45: PM2 log: Stopping app:myNextApp id:3
2023-07-01T18:05:45: PM2 log: pid=23499 msg=failed to kill - retrying in 100ms
2023-07-01T18:05:45: PM2 log: pid=23499 msg=failed to kill - retrying in 100ms
2023-07-01T18:05:45: PM2 log: pid=23505 msg=failed to kill - retrying in 100ms
2023-07-01T18:05:45: PM2 log: pid=23499 msg=failed to kill - retrying in 100ms
2023-07-01T18:05:45: PM2 log: App [myNextApp:2] exited with code [0] via signal [SIGINT]
2023-07-01T18:05:45: PM2 log: pid=23505 msg=failed to kill - retrying in 100ms
2023-07-01T18:05:45: PM2 log: pid=23499 msg=process killed
2023-07-01T18:05:45: PM2 log: App [myNextApp:2] starting in -cluster mode-
2023-07-01T18:05:46: PM2 log: pid=23505 msg=failed to kill - retrying in 100ms
2023-07-01T18:05:46: PM2 log: App name:myNextApp id:3 disconnected
2023-07-01T18:05:46: PM2 log: App [myNextApp:3] exited with code [0] via signal [SIGINT]
2023-07-01T18:05:46: PM2 log: App [myNextApp:2] online
2023-07-01T18:05:46: PM2 log: Stopping app:myNextApp id:4
2023-07-01T18:05:46: PM2 log: pid=23505 msg=process killed
2023-07-01T18:05:46: PM2 log: App [myNextApp:3] starting in -cluster mode-
2023-07-01T18:05:46: PM2 log: App [myNextApp:3] online
2023-07-01T18:05:46: PM2 log: Stopping app:myNextApp id:5
2023-07-01T18:05:46: PM2 log: pid=23540 msg=failed to kill - retrying in 100ms
2023-07-01T18:05:46: PM2 log: pid=23540 msg=failed to kill - retrying in 100ms
2023-07-01T18:05:46: PM2 log: pid=23539 msg=failed to kill - retrying in 100ms
2023-07-01T18:05:46: PM2 log: pid=23540 msg=failed to kill - retrying in 100ms
2023-07-01T18:05:46: PM2 log: pid=23539 msg=failed to kill - retrying in 100ms
2023-07-01T18:05:46: PM2 log: pid=23540 msg=failed to kill - retrying in 100ms
2023-07-01T18:05:46: PM2 log: pid=23539 msg=failed to kill - retrying in 100ms
2023-07-01T18:05:46: PM2 log: pid=23540 msg=failed to kill - retrying in 100ms
2023-07-01T18:05:46: PM2 log: pid=23539 msg=failed to kill - retrying in 100ms
2023-07-01T18:05:46: PM2 log: pid=23540 msg=failed to kill - retrying in 100ms
2023-07-01T18:05:46: PM2 log: App [myNextApp:4] exited with code [0] via signal [SIGINT]
2023-07-01T18:05:46: PM2 log: pid=23539 msg=failed to kill - retrying in 100ms
2023-07-01T18:05:46: PM2 log: pid=23540 msg=process killed
2023-07-01T18:05:46: PM2 log: App [myNextApp:4] starting in -cluster mode-
2023-07-01T18:05:47: PM2 log: App [myNextApp:5] exited with code [0] via signal [SIGINT]
2023-07-01T18:05:47: PM2 log: pid=23539 msg=process killed
2023-07-01T18:05:47: PM2 log: App [myNextApp:5] starting in -cluster mode-
2023-07-01T18:05:47: PM2 log: App [myNextApp:4] online
2023-07-01T18:05:47: PM2 log: Stopping app:myNextApp id:6
2023-07-01T18:05:47: PM2 log: App [myNextApp:5] online
2023-07-01T18:05:47: PM2 log: Stopping app:myNextApp id:7
2023-07-01T18:05:47: PM2 log: pid=23563 msg=failed to kill - retrying in 100ms
2023-07-01T18:05:47: PM2 log: pid=23569 msg=failed to kill - retrying in 100ms
2023-07-01T18:05:47: PM2 log: pid=23563 msg=failed to kill - retrying in 100ms
2023-07-01T18:05:47: PM2 log: pid=23569 msg=failed to kill - retrying in 100ms
2023-07-01T18:05:47: PM2 log: pid=23563 msg=failed to kill - retrying in 100ms
2023-07-01T18:05:47: PM2 log: pid=23569 msg=failed to kill - retrying in 100ms
2023-07-01T18:05:47: PM2 log: pid=23563 msg=failed to kill - retrying in 100ms
2023-07-01T18:05:47: PM2 log: pid=23569 msg=failed to kill - retrying in 100ms
2023-07-01T18:05:47: PM2 log: pid=23563 msg=failed to kill - retrying in 100ms
2023-07-01T18:05:47: PM2 log: pid=23569 msg=failed to kill - retrying in 100ms
2023-07-01T18:05:47: PM2 log: pid=23563 msg=failed to kill - retrying in 100ms
2023-07-01T18:05:47: PM2 log: pid=23569 msg=failed to kill - retrying in 100ms
2023-07-01T18:05:47: PM2 log: pid=23563 msg=failed to kill - retrying in 100ms
2023-07-01T18:05:47: PM2 log: pid=23569 msg=failed to kill - retrying in 100ms
2023-07-01T18:05:47: PM2 log: pid=23563 msg=failed to kill - retrying in 100ms
2023-07-01T18:05:48: PM2 log: pid=23569 msg=failed to kill - retrying in 100ms
2023-07-01T18:05:48: PM2 log: pid=23563 msg=failed to kill - retrying in 100ms
2023-07-01T18:05:48: PM2 log: pid=23569 msg=failed to kill - retrying in 100ms
2023-07-01T18:05:48: PM2 log: pid=23563 msg=failed to kill - retrying in 100ms
2023-07-01T18:05:48: PM2 log: App [myNextApp:7] exited with code [0] via signal [SIGINT]
2023-07-01T18:05:48: PM2 log: pid=23569 msg=process killed
2023-07-01T18:05:48: PM2 log: App [myNextApp:7] starting in -cluster mode-
2023-07-01T18:05:48: PM2 log: pid=23563 msg=failed to kill - retrying in 100ms
2023-07-01T18:05:48: PM2 log: App [myNextApp:7] online
2023-07-01T18:05:48: PM2 log: Stopping app:myNextApp id:8
2023-07-01T18:05:48: PM2 log: pid=23563 msg=failed to kill - retrying in 100ms
2023-07-01T18:05:48: PM2 log: pid=23563 msg=failed to kill - retrying in 100ms
2023-07-01T18:05:48: PM2 log: App [myNextApp:6] exited with code [0] via signal [SIGINT]
2023-07-01T18:05:48: PM2 log: pid=23613 msg=failed to kill - retrying in 100ms
2023-07-01T18:05:48: PM2 log: pid=23563 msg=process killed
2023-07-01T18:05:48: PM2 log: App [myNextApp:6] starting in -cluster mode-
2023-07-01T18:05:48: PM2 log: pid=23613 msg=failed to kill - retrying in 100ms
2023-07-01T18:05:48: PM2 log: App [myNextApp:6] online
2023-07-01T18:05:48: PM2 log: Stopping app:myNextApp id:9
2023-07-01T18:05:49: PM2 log: pid=23613 msg=failed to kill - retrying in 100ms
2023-07-01T18:05:49: PM2 log: pid=23599 msg=failed to kill - retrying in 100ms
2023-07-01T18:05:49: PM2 log: pid=23613 msg=failed to kill - retrying in 100ms
2023-07-01T18:05:49: PM2 log: pid=23599 msg=failed to kill - retrying in 100ms
2023-07-01T18:05:49: PM2 log: pid=23613 msg=failed to kill - retrying in 100ms
2023-07-01T18:05:49: PM2 log: pid=23599 msg=failed to kill - retrying in 100ms
2023-07-01T18:05:49: PM2 log: pid=23613 msg=failed to kill - retrying in 100ms
2023-07-01T18:05:49: PM2 log: pid=23599 msg=failed to kill - retrying in 100ms
2023-07-01T18:05:49: PM2 log: pid=23613 msg=failed to kill - retrying in 100ms
2023-07-01T18:05:49: PM2 log: pid=23599 msg=failed to kill - retrying in 100ms
2023-07-01T18:05:49: PM2 log: pid=23613 msg=failed to kill - retrying in 100ms
2023-07-01T18:05:49: PM2 log: pid=23599 msg=failed to kill - retrying in 100ms
2023-07-01T18:05:49: PM2 log: App [myNextApp:8] exited with code [0] via signal [SIGINT]
2023-07-01T18:05:49: PM2 log: pid=23613 msg=process killed
2023-07-01T18:05:49: PM2 log: App [myNextApp:8] starting in -cluster mode-
2023-07-01T18:05:49: PM2 log: pid=23599 msg=failed to kill - retrying in 100ms
2023-07-01T18:05:49: PM2 log: App [myNextApp:8] online
2023-07-01T18:05:49: PM2 log: pid=23599 msg=failed to kill - retrying in 100ms
2023-07-01T18:05:49: PM2 log: App [myNextApp:9] exited with code [0] via signal [SIGINT]
2023-07-01T18:05:49: PM2 log: pid=23599 msg=process killed
2023-07-01T18:05:49: PM2 log: App [myNextApp:9] starting in -cluster mode-
2023-07-01T18:05:50: PM2 log: App [myNextApp:9] online
2023-07-01T19:05:30: PM2 log: Stopping app:myNextApp id:0
2023-07-01T19:05:30: PM2 log: Stopping app:myNextApp id:1
2023-07-01T19:05:30: PM2 log: pid=32460 msg=failed to kill - retrying in 100ms
2023-07-01T19:05:30: PM2 log: pid=32453 msg=failed to kill - retrying in 100ms
2023-07-01T19:05:30: PM2 log: pid=32460 msg=failed to kill - retrying in 100ms
2023-07-01T19:05:30: PM2 log: pid=32453 msg=failed to kill - retrying in 100ms
2023-07-01T19:05:30: PM2 log: pid=32460 msg=failed to kill - retrying in 100ms
2023-07-01T19:05:30: PM2 log: pid=32453 msg=failed to kill - retrying in 100ms
2023-07-01T19:05:31: PM2 log: pid=32460 msg=failed to kill - retrying in 100ms
2023-07-01T19:05:31: PM2 log: pid=32453 msg=failed to kill - retrying in 100ms
2023-07-01T19:05:31: PM2 log: pid=32460 msg=failed to kill - retrying in 100ms
2023-07-01T19:05:31: PM2 log: pid=32453 msg=failed to kill - retrying in 100ms
2023-07-01T19:05:31: PM2 log: pid=32460 msg=failed to kill - retrying in 100ms
2023-07-01T19:05:31: PM2 log: pid=32453 msg=failed to kill - retrying in 100ms
2023-07-01T19:05:31: PM2 log: pid=32460 msg=failed to kill - retrying in 100ms
2023-07-01T19:05:31: PM2 log: pid=32453 msg=failed to kill - retrying in 100ms
2023-07-01T19:05:31: PM2 log: pid=32460 msg=failed to kill - retrying in 100ms
2023-07-01T19:05:31: PM2 log: pid=32453 msg=failed to kill - retrying in 100ms
2023-07-01T19:05:31: PM2 log: pid=32460 msg=failed to kill - retrying in 100ms
2023-07-01T19:05:31: PM2 log: pid=32453 msg=failed to kill - retrying in 100ms
2023-07-01T19:05:31: PM2 log: pid=32460 msg=failed to kill - retrying in 100ms
2023-07-01T19:05:31: PM2 log: pid=32453 msg=failed to kill - retrying in 100ms
2023-07-01T19:05:31: PM2 log: pid=32460 msg=failed to kill - retrying in 100ms
2023-07-01T19:05:31: PM2 log: pid=32453 msg=failed to kill - retrying in 100ms
2023-07-01T19:05:31: PM2 log: pid=32460 msg=failed to kill - retrying in 100ms
2023-07-01T19:05:31: PM2 log: pid=32453 msg=failed to kill - retrying in 100ms
2023-07-01T19:05:31: PM2 log: pid=32460 msg=failed to kill - retrying in 100ms
2023-07-01T19:05:31: PM2 log: pid=32453 msg=failed to kill - retrying in 100ms
2023-07-01T19:05:32: PM2 log: pid=32460 msg=failed to kill - retrying in 100ms
2023-07-01T19:05:32: PM2 log: pid=32453 msg=failed to kill - retrying in 100ms
2023-07-01T19:05:32: PM2 log: pid=32460 msg=failed to kill - retrying in 100ms
2023-07-01T19:05:32: PM2 log: pid=32453 msg=failed to kill - retrying in 100ms
2023-07-01T19:05:32: PM2 log: Process with pid 32460 still alive after 1600ms, sending it SIGKILL now...
2023-07-01T19:05:32: PM2 log: Process with pid 32453 still alive after 1600ms, sending it SIGKILL now...
2023-07-01T19:05:32: PM2 log: pid=32460 msg=failed to kill - retrying in 100ms
2023-07-01T19:05:32: PM2 log: pid=32453 msg=failed to kill - retrying in 100ms
2023-07-01T19:05:32: PM2 log: App [myNextApp:1] exited with code [0] via signal [SIGKILL]
2023-07-01T19:05:32: PM2 log: pid=32460 msg=process killed
2023-07-01T19:05:32: PM2 log: App [myNextApp:1] starting in -cluster mode-
2023-07-01T19:05:32: PM2 log: pid=32453 msg=failed to kill - retrying in 100ms
2023-07-01T19:05:32: PM2 log: App [myNextApp:0] exited with code [0] via signal [SIGKILL]
2023-07-01T19:05:32: PM2 log: App [myNextApp:1] online
2023-07-01T19:05:32: PM2 log: pid=32453 msg=process killed
2023-07-01T19:05:32: PM2 log: App [myNextApp:0] starting in -cluster mode-
2023-07-01T19:05:32: PM2 log: Stopping app:myNextApp id:2
2023-07-01T19:05:32: PM2 log: App [myNextApp:0] online
2023-07-01T19:05:32: PM2 log: Stopping app:myNextApp id:3
2023-07-01T19:05:32: PM2 log: pid=32483 msg=failed to kill - retrying in 100ms
2023-07-01T19:05:32: PM2 log: pid=32483 msg=failed to kill - retrying in 100ms
2023-07-01T19:05:32: PM2 log: pid=32496 msg=failed to kill - retrying in 100ms
2023-07-01T19:05:33: PM2 log: pid=32483 msg=failed to kill - retrying in 100ms
2023-07-01T19:05:33: PM2 log: pid=32496 msg=failed to kill - retrying in 100ms
2023-07-01T19:05:33: PM2 log: pid=32483 msg=failed to kill - retrying in 100ms
2023-07-01T19:05:33: PM2 log: pid=32496 msg=failed to kill - retrying in 100ms
2023-07-01T19:05:33: PM2 log: pid=32483 msg=failed to kill - retrying in 100ms
2023-07-01T19:05:33: PM2 log: pid=32496 msg=failed to kill - retrying in 100ms
2023-07-01T19:05:33: PM2 log: pid=32483 msg=failed to kill - retrying in 100ms
2023-07-01T19:05:33: PM2 log: pid=32496 msg=failed to kill - retrying in 100ms
2023-07-01T19:05:33: PM2 log: pid=32483 msg=failed to kill - retrying in 100ms
2023-07-01T19:05:33: PM2 log: pid=32496 msg=failed to kill - retrying in 100ms
2023-07-01T19:05:33: PM2 log: pid=32483 msg=failed to kill - retrying in 100ms
2023-07-01T19:05:33: PM2 log: pid=32496 msg=failed to kill - retrying in 100ms
2023-07-01T19:05:33: PM2 log: pid=32483 msg=failed to kill - retrying in 100ms
2023-07-01T19:05:33: PM2 log: pid=32496 msg=failed to kill - retrying in 100ms
2023-07-01T19:05:33: PM2 log: pid=32483 msg=failed to kill - retrying in 100ms
2023-07-01T19:05:33: PM2 log: pid=32496 msg=failed to kill - retrying in 100ms
2023-07-01T19:05:33: PM2 log: pid=32483 msg=failed to kill - retrying in 100ms
2023-07-01T19:05:33: PM2 log: pid=32496 msg=failed to kill - retrying in 100ms
2023-07-01T19:05:33: PM2 log: pid=32483 msg=failed to kill - retrying in 100ms
2023-07-01T19:05:33: PM2 log: pid=32496 msg=failed to kill - retrying in 100ms
2023-07-01T19:05:34: PM2 log: pid=32483 msg=failed to kill - retrying in 100ms
2023-07-01T19:05:34: PM2 log: pid=32496 msg=failed to kill - retrying in 100ms
2023-07-01T19:05:34: PM2 log: pid=32483 msg=failed to kill - retrying in 100ms
2023-07-01T19:05:34: PM2 log: pid=32496 msg=failed to kill - retrying in 100ms
2023-07-01T19:05:34: PM2 log: pid=32483 msg=failed to kill - retrying in 100ms
2023-07-01T19:05:34: PM2 log: pid=32496 msg=failed to kill - retrying in 100ms
2023-07-01T19:05:34: PM2 log: Process with pid 32483 still alive after 1600ms, sending it SIGKILL now...
2023-07-01T19:05:34: PM2 log: pid=32496 msg=failed to kill - retrying in 100ms
2023-07-01T19:05:34: PM2 log: Process with pid 32496 still alive after 1600ms, sending it SIGKILL now...
2023-07-01T19:05:34: PM2 log: App [myNextApp:2] exited with code [0] via signal [SIGKILL]
2023-07-01T19:05:34: PM2 log: pid=32483 msg=process killed
2023-07-01T19:05:34: PM2 log: App [myNextApp:2] starting in -cluster mode-
2023-07-01T19:05:34: PM2 log: App [myNextApp:2] online
2023-07-01T19:05:34: PM2 log: pid=32496 msg=failed to kill - retrying in 100ms
2023-07-01T19:05:34: PM2 log: Stopping app:myNextApp id:4
2023-07-01T19:05:34: PM2 log: App name:myNextApp id:3 disconnected
2023-07-01T19:05:34: PM2 log: App [myNextApp:3] exited with code [0] via signal [SIGKILL]
2023-07-01T19:05:34: PM2 log: pid=32496 msg=process killed
2023-07-01T19:05:34: PM2 log: App [myNextApp:3] starting in -cluster mode-
2023-07-01T19:05:34: PM2 log: pid=32513 msg=failed to kill - retrying in 100ms
2023-07-01T19:05:34: PM2 log: App [myNextApp:3] online
2023-07-01T19:05:34: PM2 log: pid=32513 msg=failed to kill - retrying in 100ms
2023-07-01T19:05:34: PM2 log: Stopping app:myNextApp id:5
2023-07-01T19:05:35: PM2 log: pid=32513 msg=failed to kill - retrying in 100ms
2023-07-01T19:05:35: PM2 log: pid=32520 msg=failed to kill - retrying in 100ms
2023-07-01T19:05:35: PM2 log: pid=32513 msg=failed to kill - retrying in 100ms
2023-07-01T19:05:35: PM2 log: pid=32520 msg=failed to kill - retrying in 100ms
2023-07-01T19:05:35: PM2 log: pid=32513 msg=failed to kill - retrying in 100ms
2023-07-01T19:05:35: PM2 log: pid=32520 msg=failed to kill - retrying in 100ms
2023-07-01T19:05:35: PM2 log: pid=32513 msg=failed to kill - retrying in 100ms
2023-07-01T19:05:35: PM2 log: pid=32520 msg=failed to kill - retrying in 100ms
2023-07-01T19:05:35: PM2 log: pid=32513 msg=failed to kill - retrying in 100ms
2023-07-01T19:05:35: PM2 log: pid=32520 msg=failed to kill - retrying in 100ms
2023-07-01T19:05:35: PM2 log: pid=32513 msg=failed to kill - retrying in 100ms
2023-07-01T19:05:35: PM2 log: pid=32520 msg=failed to kill - retrying in 100ms
2023-07-01T19:05:35: PM2 log: pid=32513 msg=failed to kill - retrying in 100ms
2023-07-01T19:05:35: PM2 log: pid=32520 msg=failed to kill - retrying in 100ms
2023-07-01T19:05:35: PM2 log: pid=32513 msg=failed to kill - retrying in 100ms
2023-07-01T19:05:35: PM2 log: pid=32520 msg=failed to kill - retrying in 100ms
2023-07-01T19:05:35: PM2 log: pid=32513 msg=failed to kill - retrying in 100ms
2023-07-01T19:05:36: PM2 log: pid=32520 msg=failed to kill - retrying in 100ms
2023-07-01T19:05:36: PM2 log: pid=32513 msg=failed to kill - retrying in 100ms
2023-07-01T19:05:36: PM2 log: pid=32520 msg=failed to kill - retrying in 100ms
2023-07-01T19:05:36: PM2 log: pid=32513 msg=failed to kill - retrying in 100ms
2023-07-01T19:05:36: PM2 log: pid=32520 msg=failed to kill - retrying in 100ms
2023-07-01T19:05:36: PM2 log: pid=32513 msg=failed to kill - retrying in 100ms
2023-07-01T19:05:36: PM2 log: pid=32520 msg=failed to kill - retrying in 100ms
2023-07-01T19:05:36: PM2 log: pid=32513 msg=failed to kill - retrying in 100ms
2023-07-01T19:05:36: PM2 log: Process with pid 32513 still alive after 1600ms, sending it SIGKILL now...
2023-07-01T19:05:36: PM2 log: pid=32520 msg=failed to kill - retrying in 100ms
2023-07-01T19:05:36: PM2 log: pid=32513 msg=failed to kill - retrying in 100ms
2023-07-01T19:05:36: PM2 log: pid=32520 msg=failed to kill - retrying in 100ms
2023-07-01T19:05:36: PM2 log: App name:myNextApp id:4 disconnected
2023-07-01T19:05:36: PM2 log: App [myNextApp:4] exited with code [0] via signal [SIGKILL]
2023-07-01T19:05:36: PM2 log: pid=32513 msg=process killed
2023-07-01T19:05:36: PM2 log: App [myNextApp:4] starting in -cluster mode-
2023-07-01T19:05:36: PM2 log: pid=32520 msg=failed to kill - retrying in 100ms
2023-07-01T19:05:36: PM2 log: Process with pid 32520 still alive after 1600ms, sending it SIGKILL now...
2023-07-01T19:05:36: PM2 log: App [myNextApp:4] online
2023-07-01T19:05:36: PM2 log: Stopping app:myNextApp id:6
2023-07-01T19:05:36: PM2 log: pid=32520 msg=failed to kill - retrying in 100ms
2023-07-01T19:05:36: PM2 log: App name:myNextApp id:5 disconnected
2023-07-01T19:05:36: PM2 log: App [myNextApp:5] exited with code [0] via signal [SIGKILL]
2023-07-01T19:05:36: PM2 log: pid=32573 msg=failed to kill - retrying in 100ms
2023-07-01T19:05:36: PM2 log: pid=32520 msg=process killed
2023-07-01T19:05:36: PM2 log: App [myNextApp:5] starting in -cluster mode-
2023-07-01T19:05:36: PM2 log: pid=32573 msg=failed to kill - retrying in 100ms
2023-07-01T19:05:37: PM2 log: App [myNextApp:5] online
2023-07-01T19:05:37: PM2 log: Stopping app:myNextApp id:7
2023-07-01T19:05:37: PM2 log: pid=32573 msg=failed to kill - retrying in 100ms
2023-07-01T19:05:37: PM2 log: pid=32573 msg=failed to kill - retrying in 100ms
2023-07-01T19:05:37: PM2 log: pid=32561 msg=failed to kill - retrying in 100ms
2023-07-01T19:05:37: PM2 log: pid=32573 msg=failed to kill - retrying in 100ms
2023-07-01T19:05:37: PM2 log: pid=32561 msg=failed to kill - retrying in 100ms
2023-07-01T19:05:37: PM2 log: pid=32573 msg=failed to kill - retrying in 100ms
2023-07-01T19:05:37: PM2 log: pid=32561 msg=failed to kill - retrying in 100ms
2023-07-01T19:05:37: PM2 log: pid=32573 msg=failed to kill - retrying in 100ms
2023-07-01T19:05:37: PM2 log: pid=32561 msg=failed to kill - retrying in 100ms
2023-07-01T19:05:37: PM2 log: pid=32573 msg=failed to kill - retrying in 100ms
2023-07-01T19:05:37: PM2 log: pid=32561 msg=failed to kill - retrying in 100ms
2023-07-01T19:05:37: PM2 log: pid=32573 msg=failed to kill - retrying in 100ms
2023-07-01T19:05:37: PM2 log: pid=32561 msg=failed to kill - retrying in 100ms
2023-07-01T19:05:37: PM2 log: pid=32573 msg=failed to kill - retrying in 100ms
2023-07-01T19:05:38: PM2 log: pid=32561 msg=failed to kill - retrying in 100ms
2023-07-01T19:05:38: PM2 log: pid=32573 msg=failed to kill - retrying in 100ms
2023-07-01T19:05:38: PM2 log: pid=32561 msg=failed to kill - retrying in 100ms
2023-07-01T19:05:38: PM2 log: pid=32573 msg=failed to kill - retrying in 100ms
2023-07-01T19:05:38: PM2 log: pid=32561 msg=failed to kill - retrying in 100ms
2023-07-01T19:05:38: PM2 log: pid=32573 msg=failed to kill - retrying in 100ms
2023-07-01T19:05:38: PM2 log: Process with pid 32573 still alive after 1600ms, sending it SIGKILL now...
2023-07-01T19:05:38: PM2 log: pid=32561 msg=failed to kill - retrying in 100ms
2023-07-01T19:05:38: PM2 log: pid=32561 msg=failed to kill - retrying in 100ms
2023-07-01T19:05:38: PM2 log: pid=32573 msg=failed to kill - retrying in 100ms
2023-07-01T19:05:38: PM2 log: pid=32561 msg=failed to kill - retrying in 100ms
2023-07-01T19:05:38: PM2 log: App [myNextApp:6] exited with code [0] via signal [SIGKILL]
2023-07-01T19:05:38: PM2 log: pid=32573 msg=process killed
2023-07-01T19:05:38: PM2 log: App [myNextApp:6] starting in -cluster mode-
2023-07-01T19:05:38: PM2 log: pid=32561 msg=failed to kill - retrying in 100ms
2023-07-01T19:05:38: PM2 log: Process with pid 32561 still alive after 1600ms, sending it SIGKILL now...
2023-07-01T19:05:38: PM2 log: App [myNextApp:6] online
2023-07-01T19:05:38: PM2 log: Stopping app:myNextApp id:8
2023-07-01T19:05:38: PM2 log: pid=32561 msg=failed to kill - retrying in 100ms
2023-07-01T19:05:38: PM2 log: pid=32593 msg=failed to kill - retrying in 100ms
2023-07-01T19:05:38: PM2 log: App [myNextApp:7] exited with code [0] via signal [SIGKILL]
2023-07-01T19:05:38: PM2 log: pid=32561 msg=process killed
2023-07-01T19:05:38: PM2 log: App [myNextApp:7] starting in -cluster mode-
2023-07-01T19:05:39: PM2 log: pid=32593 msg=failed to kill - retrying in 100ms
2023-07-01T19:05:39: PM2 log: App [myNextApp:7] online
2023-07-01T19:05:39: PM2 log: Stopping app:myNextApp id:9
2023-07-01T19:05:39: PM2 log: pid=32593 msg=failed to kill - retrying in 100ms
2023-07-01T19:05:39: PM2 log: pid=32593 msg=failed to kill - retrying in 100ms
2023-07-01T19:05:39: PM2 log: pid=32600 msg=failed to kill - retrying in 100ms
2023-07-01T19:05:39: PM2 log: pid=32593 msg=failed to kill - retrying in 100ms
2023-07-01T19:05:39: PM2 log: pid=32600 msg=failed to kill - retrying in 100ms
2023-07-01T19:05:39: PM2 log: pid=32593 msg=failed to kill - retrying in 100ms
2023-07-01T19:05:39: PM2 log: pid=32600 msg=failed to kill - retrying in 100ms
2023-07-01T19:05:39: PM2 log: pid=32593 msg=failed to kill - retrying in 100ms
2023-07-01T19:05:39: PM2 log: App [myNextApp:9] exited with code [0] via signal [SIGINT]
2023-07-01T19:05:39: PM2 log: pid=32600 msg=process killed
2023-07-01T19:05:39: PM2 log: App [myNextApp:9] starting in -cluster mode-
2023-07-01T19:05:39: PM2 log: pid=32593 msg=failed to kill - retrying in 100ms
2023-07-01T19:05:39: PM2 log: pid=32593 msg=failed to kill - retrying in 100ms
2023-07-01T19:05:39: PM2 log: App [myNextApp:9] online
2023-07-01T19:05:39: PM2 log: pid=32593 msg=failed to kill - retrying in 100ms
2023-07-01T19:05:39: PM2 log: pid=32593 msg=failed to kill - retrying in 100ms
2023-07-01T19:05:40: PM2 log: pid=32593 msg=failed to kill - retrying in 100ms
2023-07-01T19:05:40: PM2 log: pid=32593 msg=failed to kill - retrying in 100ms
2023-07-01T19:05:40: PM2 log: pid=32593 msg=failed to kill - retrying in 100ms
2023-07-01T19:05:40: PM2 log: pid=32593 msg=failed to kill - retrying in 100ms
2023-07-01T19:05:40: PM2 log: Process with pid 32593 still alive after 1600ms, sending it SIGKILL now...
2023-07-01T19:05:41: PM2 log: pid=32593 msg=failed to kill - retrying in 100ms
2023-07-01T19:05:41: PM2 log: App [myNextApp:8] exited with code [0] via signal [SIGKILL]
2023-07-01T19:05:41: PM2 log: pid=32593 msg=process killed
2023-07-01T19:05:41: PM2 log: App [myNextApp:8] starting in -cluster mode-
2023-07-01T19:05:42: PM2 log: App [myNextApp:8] online
2023-07-01T19:09:35: PM2 log: [PM2] This PM2 is not UP TO DATE
2023-07-01T19:09:35: PM2 log: [PM2] Upgrade to version 5.3.0
2023-07-01T19:23:51: PM2 log: Stopping app:myNextApp id:0
2023-07-01T19:23:51: PM2 log: Stopping app:myNextApp id:1
2023-07-01T19:23:51: PM2 log: pid=14727 msg=failed to kill - retrying in 100ms
2023-07-01T19:23:51: PM2 log: pid=14720 msg=failed to kill - retrying in 100ms
2023-07-01T19:23:51: PM2 log: pid=14727 msg=failed to kill - retrying in 100ms
2023-07-01T19:23:51: PM2 log: pid=14720 msg=failed to kill - retrying in 100ms
2023-07-01T19:23:51: PM2 log: pid=14727 msg=failed to kill - retrying in 100ms
2023-07-01T19:23:51: PM2 log: pid=14720 msg=failed to kill - retrying in 100ms
2023-07-01T19:23:51: PM2 log: pid=14727 msg=failed to kill - retrying in 100ms
2023-07-01T19:23:51: PM2 log: pid=14720 msg=failed to kill - retrying in 100ms
2023-07-01T19:23:51: PM2 log: App name:myNextApp id:0 disconnected
2023-07-01T19:23:51: PM2 log: App [myNextApp:0] exited with code [0] via signal [SIGINT]
2023-07-01T19:23:51: PM2 log: pid=14727 msg=process killed
2023-07-01T19:23:51: PM2 log: App [myNextApp:0] starting in -cluster mode-
2023-07-01T19:23:51: PM2 log: App name:myNextApp id:1 disconnected
2023-07-01T19:23:51: PM2 log: App [myNextApp:1] exited with code [0] via signal [SIGINT]
2023-07-01T19:23:51: PM2 log: pid=14720 msg=process killed
2023-07-01T19:23:51: PM2 log: App [myNextApp:1] starting in -cluster mode-
2023-07-01T19:23:51: PM2 log: App [myNextApp:0] online
2023-07-01T19:23:51: PM2 log: Stopping app:myNextApp id:2
2023-07-01T19:23:51: PM2 log: App [myNextApp:1] online
2023-07-01T19:23:51: PM2 log: Stopping app:myNextApp id:3
2023-07-01T19:23:51: PM2 log: pid=14748 msg=failed to kill - retrying in 100ms
2023-07-01T19:23:52: PM2 log: pid=14760 msg=failed to kill - retrying in 100ms
2023-07-01T19:23:52: PM2 log: pid=14748 msg=failed to kill - retrying in 100ms
2023-07-01T19:23:52: PM2 log: pid=14760 msg=failed to kill - retrying in 100ms
2023-07-01T19:23:52: PM2 log: pid=14748 msg=failed to kill - retrying in 100ms
2023-07-01T19:23:52: PM2 log: App name:myNextApp id:3 disconnected
2023-07-01T19:23:52: PM2 log: App [myNextApp:3] exited with code [0] via signal [SIGINT]
2023-07-01T19:23:52: PM2 log: pid=14760 msg=process killed
2023-07-01T19:23:52: PM2 log: App [myNextApp:3] starting in -cluster mode-
2023-07-01T19:23:52: PM2 log: pid=14748 msg=failed to kill - retrying in 100ms
2023-07-01T19:23:52: PM2 log: App [myNextApp:3] online
2023-07-01T19:23:52: PM2 log: Stopping app:myNextApp id:4
2023-07-01T19:23:52: PM2 log: pid=14748 msg=failed to kill - retrying in 100ms
2023-07-01T19:23:52: PM2 log: pid=14748 msg=failed to kill - retrying in 100ms
2023-07-01T19:23:52: PM2 log: pid=14773 msg=failed to kill - retrying in 100ms
2023-07-01T19:23:52: PM2 log: App name:myNextApp id:2 disconnected
2023-07-01T19:23:52: PM2 log: App [myNextApp:2] exited with code [0] via signal [SIGINT]
2023-07-01T19:23:52: PM2 log: pid=14748 msg=process killed
2023-07-01T19:23:52: PM2 log: App [myNextApp:2] starting in -cluster mode-
2023-07-01T19:23:52: PM2 log: pid=14773 msg=failed to kill - retrying in 100ms
2023-07-01T19:23:52: PM2 log: App name:myNextApp id:4 disconnected
2023-07-01T19:23:52: PM2 log: App [myNextApp:4] exited with code [0] via signal [SIGINT]
2023-07-01T19:23:52: PM2 log: pid=14773 msg=process killed
2023-07-01T19:23:52: PM2 log: App [myNextApp:4] starting in -cluster mode-
2023-07-01T19:23:52: PM2 log: App [myNextApp:2] online
2023-07-01T19:23:52: PM2 log: Stopping app:myNextApp id:5
2023-07-01T19:23:52: PM2 log: App [myNextApp:4] online
2023-07-01T19:23:52: PM2 log: Stopping app:myNextApp id:6
2023-07-01T19:23:52: PM2 log: pid=14786 msg=failed to kill - retrying in 100ms
2023-07-01T19:23:52: PM2 log: pid=14799 msg=failed to kill - retrying in 100ms
2023-07-01T19:23:53: PM2 log: pid=14786 msg=failed to kill - retrying in 100ms
2023-07-01T19:23:53: PM2 log: pid=14799 msg=failed to kill - retrying in 100ms
2023-07-01T19:23:53: PM2 log: pid=14786 msg=failed to kill - retrying in 100ms
2023-07-01T19:23:53: PM2 log: pid=14799 msg=failed to kill - retrying in 100ms
2023-07-01T19:23:53: PM2 log: pid=14786 msg=failed to kill - retrying in 100ms
2023-07-01T19:23:53: PM2 log: pid=14799 msg=failed to kill - retrying in 100ms
2023-07-01T19:23:53: PM2 log: App name:myNextApp id:6 disconnected
2023-07-01T19:23:53: PM2 log: App [myNextApp:6] exited with code [0] via signal [SIGINT]
2023-07-01T19:23:53: PM2 log: pid=14786 msg=failed to kill - retrying in 100ms
2023-07-01T19:23:53: PM2 log: App name:myNextApp id:5 disconnected
2023-07-01T19:23:53: PM2 log: App [myNextApp:5] exited with code [0] via signal [SIGINT]
2023-07-01T19:23:53: PM2 log: pid=14799 msg=process killed
2023-07-01T19:23:53: PM2 log: App [myNextApp:6] starting in -cluster mode-
2023-07-01T19:23:53: PM2 log: pid=14786 msg=process killed
2023-07-01T19:23:53: PM2 log: App [myNextApp:5] starting in -cluster mode-
2023-07-01T19:23:54: PM2 log: App [myNextApp:6] online
2023-07-01T19:23:54: PM2 log: App [myNextApp:5] online
2023-07-01T19:23:54: PM2 log: Stopping app:myNextApp id:7
2023-07-01T19:23:54: PM2 log: Stopping app:myNextApp id:8
2023-07-01T19:23:54: PM2 log: App name:myNextApp id:7 disconnected
2023-07-01T19:23:54: PM2 log: App [myNextApp:7] exited with code [0] via signal [SIGINT]
2023-07-01T19:23:54: PM2 log: pid=14812 msg=process killed
2023-07-01T19:23:54: PM2 log: App [myNextApp:7] starting in -cluster mode-
2023-07-01T19:23:54: PM2 log: App [myNextApp:8] exited with code [0] via signal [SIGINT]
2023-07-01T19:23:54: PM2 log: App name:myNextApp id:8 disconnected
2023-07-01T19:23:54: PM2 log: pid=14872 msg=process killed
2023-07-01T19:23:54: PM2 log: App [myNextApp:8] starting in -cluster mode-
2023-07-01T19:23:54: PM2 log: App [myNextApp:7] online
2023-07-01T19:23:54: PM2 log: Stopping app:myNextApp id:9
2023-07-01T19:23:54: PM2 log: App [myNextApp:8] online
2023-07-01T19:23:54: PM2 log: pid=14824 msg=failed to kill - retrying in 100ms
2023-07-01T19:23:54: PM2 log: pid=14824 msg=failed to kill - retrying in 100ms
2023-07-01T19:23:54: PM2 log: App name:myNextApp id:9 disconnected
2023-07-01T19:23:54: PM2 log: App [myNextApp:9] exited with code [0] via signal [SIGINT]
2023-07-01T19:23:54: PM2 log: pid=14824 msg=process killed
2023-07-01T19:23:54: PM2 log: App [myNextApp:9] starting in -cluster mode-
2023-07-01T19:23:54: PM2 log: App [myNextApp:9] online
2023-07-02T10:26:33: PM2 log: Stopping app:myNextApp id:0
2023-07-02T10:26:33: PM2 log: Stopping app:myNextApp id:1
2023-07-02T10:26:33: PM2 log: pid=17865 msg=failed to kill - retrying in 100ms
2023-07-02T10:26:33: PM2 log: pid=17871 msg=failed to kill - retrying in 100ms
2023-07-02T10:26:33: PM2 log: pid=17865 msg=failed to kill - retrying in 100ms
2023-07-02T10:26:33: PM2 log: pid=17871 msg=failed to kill - retrying in 100ms
2023-07-02T10:26:33: PM2 log: pid=17865 msg=failed to kill - retrying in 100ms
2023-07-02T10:26:33: PM2 log: pid=17871 msg=failed to kill - retrying in 100ms
2023-07-02T10:26:33: PM2 log: pid=17865 msg=failed to kill - retrying in 100ms
2023-07-02T10:26:33: PM2 log: pid=17871 msg=failed to kill - retrying in 100ms
2023-07-02T10:26:33: PM2 log: App name:myNextApp id:0 disconnected
2023-07-02T10:26:33: PM2 log: pid=17865 msg=failed to kill - retrying in 100ms
2023-07-02T10:26:33: PM2 log: App [myNextApp:0] exited with code [0] via signal [SIGINT]
2023-07-02T10:26:33: PM2 log: pid=17871 msg=failed to kill - retrying in 100ms
2023-07-02T10:26:33: PM2 log: App name:myNextApp id:1 disconnected
2023-07-02T10:26:33: PM2 log: App [myNextApp:1] exited with code [0] via signal [SIGINT]
2023-07-02T10:26:33: PM2 log: pid=17865 msg=process killed
2023-07-02T10:26:33: PM2 log: App [myNextApp:0] starting in -cluster mode-
2023-07-02T10:26:33: PM2 log: pid=17871 msg=process killed
2023-07-02T10:26:33: PM2 log: App [myNextApp:1] starting in -cluster mode-
2023-07-02T10:26:33: PM2 log: App [myNextApp:0] online
2023-07-02T10:26:33: PM2 log: App [myNextApp:1] online
2023-07-02T10:26:33: PM2 log: Stopping app:myNextApp id:2
2023-07-02T10:26:33: PM2 log: Stopping app:myNextApp id:3
2023-07-02T10:26:34: PM2 log: pid=17901 msg=failed to kill - retrying in 100ms
2023-07-02T10:26:34: PM2 log: pid=17889 msg=failed to kill - retrying in 100ms
2023-07-02T10:26:34: PM2 log: pid=17901 msg=failed to kill - retrying in 100ms
2023-07-02T10:26:34: PM2 log: pid=17889 msg=failed to kill - retrying in 100ms
2023-07-02T10:26:34: PM2 log: pid=17901 msg=failed to kill - retrying in 100ms
2023-07-02T10:26:34: PM2 log: pid=17889 msg=failed to kill - retrying in 100ms
2023-07-02T10:26:34: PM2 log: pid=17901 msg=failed to kill - retrying in 100ms
2023-07-02T10:26:34: PM2 log: pid=17889 msg=failed to kill - retrying in 100ms
2023-07-02T10:26:34: PM2 log: pid=17901 msg=failed to kill - retrying in 100ms
2023-07-02T10:26:34: PM2 log: pid=17889 msg=failed to kill - retrying in 100ms
2023-07-02T10:26:34: PM2 log: pid=17901 msg=failed to kill - retrying in 100ms
2023-07-02T10:26:34: PM2 log: pid=17889 msg=failed to kill - retrying in 100ms
2023-07-02T10:26:34: PM2 log: pid=17901 msg=failed to kill - retrying in 100ms
2023-07-02T10:26:34: PM2 log: pid=17889 msg=failed to kill - retrying in 100ms
2023-07-02T10:26:34: PM2 log: pid=17901 msg=failed to kill - retrying in 100ms
2023-07-02T10:26:34: PM2 log: pid=17889 msg=failed to kill - retrying in 100ms
2023-07-02T10:26:34: PM2 log: pid=17901 msg=failed to kill - retrying in 100ms
2023-07-02T10:26:34: PM2 log: pid=17889 msg=failed to kill - retrying in 100ms
2023-07-02T10:26:35: PM2 log: pid=17901 msg=failed to kill - retrying in 100ms
2023-07-02T10:26:35: PM2 log: pid=17889 msg=failed to kill - retrying in 100ms
2023-07-02T10:26:35: PM2 log: App name:myNextApp id:3 disconnected
2023-07-02T10:26:35: PM2 log: App [myNextApp:3] exited with code [0] via signal [SIGINT]
2023-07-02T10:26:35: PM2 log: App name:myNextApp id:2 disconnected
2023-07-02T10:26:35: PM2 log: App [myNextApp:2] exited with code [0] via signal [SIGINT]
2023-07-02T10:26:35: PM2 log: pid=17901 msg=process killed
2023-07-02T10:26:35: PM2 log: App [myNextApp:2] starting in -cluster mode-
2023-07-02T10:26:35: PM2 log: pid=17889 msg=process killed
2023-07-02T10:26:35: PM2 log: App [myNextApp:3] starting in -cluster mode-
2023-07-02T10:26:35: PM2 log: App [myNextApp:2] online
2023-07-02T10:26:35: PM2 log: Stopping app:myNextApp id:4
2023-07-02T10:26:35: PM2 log: App [myNextApp:3] online
2023-07-02T10:26:35: PM2 log: Stopping app:myNextApp id:5
2023-07-02T10:26:35: PM2 log: pid=17908 msg=failed to kill - retrying in 100ms
2023-07-02T10:26:35: PM2 log: pid=17947 msg=failed to kill - retrying in 100ms
2023-07-02T10:26:35: PM2 log: pid=17908 msg=failed to kill - retrying in 100ms
2023-07-02T10:26:35: PM2 log: pid=17947 msg=failed to kill - retrying in 100ms
2023-07-02T10:26:36: PM2 log: pid=17908 msg=failed to kill - retrying in 100ms
2023-07-02T10:26:36: PM2 log: pid=17947 msg=failed to kill - retrying in 100ms
2023-07-02T10:26:36: PM2 log: App [myNextApp:4] exited with code [0] via signal [SIGINT]
2023-07-02T10:26:36: PM2 log: pid=17908 msg=process killed
2023-07-02T10:26:36: PM2 log: App [myNextApp:4] starting in -cluster mode-
2023-07-02T10:26:36: PM2 log: pid=17947 msg=failed to kill - retrying in 100ms
2023-07-02T10:26:36: PM2 log: pid=17947 msg=failed to kill - retrying in 100ms
2023-07-02T10:26:36: PM2 log: App [myNextApp:4] online
2023-07-02T10:26:36: PM2 log: Stopping app:myNextApp id:6
2023-07-02T10:26:36: PM2 log: pid=17947 msg=failed to kill - retrying in 100ms
2023-07-02T10:26:36: PM2 log: pid=17945 msg=failed to kill - retrying in 100ms
2023-07-02T10:26:36: PM2 log: pid=17947 msg=failed to kill - retrying in 100ms
2023-07-02T10:26:36: PM2 log: App [myNextApp:5] exited with code [0] via signal [SIGINT]
2023-07-02T10:26:36: PM2 log: pid=17945 msg=failed to kill - retrying in 100ms
2023-07-02T10:26:36: PM2 log: pid=17947 msg=process killed
2023-07-02T10:26:36: PM2 log: App [myNextApp:5] starting in -cluster mode-
2023-07-02T10:26:36: PM2 log: pid=17945 msg=failed to kill - retrying in 100ms
2023-07-02T10:26:36: PM2 log: App [myNextApp:5] online
2023-07-02T10:26:36: PM2 log: Stopping app:myNextApp id:7
2023-07-02T10:26:36: PM2 log: pid=17945 msg=failed to kill - retrying in 100ms
2023-07-02T10:26:36: PM2 log: pid=17977 msg=failed to kill - retrying in 100ms
2023-07-02T10:26:36: PM2 log: pid=17945 msg=failed to kill - retrying in 100ms
2023-07-02T10:26:36: PM2 log: pid=17977 msg=failed to kill - retrying in 100ms
2023-07-02T10:26:36: PM2 log: pid=17945 msg=failed to kill - retrying in 100ms
2023-07-02T10:26:37: PM2 log: pid=17977 msg=failed to kill - retrying in 100ms
2023-07-02T10:26:37: PM2 log: pid=17945 msg=failed to kill - retrying in 100ms
2023-07-02T10:26:37: PM2 log: pid=17977 msg=failed to kill - retrying in 100ms
2023-07-02T10:26:37: PM2 log: pid=17945 msg=failed to kill - retrying in 100ms
2023-07-02T10:26:37: PM2 log: pid=17977 msg=failed to kill - retrying in 100ms
2023-07-02T10:26:37: PM2 log: pid=17945 msg=failed to kill - retrying in 100ms
2023-07-02T10:26:37: PM2 log: App [myNextApp:6] exited with code [0] via signal [SIGINT]
2023-07-02T10:26:37: PM2 log: pid=17977 msg=failed to kill - retrying in 100ms
2023-07-02T10:26:37: PM2 log: pid=17945 msg=process killed
2023-07-02T10:26:37: PM2 log: App [myNextApp:6] starting in -cluster mode-
2023-07-02T10:26:37: PM2 log: pid=17977 msg=failed to kill - retrying in 100ms
2023-07-02T10:26:37: PM2 log: App [myNextApp:6] online
2023-07-02T10:26:37: PM2 log: Stopping app:myNextApp id:8
2023-07-02T10:26:37: PM2 log: pid=17977 msg=failed to kill - retrying in 100ms
2023-07-02T10:26:37: PM2 log: pid=17983 msg=failed to kill - retrying in 100ms
2023-07-02T10:26:37: PM2 log: pid=17977 msg=failed to kill - retrying in 100ms
2023-07-02T10:26:37: PM2 log: pid=17983 msg=failed to kill - retrying in 100ms
2023-07-02T10:26:37: PM2 log: pid=17977 msg=failed to kill - retrying in 100ms
2023-07-02T10:26:37: PM2 log: pid=17983 msg=failed to kill - retrying in 100ms
2023-07-02T10:26:37: PM2 log: pid=17977 msg=failed to kill - retrying in 100ms
2023-07-02T10:26:38: PM2 log: Process with pid 17977 still alive after 1600ms, sending it SIGKILL now...
2023-07-02T10:26:38: PM2 log: pid=17983 msg=failed to kill - retrying in 100ms
2023-07-02T10:26:38: PM2 log: App name:myNextApp id:7 disconnected
2023-07-02T10:26:38: PM2 log: App [myNextApp:7] exited with code [0] via signal [SIGINT]
2023-07-02T10:26:38: PM2 log: pid=17983 msg=failed to kill - retrying in 100ms
2023-07-02T10:26:38: PM2 log: App name:myNextApp id:8 disconnected
2023-07-02T10:26:38: PM2 log: App [myNextApp:8] exited with code [0] via signal [SIGINT]
2023-07-02T10:26:38: PM2 log: pid=17983 msg=process killed
2023-07-02T10:26:38: PM2 log: App [myNextApp:8] starting in -cluster mode-
2023-07-02T10:26:39: PM2 log: pid=17977 msg=process killed
2023-07-02T10:26:39: PM2 log: App [myNextApp:7] starting in -cluster mode-
2023-07-02T10:26:39: PM2 log: App [myNextApp:8] online
2023-07-02T10:26:39: PM2 log: Stopping app:myNextApp id:9
2023-07-02T10:26:39: PM2 log: App [myNextApp:7] online
2023-07-02T10:26:39: PM2 log: pid=18008 msg=failed to kill - retrying in 100ms
2023-07-02T10:26:39: PM2 log: pid=18008 msg=failed to kill - retrying in 100ms
2023-07-02T10:26:39: PM2 log: pid=18008 msg=failed to kill - retrying in 100ms
2023-07-02T10:26:39: PM2 log: pid=18008 msg=failed to kill - retrying in 100ms
2023-07-02T10:26:39: PM2 log: pid=18008 msg=failed to kill - retrying in 100ms
2023-07-02T10:26:39: PM2 log: pid=18008 msg=failed to kill - retrying in 100ms
2023-07-02T10:26:39: PM2 log: pid=18008 msg=failed to kill - retrying in 100ms
2023-07-02T10:26:40: PM2 log: App name:myNextApp id:9 disconnected
2023-07-02T10:26:40: PM2 log: App [myNextApp:9] exited with code [0] via signal [SIGINT]
2023-07-02T10:26:40: PM2 log: pid=18008 msg=process killed
2023-07-02T10:26:40: PM2 log: App [myNextApp:9] starting in -cluster mode-
2023-07-02T10:26:40: PM2 log: App [myNextApp:9] online
2023-07-02T10:42:27: PM2 log: Stopping app:myNextApp id:0
2023-07-02T10:42:27: PM2 log: Stopping app:myNextApp id:1
2023-07-02T10:42:27: PM2 log: App name:myNextApp id:0 disconnected
2023-07-02T10:42:27: PM2 log: App [myNextApp:0] exited with code [0] via signal [SIGINT]
2023-07-02T10:42:27: PM2 log: App name:myNextApp id:1 disconnected
2023-07-02T10:42:27: PM2 log: App [myNextApp:1] exited with code [0] via signal [SIGINT]
2023-07-02T10:42:27: PM2 log: pid=20412 msg=process killed
2023-07-02T10:42:27: PM2 log: App [myNextApp:0] starting in -cluster mode-
2023-07-02T10:42:27: PM2 log: pid=20413 msg=process killed
2023-07-02T10:42:27: PM2 log: App [myNextApp:1] starting in -cluster mode-
2023-07-02T10:42:28: PM2 log: App [myNextApp:0] online
2023-07-02T10:42:28: PM2 log: Stopping app:myNextApp id:2
2023-07-02T10:42:28: PM2 log: App [myNextApp:1] online
2023-07-02T10:42:28: PM2 log: Stopping app:myNextApp id:3
2023-07-02T10:42:28: PM2 log: App name:myNextApp id:2 disconnected
2023-07-02T10:42:28: PM2 log: App [myNextApp:2] exited with code [0] via signal [SIGINT]
2023-07-02T10:42:28: PM2 log: pid=20441 msg=process killed
2023-07-02T10:42:28: PM2 log: App [myNextApp:2] starting in -cluster mode-
2023-07-02T10:42:28: PM2 log: pid=20442 msg=failed to kill - retrying in 100ms
2023-07-02T10:42:28: PM2 log: App [myNextApp:2] online
2023-07-02T10:42:28: PM2 log: Stopping app:myNextApp id:4
2023-07-02T10:42:28: PM2 log: pid=20442 msg=failed to kill - retrying in 100ms
2023-07-02T10:42:28: PM2 log: pid=20442 msg=failed to kill - retrying in 100ms
2023-07-02T10:42:28: PM2 log: App name:myNextApp id:3 disconnected
2023-07-02T10:42:28: PM2 log: App [myNextApp:3] exited with code [0] via signal [SIGINT]
2023-07-02T10:42:28: PM2 log: pid=20442 msg=process killed
2023-07-02T10:42:28: PM2 log: App [myNextApp:3] starting in -cluster mode-
2023-07-02T10:42:28: PM2 log: App name:myNextApp id:4 disconnected
2023-07-02T10:42:28: PM2 log: App [myNextApp:4] exited with code [0] via signal [SIGINT]
2023-07-02T10:42:28: PM2 log: pid=20481 msg=process killed
2023-07-02T10:42:28: PM2 log: App [myNextApp:4] starting in -cluster mode-
2023-07-02T10:42:28: PM2 log: App [myNextApp:3] online
2023-07-02T10:42:28: PM2 log: Stopping app:myNextApp id:5
2023-07-02T10:42:28: PM2 log: App [myNextApp:4] online
2023-07-02T10:42:28: PM2 log: Stopping app:myNextApp id:6
2023-07-02T10:42:28: PM2 log: App name:myNextApp id:5 disconnected
2023-07-02T10:42:28: PM2 log: App [myNextApp:5] exited with code [0] via signal [SIGINT]
2023-07-02T10:42:28: PM2 log: pid=20500 msg=process killed
2023-07-02T10:42:28: PM2 log: App [myNextApp:5] starting in -cluster mode-
2023-07-02T10:42:28: PM2 log: App name:myNextApp id:6 disconnected
2023-07-02T10:42:28: PM2 log: App [myNextApp:6] exited with code [0] via signal [SIGINT]
2023-07-02T10:42:28: PM2 log: pid=20516 msg=process killed
2023-07-02T10:42:28: PM2 log: App [myNextApp:6] starting in -cluster mode-
2023-07-02T10:42:28: PM2 log: App [myNextApp:5] online
2023-07-02T10:42:28: PM2 log: Stopping app:myNextApp id:7
2023-07-02T10:42:29: PM2 log: App [myNextApp:6] online
2023-07-02T10:42:29: PM2 log: Stopping app:myNextApp id:8
2023-07-02T10:42:29: PM2 log: pid=20539 msg=failed to kill - retrying in 100ms
2023-07-02T10:42:29: PM2 log: pid=20539 msg=failed to kill - retrying in 100ms
2023-07-02T10:42:29: PM2 log: App name:myNextApp id:8 disconnected
2023-07-02T10:42:29: PM2 log: App [myNextApp:8] exited with code [0] via signal [SIGINT]
2023-07-02T10:42:29: PM2 log: pid=20533 msg=process killed
2023-07-02T10:42:29: PM2 log: App [myNextApp:8] starting in -cluster mode-
2023-07-02T10:42:29: PM2 log: pid=20539 msg=failed to kill - retrying in 100ms
2023-07-02T10:42:29: PM2 log: pid=20539 msg=failed to kill - retrying in 100ms
2023-07-02T10:42:29: PM2 log: App [myNextApp:8] online
2023-07-02T10:42:29: PM2 log: App name:myNextApp id:7 disconnected
2023-07-02T10:42:29: PM2 log: App [myNextApp:7] exited with code [0] via signal [SIGINT]
2023-07-02T10:42:29: PM2 log: Stopping app:myNextApp id:9
2023-07-02T10:42:29: PM2 log: pid=20539 msg=process killed
2023-07-02T10:42:29: PM2 log: App [myNextApp:7] starting in -cluster mode-
2023-07-02T10:42:29: PM2 log: App name:myNextApp id:9 disconnected
2023-07-02T10:42:29: PM2 log: App [myNextApp:9] exited with code [0] via signal [SIGINT]
2023-07-02T10:42:29: PM2 log: App [myNextApp:7] online
2023-07-02T10:42:29: PM2 log: pid=20565 msg=process killed
2023-07-02T10:42:29: PM2 log: App [myNextApp:9] starting in -cluster mode-
2023-07-02T10:42:29: PM2 log: App [myNextApp:9] online
2023-07-02T10:47:54: PM2 log: Stopping app:myNextApp id:0
2023-07-02T10:47:54: PM2 log: Stopping app:myNextApp id:1
2023-07-02T10:47:54: PM2 log: pid=24256 msg=failed to kill - retrying in 100ms
2023-07-02T10:47:54: PM2 log: pid=24257 msg=failed to kill - retrying in 100ms
2023-07-02T10:47:54: PM2 log: pid=24256 msg=failed to kill - retrying in 100ms
2023-07-02T10:47:54: PM2 log: pid=24257 msg=failed to kill - retrying in 100ms
2023-07-02T10:47:54: PM2 log: App name:myNextApp id:1 disconnected
2023-07-02T10:47:54: PM2 log: App [myNextApp:1] exited with code [0] via signal [SIGINT]
2023-07-02T10:47:54: PM2 log: pid=24256 msg=failed to kill - retrying in 100ms
2023-07-02T10:47:54: PM2 log: pid=24257 msg=process killed
2023-07-02T10:47:54: PM2 log: App [myNextApp:1] starting in -cluster mode-
2023-07-02T10:47:55: PM2 log: App name:myNextApp id:0 disconnected
2023-07-02T10:47:55: PM2 log: App [myNextApp:0] exited with code [0] via signal [SIGINT]
2023-07-02T10:47:55: PM2 log: App [myNextApp:1] online
2023-07-02T10:47:55: PM2 log: pid=24256 msg=process killed
2023-07-02T10:47:55: PM2 log: App [myNextApp:0] starting in -cluster mode-
2023-07-02T10:47:55: PM2 log: Stopping app:myNextApp id:2
2023-07-02T10:47:55: PM2 log: App [myNextApp:0] online
2023-07-02T10:47:55: PM2 log: Stopping app:myNextApp id:3
2023-07-02T10:47:55: PM2 log: pid=24281 msg=failed to kill - retrying in 100ms
2023-07-02T10:47:55: PM2 log: App name:myNextApp id:3 disconnected
2023-07-02T10:47:55: PM2 log: App [myNextApp:3] exited with code [0] via signal [SIGINT]
2023-07-02T10:47:55: PM2 log: pid=24281 msg=failed to kill - retrying in 100ms
2023-07-02T10:47:55: PM2 log: pid=24305 msg=process killed
2023-07-02T10:47:55: PM2 log: App [myNextApp:3] starting in -cluster mode-
2023-07-02T10:47:55: PM2 log: pid=24281 msg=failed to kill - retrying in 100ms
2023-07-02T10:47:55: PM2 log: App [myNextApp:3] online
2023-07-02T10:47:55: PM2 log: Stopping app:myNextApp id:4
2023-07-02T10:47:55: PM2 log: pid=24281 msg=failed to kill - retrying in 100ms
2023-07-02T10:47:55: PM2 log: App name:myNextApp id:2 disconnected
2023-07-02T10:47:55: PM2 log: App [myNextApp:2] exited with code [0] via signal [SIGINT]
2023-07-02T10:47:55: PM2 log: pid=24311 msg=failed to kill - retrying in 100ms
2023-07-02T10:47:55: PM2 log: pid=24281 msg=process killed
2023-07-02T10:47:55: PM2 log: App [myNextApp:2] starting in -cluster mode-
2023-07-02T10:47:55: PM2 log: pid=24311 msg=failed to kill - retrying in 100ms
2023-07-02T10:47:55: PM2 log: App [myNextApp:2] online
2023-07-02T10:47:55: PM2 log: Stopping app:myNextApp id:5
2023-07-02T10:47:55: PM2 log: pid=24311 msg=failed to kill - retrying in 100ms
2023-07-02T10:47:55: PM2 log: App name:myNextApp id:5 disconnected
2023-07-02T10:47:55: PM2 log: App [myNextApp:5] exited with code [0] via signal [SIGINT]
2023-07-02T10:47:56: PM2 log: pid=24330 msg=process killed
2023-07-02T10:47:56: PM2 log: App [myNextApp:5] starting in -cluster mode-
2023-07-02T10:47:56: PM2 log: pid=24311 msg=failed to kill - retrying in 100ms
2023-07-02T10:47:56: PM2 log: App [myNextApp:5] online
2023-07-02T10:47:56: PM2 log: Stopping app:myNextApp id:6
2023-07-02T10:47:56: PM2 log: pid=24311 msg=failed to kill - retrying in 100ms
2023-07-02T10:47:56: PM2 log: App name:myNextApp id:4 disconnected
2023-07-02T10:47:56: PM2 log: App [myNextApp:4] exited with code [0] via signal [SIGINT]
2023-07-02T10:47:56: PM2 log: App name:myNextApp id:6 disconnected
2023-07-02T10:47:56: PM2 log: App [myNextApp:6] exited with code [0] via signal [SIGINT]
2023-07-02T10:47:56: PM2 log: pid=24311 msg=process killed
2023-07-02T10:47:56: PM2 log: App [myNextApp:4] starting in -cluster mode-
2023-07-02T10:47:56: PM2 log: pid=24345 msg=process killed
2023-07-02T10:47:56: PM2 log: App [myNextApp:6] starting in -cluster mode-
2023-07-02T10:47:56: PM2 log: App [myNextApp:4] online
2023-07-02T10:47:56: PM2 log: App [myNextApp:6] online
2023-07-02T10:47:56: PM2 log: Stopping app:myNextApp id:7
2023-07-02T10:47:56: PM2 log: Stopping app:myNextApp id:8
2023-07-02T10:47:56: PM2 log: App name:myNextApp id:8 disconnected
2023-07-02T10:47:56: PM2 log: App [myNextApp:8] exited with code [0] via signal [SIGINT]
2023-07-02T10:47:56: PM2 log: pid=24375 msg=process killed
2023-07-02T10:47:56: PM2 log: App [myNextApp:8] starting in -cluster mode-
2023-07-02T10:47:56: PM2 log: App name:myNextApp id:7 disconnected
2023-07-02T10:47:56: PM2 log: App [myNextApp:7] exited with code [0] via signal [SIGINT]
2023-07-02T10:47:56: PM2 log: pid=24384 msg=process killed
2023-07-02T10:47:56: PM2 log: App [myNextApp:7] starting in -cluster mode-
2023-07-02T10:47:56: PM2 log: App [myNextApp:8] online
2023-07-02T10:47:56: PM2 log: Stopping app:myNextApp id:9
2023-07-02T10:47:56: PM2 log: App [myNextApp:7] online
2023-07-02T10:47:56: PM2 log: pid=24401 msg=failed to kill - retrying in 100ms
2023-07-02T10:47:56: PM2 log: App name:myNextApp id:9 disconnected
2023-07-02T10:47:56: PM2 log: App [myNextApp:9] exited with code [0] via signal [SIGINT]
2023-07-02T10:47:57: PM2 log: pid=24401 msg=process killed
2023-07-02T10:47:57: PM2 log: App [myNextApp:9] starting in -cluster mode-
2023-07-02T10:47:57: PM2 log: App [myNextApp:9] online
2023-07-02T11:05:39: PM2 log: ===============================================================================
2023-07-02T11:05:39: PM2 log: --- New PM2 Daemon started ----------------------------------------------------
2023-07-02T11:05:39: PM2 log: Time                 : Sun Jul 02 2023 11:05:39 GMT+0330 (Iran Standard Time)
2023-07-02T11:05:39: PM2 log: PM2 version          : 5.2.2
2023-07-02T11:05:39: PM2 log: Node.js version      : 16.19.1
2023-07-02T11:05:39: PM2 log: Current arch         : x64
2023-07-02T11:05:39: PM2 log: PM2 home             : /opt/lidoma/lidoma-trip/.pm2
2023-07-02T11:05:39: PM2 log: PM2 PID file         : /opt/lidoma/lidoma-trip/.pm2/pm2.pid
2023-07-02T11:05:39: PM2 log: RPC socket file      : /opt/lidoma/lidoma-trip/.pm2/rpc.sock
2023-07-02T11:05:39: PM2 log: BUS socket file      : /opt/lidoma/lidoma-trip/.pm2/pub.sock
2023-07-02T11:05:39: PM2 log: Application log path : /opt/lidoma/lidoma-trip/.pm2/logs
2023-07-02T11:05:39: PM2 log: Worker Interval      : 30000
2023-07-02T11:05:39: PM2 log: Process dump file    : /opt/lidoma/lidoma-trip/.pm2/dump.pm2
2023-07-02T11:05:39: PM2 log: Concurrent actions   : 2
2023-07-02T11:05:39: PM2 log: SIGTERM timeout      : 1600
2023-07-02T11:05:39: PM2 log: ===============================================================================
2023-07-02T11:05:49: PM2 log: [Watch] Start watching myNextApp
2023-07-02T11:05:49: PM2 log: App [myNextApp:0] starting in -cluster mode-
2023-07-02T11:05:49: PM2 log: App [myNextApp:0] online
2023-07-02T11:05:49: PM2 log: [Watch] Start watching myNextApp
2023-07-02T11:05:49: PM2 log: App [myNextApp:1] starting in -cluster mode-
2023-07-02T11:05:49: PM2 log: App [myNextApp:1] online
2023-07-02T11:05:49: PM2 log: [Watch] Start watching myNextApp
2023-07-02T11:05:49: PM2 log: App [myNextApp:2] starting in -cluster mode-
2023-07-02T11:05:49: PM2 log: App [myNextApp:2] online
2023-07-02T11:05:49: PM2 log: [Watch] Start watching myNextApp
2023-07-02T11:05:49: PM2 log: App [myNextApp:3] starting in -cluster mode-
2023-07-02T11:05:49: PM2 log: App [myNextApp:3] online
2023-07-02T11:05:49: PM2 log: [Watch] Start watching myNextApp
2023-07-02T11:05:49: PM2 log: App [myNextApp:4] starting in -cluster mode-
2023-07-02T11:05:49: PM2 log: App [myNextApp:4] online
2023-07-02T11:05:49: PM2 log: [Watch] Start watching myNextApp
2023-07-02T11:05:49: PM2 log: App [myNextApp:5] starting in -cluster mode-
2023-07-02T11:05:49: PM2 log: App [myNextApp:5] online
2023-07-02T11:05:49: PM2 log: [Watch] Start watching myNextApp
2023-07-02T11:05:49: PM2 log: App [myNextApp:6] starting in -cluster mode-
2023-07-02T11:05:50: PM2 log: App [myNextApp:6] online
2023-07-02T11:05:50: PM2 log: [Watch] Start watching myNextApp
2023-07-02T11:05:50: PM2 log: App [myNextApp:7] starting in -cluster mode-
2023-07-02T11:05:50: PM2 log: App [myNextApp:7] online
2023-07-02T11:05:50: PM2 log: [Watch] Start watching myNextApp
2023-07-02T11:05:50: PM2 log: App [myNextApp:8] starting in -cluster mode-
2023-07-02T11:05:50: PM2 log: App [myNextApp:8] online
2023-07-02T11:05:50: PM2 log: [Watch] Start watching myNextApp
2023-07-02T11:05:50: PM2 log: App [myNextApp:9] starting in -cluster mode-
2023-07-02T11:05:50: PM2 log: App [myNextApp:9] online
2023-07-02T16:10:46: PM2 log: Stopping app:myNextApp id:0
2023-07-02T16:10:46: PM2 log: Stopping app:myNextApp id:1
2023-07-02T16:10:46: PM2 log: pid=28065 msg=failed to kill - retrying in 100ms
2023-07-02T16:10:46: PM2 log: pid=28072 msg=failed to kill - retrying in 100ms
2023-07-02T16:10:47: PM2 log: pid=28065 msg=failed to kill - retrying in 100ms
2023-07-02T16:10:47: PM2 log: pid=28072 msg=failed to kill - retrying in 100ms
2023-07-02T16:10:47: PM2 log: pid=28065 msg=failed to kill - retrying in 100ms
2023-07-02T16:10:47: PM2 log: pid=28072 msg=failed to kill - retrying in 100ms
2023-07-02T16:10:47: PM2 log: pid=28065 msg=failed to kill - retrying in 100ms
2023-07-02T16:10:47: PM2 log: pid=28072 msg=failed to kill - retrying in 100ms
2023-07-02T16:10:47: PM2 log: pid=28065 msg=failed to kill - retrying in 100ms
2023-07-02T16:10:47: PM2 log: pid=28072 msg=failed to kill - retrying in 100ms
2023-07-02T16:10:47: PM2 log: pid=28065 msg=failed to kill - retrying in 100ms
2023-07-02T16:10:47: PM2 log: pid=28072 msg=failed to kill - retrying in 100ms
2023-07-02T16:10:47: PM2 log: App name:myNextApp id:1 disconnected
2023-07-02T16:10:47: PM2 log: App name:myNextApp id:0 disconnected
2023-07-02T16:10:47: PM2 log: App [myNextApp:1] exited with code [0] via signal [SIGINT]
2023-07-02T16:10:47: PM2 log: pid=28065 msg=failed to kill - retrying in 100ms
2023-07-02T16:10:47: PM2 log: pid=28072 msg=process killed
2023-07-02T16:10:47: PM2 log: App [myNextApp:1] starting in -cluster mode-
2023-07-02T16:10:47: PM2 log: App [myNextApp:0] exited with code [0] via signal [SIGINT]
2023-07-02T16:10:47: PM2 log: pid=28065 msg=process killed
2023-07-02T16:10:47: PM2 log: App [myNextApp:0] starting in -cluster mode-
2023-07-02T16:10:47: PM2 log: App [myNextApp:1] online
2023-07-02T16:10:47: PM2 log: Stopping app:myNextApp id:2
2023-07-02T16:10:47: PM2 log: App [myNextApp:0] online
2023-07-02T16:10:47: PM2 log: Stopping app:myNextApp id:3
2023-07-02T16:10:47: PM2 log: pid=28087 msg=failed to kill - retrying in 100ms
2023-07-02T16:10:47: PM2 log: pid=28102 msg=failed to kill - retrying in 100ms
2023-07-02T16:10:48: PM2 log: pid=28087 msg=failed to kill - retrying in 100ms
2023-07-02T16:10:48: PM2 log: pid=28102 msg=failed to kill - retrying in 100ms
2023-07-02T16:10:48: PM2 log: pid=28087 msg=failed to kill - retrying in 100ms
2023-07-02T16:10:48: PM2 log: pid=28102 msg=failed to kill - retrying in 100ms
2023-07-02T16:10:48: PM2 log: App name:myNextApp id:2 disconnected
2023-07-02T16:10:48: PM2 log: App [myNextApp:2] exited with code [0] via signal [SIGINT]
2023-07-02T16:10:48: PM2 log: pid=28087 msg=process killed
2023-07-02T16:10:48: PM2 log: App [myNextApp:2] starting in -cluster mode-
2023-07-02T16:10:48: PM2 log: pid=28102 msg=failed to kill - retrying in 100ms
2023-07-02T16:10:48: PM2 log: App [myNextApp:2] online
2023-07-02T16:10:48: PM2 log: Stopping app:myNextApp id:4
2023-07-02T16:10:48: PM2 log: pid=28102 msg=failed to kill - retrying in 100ms
2023-07-02T16:10:49: PM2 log: pid=28102 msg=failed to kill - retrying in 100ms
2023-07-02T16:10:49: PM2 log: App [myNextApp:3] exited with code [0] via signal [SIGINT]
2023-07-02T16:10:49: PM2 log: pid=28102 msg=process killed
2023-07-02T16:10:49: PM2 log: App [myNextApp:3] starting in -cluster mode-
2023-07-02T16:10:49: PM2 log: pid=28113 msg=failed to kill - retrying in 100ms
2023-07-02T16:10:49: PM2 log: App [myNextApp:3] online
2023-07-02T16:10:49: PM2 log: pid=28113 msg=failed to kill - retrying in 100ms
2023-07-02T16:10:49: PM2 log: Stopping app:myNextApp id:5
2023-07-02T16:10:49: PM2 log: pid=28113 msg=failed to kill - retrying in 100ms
2023-07-02T16:10:49: PM2 log: pid=28128 msg=failed to kill - retrying in 100ms
2023-07-02T16:10:49: PM2 log: pid=28113 msg=failed to kill - retrying in 100ms
2023-07-02T16:10:49: PM2 log: pid=28128 msg=failed to kill - retrying in 100ms
2023-07-02T16:10:49: PM2 log: pid=28113 msg=failed to kill - retrying in 100ms
2023-07-02T16:10:49: PM2 log: pid=28128 msg=failed to kill - retrying in 100ms
2023-07-02T16:10:49: PM2 log: pid=28113 msg=failed to kill - retrying in 100ms
2023-07-02T16:10:49: PM2 log: pid=28128 msg=failed to kill - retrying in 100ms
2023-07-02T16:10:49: PM2 log: pid=28113 msg=failed to kill - retrying in 100ms
2023-07-02T16:10:49: PM2 log: pid=28128 msg=failed to kill - retrying in 100ms
2023-07-02T16:10:49: PM2 log: App [myNextApp:4] exited with code [0] via signal [SIGINT]
2023-07-02T16:10:49: PM2 log: pid=28113 msg=process killed
2023-07-02T16:10:49: PM2 log: App [myNextApp:4] starting in -cluster mode-
2023-07-02T16:10:49: PM2 log: App name:myNextApp id:5 disconnected
2023-07-02T16:10:49: PM2 log: App [myNextApp:5] exited with code [0] via signal [SIGINT]
2023-07-02T16:10:49: PM2 log: pid=28128 msg=process killed
2023-07-02T16:10:49: PM2 log: App [myNextApp:5] starting in -cluster mode-
2023-07-02T16:10:50: PM2 log: App [myNextApp:4] online
2023-07-02T16:10:50: PM2 log: Stopping app:myNextApp id:6
2023-07-02T16:10:50: PM2 log: App [myNextApp:5] online
2023-07-02T16:10:50: PM2 log: Stopping app:myNextApp id:7
2023-07-02T16:10:50: PM2 log: pid=28139 msg=failed to kill - retrying in 100ms
2023-07-02T16:10:50: PM2 log: pid=28158 msg=failed to kill - retrying in 100ms
2023-07-02T16:10:50: PM2 log: pid=28139 msg=failed to kill - retrying in 100ms
2023-07-02T16:10:50: PM2 log: pid=28158 msg=failed to kill - retrying in 100ms
2023-07-02T16:10:50: PM2 log: pid=28139 msg=failed to kill - retrying in 100ms
2023-07-02T16:10:50: PM2 log: pid=28158 msg=failed to kill - retrying in 100ms
2023-07-02T16:10:50: PM2 log: App name:myNextApp id:6 disconnected
2023-07-02T16:10:50: PM2 log: App [myNextApp:6] exited with code [0] via signal [SIGINT]
2023-07-02T16:10:50: PM2 log: pid=28139 msg=process killed
2023-07-02T16:10:50: PM2 log: App [myNextApp:6] starting in -cluster mode-
2023-07-02T16:10:50: PM2 log: pid=28158 msg=failed to kill - retrying in 100ms
2023-07-02T16:10:50: PM2 log: pid=28158 msg=failed to kill - retrying in 100ms
2023-07-02T16:10:50: PM2 log: App [myNextApp:6] online
2023-07-02T16:10:51: PM2 log: pid=28158 msg=failed to kill - retrying in 100ms
2023-07-02T16:10:51: PM2 log: Stopping app:myNextApp id:8
2023-07-02T16:10:51: PM2 log: App name:myNextApp id:7 disconnected
2023-07-02T16:10:51: PM2 log: App [myNextApp:7] exited with code [0] via signal [SIGINT]
2023-07-02T16:10:51: PM2 log: pid=28158 msg=process killed
2023-07-02T16:10:51: PM2 log: App [myNextApp:7] starting in -cluster mode-
2023-07-02T16:10:51: PM2 log: App [myNextApp:7] online
2023-07-02T16:10:51: PM2 log: Stopping app:myNextApp id:9
2023-07-02T16:10:51: PM2 log: pid=28173 msg=failed to kill - retrying in 100ms
2023-07-02T16:10:51: PM2 log: pid=28173 msg=failed to kill - retrying in 100ms
2023-07-02T16:10:51: PM2 log: pid=28192 msg=failed to kill - retrying in 100ms
2023-07-02T16:10:51: PM2 log: pid=28173 msg=failed to kill - retrying in 100ms
2023-07-02T16:10:51: PM2 log: pid=28192 msg=failed to kill - retrying in 100ms
2023-07-02T16:10:51: PM2 log: pid=28173 msg=failed to kill - retrying in 100ms
2023-07-02T16:10:51: PM2 log: pid=28192 msg=failed to kill - retrying in 100ms
2023-07-02T16:10:51: PM2 log: pid=28173 msg=failed to kill - retrying in 100ms
2023-07-02T16:10:52: PM2 log: pid=28192 msg=failed to kill - retrying in 100ms
2023-07-02T16:10:52: PM2 log: pid=28173 msg=failed to kill - retrying in 100ms
2023-07-02T16:10:52: PM2 log: pid=28192 msg=failed to kill - retrying in 100ms
2023-07-02T16:10:52: PM2 log: pid=28173 msg=failed to kill - retrying in 100ms
2023-07-02T16:10:52: PM2 log: pid=28192 msg=failed to kill - retrying in 100ms
2023-07-02T16:10:52: PM2 log: pid=28173 msg=failed to kill - retrying in 100ms
2023-07-02T16:10:52: PM2 log: pid=28192 msg=failed to kill - retrying in 100ms
2023-07-02T16:10:52: PM2 log: pid=28173 msg=failed to kill - retrying in 100ms
2023-07-02T16:10:52: PM2 log: pid=28192 msg=failed to kill - retrying in 100ms
2023-07-02T16:10:52: PM2 log: pid=28173 msg=failed to kill - retrying in 100ms
2023-07-02T16:10:52: PM2 log: App [myNextApp:8] exited with code [0] via signal [SIGINT]
2023-07-02T16:10:52: PM2 log: pid=28192 msg=failed to kill - retrying in 100ms
2023-07-02T16:10:52: PM2 log: pid=28173 msg=process killed
2023-07-02T16:10:52: PM2 log: App [myNextApp:8] starting in -cluster mode-
2023-07-02T16:10:52: PM2 log: pid=28192 msg=failed to kill - retrying in 100ms
2023-07-02T16:10:52: PM2 log: App [myNextApp:9] exited with code [0] via signal [SIGINT]
2023-07-02T16:10:52: PM2 log: App [myNextApp:8] online
2023-07-02T16:10:52: PM2 log: pid=28192 msg=process killed
2023-07-02T16:10:52: PM2 log: App [myNextApp:9] starting in -cluster mode-
2023-07-02T16:10:52: PM2 log: App [myNextApp:9] online
2023-07-02T16:38:09: PM2 log: Stopping app:myNextApp id:0
2023-07-02T16:38:09: PM2 log: Stopping app:myNextApp id:1
2023-07-02T16:38:09: PM2 log: pid=10181 msg=failed to kill - retrying in 100ms
2023-07-02T16:38:09: PM2 log: pid=10174 msg=failed to kill - retrying in 100ms
2023-07-02T16:38:09: PM2 log: pid=10181 msg=failed to kill - retrying in 100ms
2023-07-02T16:38:09: PM2 log: pid=10174 msg=failed to kill - retrying in 100ms
2023-07-02T16:38:09: PM2 log: App name:myNextApp id:1 disconnected
2023-07-02T16:38:09: PM2 log: App [myNextApp:1] exited with code [0] via signal [SIGINT]
2023-07-02T16:38:09: PM2 log: pid=10181 msg=failed to kill - retrying in 100ms
2023-07-02T16:38:09: PM2 log: pid=10174 msg=process killed
2023-07-02T16:38:09: PM2 log: App [myNextApp:1] starting in -cluster mode-
2023-07-02T16:38:10: PM2 log: App name:myNextApp id:0 disconnected
2023-07-02T16:38:10: PM2 log: App [myNextApp:0] exited with code [0] via signal [SIGINT]
2023-07-02T16:38:10: PM2 log: pid=10181 msg=process killed
2023-07-02T16:38:10: PM2 log: App [myNextApp:0] starting in -cluster mode-
2023-07-02T16:38:10: PM2 log: App [myNextApp:1] online
2023-07-02T16:38:10: PM2 log: Stopping app:myNextApp id:2
2023-07-02T16:38:10: PM2 log: App [myNextApp:0] online
2023-07-02T16:38:10: PM2 log: Stopping app:myNextApp id:3
2023-07-02T16:38:10: PM2 log: pid=10198 msg=failed to kill - retrying in 100ms
2023-07-02T16:38:10: PM2 log: pid=10210 msg=failed to kill - retrying in 100ms
2023-07-02T16:38:10: PM2 log: App name:myNextApp id:3 disconnected
2023-07-02T16:38:10: PM2 log: App [myNextApp:3] exited with code [0] via signal [SIGINT]
2023-07-02T16:38:10: PM2 log: pid=10198 msg=failed to kill - retrying in 100ms
2023-07-02T16:38:10: PM2 log: pid=10210 msg=process killed
2023-07-02T16:38:10: PM2 log: App [myNextApp:3] starting in -cluster mode-
2023-07-02T16:38:10: PM2 log: pid=10198 msg=failed to kill - retrying in 100ms
2023-07-02T16:38:10: PM2 log: App name:myNextApp id:2 disconnected
2023-07-02T16:38:10: PM2 log: App [myNextApp:2] exited with code [0] via signal [SIGINT]
2023-07-02T16:38:10: PM2 log: App [myNextApp:3] online
2023-07-02T16:38:10: PM2 log: pid=10198 msg=process killed
2023-07-02T16:38:10: PM2 log: App [myNextApp:2] starting in -cluster mode-
2023-07-02T16:38:10: PM2 log: Stopping app:myNextApp id:4
2023-07-02T16:38:10: PM2 log: App [myNextApp:2] online
2023-07-02T16:38:10: PM2 log: Stopping app:myNextApp id:5
2023-07-02T16:38:10: PM2 log: pid=10222 msg=failed to kill - retrying in 100ms
2023-07-02T16:38:10: PM2 log: pid=10228 msg=failed to kill - retrying in 100ms
2023-07-02T16:38:10: PM2 log: pid=10222 msg=failed to kill - retrying in 100ms
2023-07-02T16:38:11: PM2 log: pid=10228 msg=failed to kill - retrying in 100ms
2023-07-02T16:38:11: PM2 log: pid=10222 msg=failed to kill - retrying in 100ms
2023-07-02T16:38:11: PM2 log: pid=10228 msg=failed to kill - retrying in 100ms
2023-07-02T16:38:11: PM2 log: pid=10222 msg=failed to kill - retrying in 100ms
2023-07-02T16:38:11: PM2 log: pid=10228 msg=failed to kill - retrying in 100ms
2023-07-02T16:38:11: PM2 log: pid=10222 msg=failed to kill - retrying in 100ms
2023-07-02T16:38:11: PM2 log: pid=10228 msg=failed to kill - retrying in 100ms
2023-07-02T16:38:11: PM2 log: pid=10222 msg=failed to kill - retrying in 100ms
2023-07-02T16:38:11: PM2 log: App name:myNextApp id:4 disconnected
2023-07-02T16:38:11: PM2 log: App [myNextApp:4] exited with code [0] via signal [SIGINT]
2023-07-02T16:38:11: PM2 log: pid=10228 msg=failed to kill - retrying in 100ms
2023-07-02T16:38:11: PM2 log: pid=10222 msg=process killed
2023-07-02T16:38:11: PM2 log: App [myNextApp:4] starting in -cluster mode-
2023-07-02T16:38:11: PM2 log: App [myNextApp:4] online
2023-07-02T16:38:11: PM2 log: Stopping app:myNextApp id:6
2023-07-02T16:38:11: PM2 log: pid=10228 msg=failed to kill - retrying in 100ms
2023-07-02T16:38:11: PM2 log: pid=10228 msg=failed to kill - retrying in 100ms
2023-07-02T16:38:11: PM2 log: App [myNextApp:5] exited with code [0] via signal [SIGINT]
2023-07-02T16:38:11: PM2 log: pid=10270 msg=failed to kill - retrying in 100ms
2023-07-02T16:38:11: PM2 log: pid=10228 msg=process killed
2023-07-02T16:38:11: PM2 log: App [myNextApp:5] starting in -cluster mode-
2023-07-02T16:38:11: PM2 log: pid=10270 msg=failed to kill - retrying in 100ms
2023-07-02T16:38:11: PM2 log: App [myNextApp:5] online
2023-07-02T16:38:11: PM2 log: Stopping app:myNextApp id:7
2023-07-02T16:38:12: PM2 log: pid=10270 msg=failed to kill - retrying in 100ms
2023-07-02T16:38:12: PM2 log: pid=10282 msg=failed to kill - retrying in 100ms
2023-07-02T16:38:12: PM2 log: pid=10270 msg=failed to kill - retrying in 100ms
2023-07-02T16:38:12: PM2 log: App name:myNextApp id:7 disconnected
2023-07-02T16:38:12: PM2 log: App [myNextApp:7] exited with code [0] via signal [SIGINT]
2023-07-02T16:38:12: PM2 log: pid=10282 msg=process killed
2023-07-02T16:38:12: PM2 log: App [myNextApp:7] starting in -cluster mode-
2023-07-02T16:38:12: PM2 log: pid=10270 msg=failed to kill - retrying in 100ms
2023-07-02T16:38:12: PM2 log: App name:myNextApp id:6 disconnected
2023-07-02T16:38:12: PM2 log: App [myNextApp:6] exited with code [0] via signal [SIGINT]
2023-07-02T16:38:12: PM2 log: App [myNextApp:7] online
2023-07-02T16:38:12: PM2 log: Stopping app:myNextApp id:8
2023-07-02T16:38:12: PM2 log: pid=10270 msg=process killed
2023-07-02T16:38:12: PM2 log: App [myNextApp:6] starting in -cluster mode-
2023-07-02T16:38:12: PM2 log: App [myNextApp:6] online
2023-07-02T16:38:12: PM2 log: Stopping app:myNextApp id:9
2023-07-02T16:38:12: PM2 log: App name:myNextApp id:8 disconnected
2023-07-02T16:38:12: PM2 log: App [myNextApp:8] exited with code [0] via signal [SIGINT]
2023-07-02T16:38:12: PM2 log: pid=10302 msg=process killed
2023-07-02T16:38:12: PM2 log: App [myNextApp:8] starting in -cluster mode-
2023-07-02T16:38:12: PM2 log: App [myNextApp:8] online
2023-07-02T16:38:12: PM2 log: pid=10309 msg=failed to kill - retrying in 100ms
2023-07-02T16:38:12: PM2 log: pid=10309 msg=failed to kill - retrying in 100ms
2023-07-02T16:38:12: PM2 log: App name:myNextApp id:9 disconnected
2023-07-02T16:38:13: PM2 log: App [myNextApp:9] exited with code [0] via signal [SIGINT]
2023-07-02T16:38:13: PM2 log: pid=10309 msg=process killed
2023-07-02T16:38:13: PM2 log: App [myNextApp:9] starting in -cluster mode-
2023-07-02T16:38:13: PM2 log: App [myNextApp:9] online
2023-07-02T18:18:13: PM2 log: Stopping app:myNextApp id:0
2023-07-02T18:18:13: PM2 log: Stopping app:myNextApp id:1
2023-07-02T18:18:13: PM2 log: pid=14263 msg=failed to kill - retrying in 100ms
2023-07-02T18:18:13: PM2 log: pid=14256 msg=failed to kill - retrying in 100ms
2023-07-02T18:18:14: PM2 log: pid=14263 msg=failed to kill - retrying in 100ms
2023-07-02T18:18:14: PM2 log: pid=14256 msg=failed to kill - retrying in 100ms
2023-07-02T18:18:14: PM2 log: pid=14263 msg=failed to kill - retrying in 100ms
2023-07-02T18:18:14: PM2 log: pid=14256 msg=failed to kill - retrying in 100ms
2023-07-02T18:18:14: PM2 log: pid=14263 msg=failed to kill - retrying in 100ms
2023-07-02T18:18:14: PM2 log: pid=14256 msg=failed to kill - retrying in 100ms
2023-07-02T18:18:14: PM2 log: pid=14263 msg=failed to kill - retrying in 100ms
2023-07-02T18:18:14: PM2 log: pid=14256 msg=failed to kill - retrying in 100ms
2023-07-02T18:18:14: PM2 log: pid=14263 msg=failed to kill - retrying in 100ms
2023-07-02T18:18:14: PM2 log: pid=14256 msg=failed to kill - retrying in 100ms
2023-07-02T18:18:14: PM2 log: pid=14263 msg=failed to kill - retrying in 100ms
2023-07-02T18:18:14: PM2 log: pid=14256 msg=failed to kill - retrying in 100ms
2023-07-02T18:18:14: PM2 log: pid=14263 msg=failed to kill - retrying in 100ms
2023-07-02T18:18:14: PM2 log: pid=14256 msg=failed to kill - retrying in 100ms
2023-07-02T18:18:14: PM2 log: pid=14263 msg=failed to kill - retrying in 100ms
2023-07-02T18:18:14: PM2 log: pid=14256 msg=failed to kill - retrying in 100ms
2023-07-02T18:18:14: PM2 log: pid=14263 msg=failed to kill - retrying in 100ms
2023-07-02T18:18:14: PM2 log: pid=14256 msg=failed to kill - retrying in 100ms
2023-07-02T18:18:14: PM2 log: pid=14263 msg=failed to kill - retrying in 100ms
2023-07-02T18:18:15: PM2 log: pid=14256 msg=failed to kill - retrying in 100ms
2023-07-02T18:18:15: PM2 log: pid=14263 msg=failed to kill - retrying in 100ms
2023-07-02T18:18:15: PM2 log: pid=14256 msg=failed to kill - retrying in 100ms
2023-07-02T18:18:15: PM2 log: pid=14263 msg=failed to kill - retrying in 100ms
2023-07-02T18:18:15: PM2 log: pid=14256 msg=failed to kill - retrying in 100ms
2023-07-02T18:18:15: PM2 log: pid=14263 msg=failed to kill - retrying in 100ms
2023-07-02T18:18:15: PM2 log: pid=14256 msg=failed to kill - retrying in 100ms
2023-07-02T18:18:15: PM2 log: pid=14263 msg=failed to kill - retrying in 100ms
2023-07-02T18:18:15: PM2 log: pid=14256 msg=failed to kill - retrying in 100ms
2023-07-02T18:18:15: PM2 log: Process with pid 14263 still alive after 1600ms, sending it SIGKILL now...
2023-07-02T18:18:15: PM2 log: Process with pid 14256 still alive after 1600ms, sending it SIGKILL now...
2023-07-02T18:18:15: PM2 log: App [myNextApp:0] exited with code [0] via signal [SIGKILL]
2023-07-02T18:18:15: PM2 log: pid=14263 msg=process killed
2023-07-02T18:18:15: PM2 log: App [myNextApp:0] starting in -cluster mode-
2023-07-02T18:18:15: PM2 log: pid=14256 msg=failed to kill - retrying in 100ms
2023-07-02T18:18:15: PM2 log: App [myNextApp:1] exited with code [0] via signal [SIGKILL]
2023-07-02T18:18:15: PM2 log: App [myNextApp:0] online
2023-07-02T18:18:15: PM2 log: pid=14256 msg=process killed
2023-07-02T18:18:15: PM2 log: App [myNextApp:1] starting in -cluster mode-
2023-07-02T18:18:15: PM2 log: Stopping app:myNextApp id:2
2023-07-02T18:18:16: PM2 log: App [myNextApp:1] online
2023-07-02T18:18:16: PM2 log: Stopping app:myNextApp id:3
2023-07-02T18:18:16: PM2 log: pid=14283 msg=failed to kill - retrying in 100ms
2023-07-02T18:18:16: PM2 log: pid=14283 msg=failed to kill - retrying in 100ms
2023-07-02T18:18:16: PM2 log: pid=14276 msg=failed to kill - retrying in 100ms
2023-07-02T18:18:16: PM2 log: pid=14283 msg=failed to kill - retrying in 100ms
2023-07-02T18:18:16: PM2 log: pid=14276 msg=failed to kill - retrying in 100ms
2023-07-02T18:18:16: PM2 log: pid=14283 msg=failed to kill - retrying in 100ms
2023-07-02T18:18:16: PM2 log: pid=14276 msg=failed to kill - retrying in 100ms
2023-07-02T18:18:16: PM2 log: pid=14283 msg=failed to kill - retrying in 100ms
2023-07-02T18:18:16: PM2 log: pid=14276 msg=failed to kill - retrying in 100ms
2023-07-02T18:18:16: PM2 log: pid=14283 msg=failed to kill - retrying in 100ms
2023-07-02T18:18:16: PM2 log: pid=14276 msg=failed to kill - retrying in 100ms
2023-07-02T18:18:16: PM2 log: pid=14283 msg=failed to kill - retrying in 100ms
2023-07-02T18:18:16: PM2 log: pid=14276 msg=failed to kill - retrying in 100ms
2023-07-02T18:18:16: PM2 log: pid=14283 msg=failed to kill - retrying in 100ms
2023-07-02T18:18:16: PM2 log: pid=14276 msg=failed to kill - retrying in 100ms
2023-07-02T18:18:16: PM2 log: pid=14283 msg=failed to kill - retrying in 100ms
2023-07-02T18:18:16: PM2 log: pid=14276 msg=failed to kill - retrying in 100ms
2023-07-02T18:18:17: PM2 log: pid=14283 msg=failed to kill - retrying in 100ms
2023-07-02T18:18:17: PM2 log: pid=14276 msg=failed to kill - retrying in 100ms
2023-07-02T18:18:17: PM2 log: pid=14283 msg=failed to kill - retrying in 100ms
2023-07-02T18:18:17: PM2 log: pid=14276 msg=failed to kill - retrying in 100ms
2023-07-02T18:18:17: PM2 log: pid=14283 msg=failed to kill - retrying in 100ms
2023-07-02T18:18:17: PM2 log: pid=14276 msg=failed to kill - retrying in 100ms
2023-07-02T18:18:17: PM2 log: pid=14283 msg=failed to kill - retrying in 100ms
2023-07-02T18:18:17: PM2 log: pid=14276 msg=failed to kill - retrying in 100ms
2023-07-02T18:18:17: PM2 log: pid=14283 msg=failed to kill - retrying in 100ms
2023-07-02T18:18:17: PM2 log: pid=14276 msg=failed to kill - retrying in 100ms
2023-07-02T18:18:17: PM2 log: pid=14283 msg=failed to kill - retrying in 100ms
2023-07-02T18:18:17: PM2 log: pid=14276 msg=failed to kill - retrying in 100ms
2023-07-02T18:18:17: PM2 log: Process with pid 14283 still alive after 1600ms, sending it SIGKILL now...
2023-07-02T18:18:17: PM2 log: pid=14276 msg=failed to kill - retrying in 100ms
2023-07-02T18:18:17: PM2 log: Process with pid 14276 still alive after 1600ms, sending it SIGKILL now...
2023-07-02T18:18:17: PM2 log: App name:myNextApp id:2 disconnected
2023-07-02T18:18:17: PM2 log: App [myNextApp:2] exited with code [0] via signal [SIGKILL]
2023-07-02T18:18:17: PM2 log: pid=14283 msg=process killed
2023-07-02T18:18:17: PM2 log: App [myNextApp:2] starting in -cluster mode-
2023-07-02T18:18:17: PM2 log: App name:myNextApp id:3 disconnected
2023-07-02T18:18:17: PM2 log: App [myNextApp:3] exited with code [0] via signal [SIGKILL]
2023-07-02T18:18:17: PM2 log: App [myNextApp:2] online
2023-07-02T18:18:17: PM2 log: pid=14276 msg=process killed
2023-07-02T18:18:17: PM2 log: App [myNextApp:3] starting in -cluster mode-
2023-07-02T18:18:17: PM2 log: Stopping app:myNextApp id:4
2023-07-02T18:18:18: PM2 log: App [myNextApp:3] online
2023-07-02T18:18:18: PM2 log: Stopping app:myNextApp id:5
2023-07-02T18:18:18: PM2 log: pid=14304 msg=failed to kill - retrying in 100ms
2023-07-02T18:18:18: PM2 log: pid=14316 msg=failed to kill - retrying in 100ms
2023-07-02T18:18:18: PM2 log: pid=14304 msg=failed to kill - retrying in 100ms
2023-07-02T18:18:18: PM2 log: pid=14316 msg=failed to kill - retrying in 100ms
2023-07-02T18:18:18: PM2 log: pid=14304 msg=failed to kill - retrying in 100ms
2023-07-02T18:18:18: PM2 log: pid=14316 msg=failed to kill - retrying in 100ms
2023-07-02T18:18:18: PM2 log: pid=14304 msg=failed to kill - retrying in 100ms
2023-07-02T18:18:18: PM2 log: pid=14316 msg=failed to kill - retrying in 100ms
2023-07-02T18:18:19: PM2 log: pid=14304 msg=failed to kill - retrying in 100ms
2023-07-02T18:18:19: PM2 log: pid=14316 msg=failed to kill - retrying in 100ms
2023-07-02T18:18:19: PM2 log: pid=14304 msg=failed to kill - retrying in 100ms
2023-07-02T18:18:19: PM2 log: pid=14316 msg=failed to kill - retrying in 100ms
2023-07-02T18:18:19: PM2 log: pid=14304 msg=failed to kill - retrying in 100ms
2023-07-02T18:18:19: PM2 log: pid=14316 msg=failed to kill - retrying in 100ms
2023-07-02T18:18:19: PM2 log: pid=14304 msg=failed to kill - retrying in 100ms
2023-07-02T18:18:19: PM2 log: pid=14316 msg=failed to kill - retrying in 100ms
2023-07-02T18:18:19: PM2 log: pid=14304 msg=failed to kill - retrying in 100ms
2023-07-02T18:18:19: PM2 log: pid=14316 msg=failed to kill - retrying in 100ms
2023-07-02T18:18:19: PM2 log: pid=14304 msg=failed to kill - retrying in 100ms
2023-07-02T18:18:19: PM2 log: pid=14316 msg=failed to kill - retrying in 100ms
2023-07-02T18:18:19: PM2 log: pid=14304 msg=failed to kill - retrying in 100ms
2023-07-02T18:18:19: PM2 log: pid=14316 msg=failed to kill - retrying in 100ms
2023-07-02T18:18:19: PM2 log: pid=14304 msg=failed to kill - retrying in 100ms
2023-07-02T18:18:19: PM2 log: pid=14316 msg=failed to kill - retrying in 100ms
2023-07-02T18:18:19: PM2 log: pid=14304 msg=failed to kill - retrying in 100ms
2023-07-02T18:18:19: PM2 log: pid=14316 msg=failed to kill - retrying in 100ms
2023-07-02T18:18:20: PM2 log: pid=14304 msg=failed to kill - retrying in 100ms
2023-07-02T18:18:20: PM2 log: pid=14316 msg=failed to kill - retrying in 100ms
2023-07-02T18:18:20: PM2 log: Process with pid 14304 still alive after 1600ms, sending it SIGKILL now...
2023-07-02T18:18:20: PM2 log: Process with pid 14316 still alive after 1600ms, sending it SIGKILL now...
2023-07-02T18:18:20: PM2 log: App name:myNextApp id:4 disconnected
2023-07-02T18:18:20: PM2 log: App name:myNextApp id:5 disconnected
2023-07-02T18:18:20: PM2 log: App [myNextApp:4] exited with code [0] via signal [SIGINT]
2023-07-02T18:18:20: PM2 log: App [myNextApp:5] exited with code [0] via signal [SIGINT]
2023-07-02T18:18:21: PM2 log: pid=14316 msg=process killed
2023-07-02T18:18:21: PM2 log: App [myNextApp:5] starting in -cluster mode-
2023-07-02T18:18:21: PM2 log: pid=14304 msg=process killed
2023-07-02T18:18:21: PM2 log: App [myNextApp:4] starting in -cluster mode-
2023-07-02T18:18:21: PM2 log: App [myNextApp:5] online
2023-07-02T18:18:21: PM2 log: Stopping app:myNextApp id:6
2023-07-02T18:18:21: PM2 log: App [myNextApp:4] online
2023-07-02T18:18:21: PM2 log: Stopping app:myNextApp id:7
2023-07-02T18:18:21: PM2 log: pid=14336 msg=failed to kill - retrying in 100ms
2023-07-02T18:18:21: PM2 log: pid=14328 msg=failed to kill - retrying in 100ms
2023-07-02T18:18:21: PM2 log: pid=14336 msg=failed to kill - retrying in 100ms
2023-07-02T18:18:21: PM2 log: pid=14328 msg=failed to kill - retrying in 100ms
2023-07-02T18:18:21: PM2 log: pid=14336 msg=failed to kill - retrying in 100ms
2023-07-02T18:18:21: PM2 log: pid=14328 msg=failed to kill - retrying in 100ms
2023-07-02T18:18:21: PM2 log: pid=14336 msg=failed to kill - retrying in 100ms
2023-07-02T18:18:21: PM2 log: pid=14328 msg=failed to kill - retrying in 100ms
2023-07-02T18:18:21: PM2 log: pid=14336 msg=failed to kill - retrying in 100ms
2023-07-02T18:18:21: PM2 log: pid=14328 msg=failed to kill - retrying in 100ms
2023-07-02T18:18:21: PM2 log: pid=14336 msg=failed to kill - retrying in 100ms
2023-07-02T18:18:21: PM2 log: pid=14328 msg=failed to kill - retrying in 100ms
2023-07-02T18:18:21: PM2 log: pid=14336 msg=failed to kill - retrying in 100ms
2023-07-02T18:18:22: PM2 log: pid=14328 msg=failed to kill - retrying in 100ms
2023-07-02T18:18:22: PM2 log: pid=14336 msg=failed to kill - retrying in 100ms
2023-07-02T18:18:22: PM2 log: pid=14328 msg=failed to kill - retrying in 100ms
2023-07-02T18:18:22: PM2 log: pid=14336 msg=failed to kill - retrying in 100ms
2023-07-02T18:18:22: PM2 log: pid=14328 msg=failed to kill - retrying in 100ms
2023-07-02T18:18:22: PM2 log: pid=14336 msg=failed to kill - retrying in 100ms
2023-07-02T18:18:22: PM2 log: pid=14328 msg=failed to kill - retrying in 100ms
2023-07-02T18:18:22: PM2 log: pid=14336 msg=failed to kill - retrying in 100ms
2023-07-02T18:18:22: PM2 log: pid=14328 msg=failed to kill - retrying in 100ms
2023-07-02T18:18:22: PM2 log: pid=14336 msg=failed to kill - retrying in 100ms
2023-07-02T18:18:22: PM2 log: pid=14328 msg=failed to kill - retrying in 100ms
2023-07-02T18:18:22: PM2 log: pid=14336 msg=failed to kill - retrying in 100ms
2023-07-02T18:18:22: PM2 log: Process with pid 14336 still alive after 1600ms, sending it SIGKILL now...
2023-07-02T18:18:23: PM2 log: Process with pid 14328 still alive after 1600ms, sending it SIGKILL now...
2023-07-02T18:18:23: PM2 log: App name:myNextApp id:6 disconnected
2023-07-02T18:18:23: PM2 log: App [myNextApp:7] exited with code [0] via signal [SIGINT]
2023-07-02T18:18:23: PM2 log: App [myNextApp:6] exited with code [0] via signal [SIGINT]
2023-07-02T18:18:23: PM2 log: pid=14336 msg=process killed
2023-07-02T18:18:23: PM2 log: App [myNextApp:6] starting in -cluster mode-
2023-07-02T18:18:23: PM2 log: pid=14328 msg=process killed
2023-07-02T18:18:23: PM2 log: App [myNextApp:7] starting in -cluster mode-
2023-07-02T18:18:24: PM2 log: App [myNextApp:6] online
2023-07-02T18:18:24: PM2 log: Stopping app:myNextApp id:8
2023-07-02T18:18:24: PM2 log: App [myNextApp:7] online
2023-07-02T18:18:24: PM2 log: Stopping app:myNextApp id:9
2023-07-02T18:18:24: PM2 log: pid=14356 msg=failed to kill - retrying in 100ms
2023-07-02T18:18:24: PM2 log: pid=14399 msg=failed to kill - retrying in 100ms
2023-07-02T18:18:24: PM2 log: pid=14356 msg=failed to kill - retrying in 100ms
2023-07-02T18:18:24: PM2 log: pid=14399 msg=failed to kill - retrying in 100ms
2023-07-02T18:18:24: PM2 log: pid=14356 msg=failed to kill - retrying in 100ms
2023-07-02T18:18:24: PM2 log: pid=14399 msg=failed to kill - retrying in 100ms
2023-07-02T18:18:24: PM2 log: pid=14356 msg=failed to kill - retrying in 100ms
2023-07-02T18:18:24: PM2 log: pid=14399 msg=failed to kill - retrying in 100ms
2023-07-02T18:18:24: PM2 log: pid=14356 msg=failed to kill - retrying in 100ms
2023-07-02T18:18:25: PM2 log: pid=14399 msg=failed to kill - retrying in 100ms
2023-07-02T18:18:25: PM2 log: pid=14356 msg=failed to kill - retrying in 100ms
2023-07-02T18:18:25: PM2 log: pid=14399 msg=failed to kill - retrying in 100ms
2023-07-02T18:18:25: PM2 log: pid=14356 msg=failed to kill - retrying in 100ms
2023-07-02T18:18:25: PM2 log: pid=14399 msg=failed to kill - retrying in 100ms
2023-07-02T18:18:25: PM2 log: pid=14356 msg=failed to kill - retrying in 100ms
2023-07-02T18:18:25: PM2 log: pid=14399 msg=failed to kill - retrying in 100ms
2023-07-02T18:18:25: PM2 log: pid=14356 msg=failed to kill - retrying in 100ms
2023-07-02T18:18:25: PM2 log: pid=14399 msg=failed to kill - retrying in 100ms
2023-07-02T18:18:25: PM2 log: pid=14356 msg=failed to kill - retrying in 100ms
2023-07-02T18:18:25: PM2 log: App name:myNextApp id:8 disconnected
2023-07-02T18:18:25: PM2 log: App [myNextApp:8] exited with code [0] via signal [SIGINT]
2023-07-02T18:18:25: PM2 log: pid=14399 msg=failed to kill - retrying in 100ms
2023-07-02T18:18:25: PM2 log: pid=14356 msg=process killed
2023-07-02T18:18:25: PM2 log: App [myNextApp:8] starting in -cluster mode-
2023-07-02T18:18:25: PM2 log: App name:myNextApp id:9 disconnected
2023-07-02T18:18:25: PM2 log: App [myNextApp:9] exited with code [0] via signal [SIGINT]
2023-07-02T18:18:25: PM2 log: pid=14399 msg=process killed
2023-07-02T18:18:25: PM2 log: App [myNextApp:9] starting in -cluster mode-
2023-07-02T18:18:26: PM2 log: App [myNextApp:8] online
2023-07-02T18:18:27: PM2 log: App [myNextApp:9] online
2023-07-03T05:50:29: PM2 log: App name:myNextApp id:0 disconnected
2023-07-03T05:50:29: PM2 log: App [myNextApp:0] exited with code [0] via signal [SIGKILL]
2023-07-03T05:50:29: PM2 log: App [myNextApp:0] starting in -cluster mode-
2023-07-03T05:50:32: PM2 log: App [myNextApp:0] online
2023-07-03T10:59:27: PM2 log: Stopping app:myNextApp id:0
2023-07-03T10:59:27: PM2 log: Stopping app:myNextApp id:1
2023-07-03T10:59:27: PM2 log: App name:myNextApp id:0 disconnected
2023-07-03T10:59:27: PM2 log: pid=30475 msg=failed to kill - retrying in 100ms
2023-07-03T10:59:27: PM2 log: App [myNextApp:0] exited with code [0] via signal [SIGINT]
2023-07-03T10:59:27: PM2 log: pid=24439 msg=failed to kill - retrying in 100ms
2023-07-03T10:59:27: PM2 log: pid=30475 msg=process killed
2023-07-03T10:59:27: PM2 log: App [myNextApp:0] starting in -cluster mode-
2023-07-03T10:59:27: PM2 log: pid=24439 msg=failed to kill - retrying in 100ms
2023-07-03T10:59:27: PM2 log: App [myNextApp:0] online
2023-07-03T10:59:27: PM2 log: Stopping app:myNextApp id:2
2023-07-03T10:59:27: PM2 log: App name:myNextApp id:1 disconnected
2023-07-03T10:59:27: PM2 log: App [myNextApp:1] exited with code [0] via signal [SIGINT]
2023-07-03T10:59:27: PM2 log: pid=24439 msg=process killed
2023-07-03T10:59:27: PM2 log: App [myNextApp:1] starting in -cluster mode-
2023-07-03T10:59:27: PM2 log: App [myNextApp:1] online
2023-07-03T10:59:27: PM2 log: Stopping app:myNextApp id:3
2023-07-03T10:59:28: PM2 log: pid=24458 msg=failed to kill - retrying in 100ms
2023-07-03T10:59:28: PM2 log: pid=24458 msg=failed to kill - retrying in 100ms
2023-07-03T10:59:28: PM2 log: pid=24465 msg=failed to kill - retrying in 100ms
2023-07-03T10:59:28: PM2 log: pid=24458 msg=failed to kill - retrying in 100ms
2023-07-03T10:59:28: PM2 log: pid=24465 msg=failed to kill - retrying in 100ms
2023-07-03T10:59:28: PM2 log: pid=24458 msg=failed to kill - retrying in 100ms
2023-07-03T10:59:28: PM2 log: pid=24465 msg=failed to kill - retrying in 100ms
2023-07-03T10:59:28: PM2 log: pid=24458 msg=failed to kill - retrying in 100ms
2023-07-03T10:59:28: PM2 log: pid=24465 msg=failed to kill - retrying in 100ms
2023-07-03T10:59:28: PM2 log: pid=24458 msg=failed to kill - retrying in 100ms
2023-07-03T10:59:28: PM2 log: pid=24465 msg=failed to kill - retrying in 100ms
2023-07-03T10:59:28: PM2 log: App name:myNextApp id:2 disconnected
2023-07-03T10:59:28: PM2 log: App [myNextApp:2] exited with code [0] via signal [SIGINT]
2023-07-03T10:59:28: PM2 log: pid=24458 msg=process killed
2023-07-03T10:59:28: PM2 log: App [myNextApp:2] starting in -cluster mode-
2023-07-03T10:59:28: PM2 log: pid=24465 msg=failed to kill - retrying in 100ms
2023-07-03T10:59:28: PM2 log: App [myNextApp:2] online
2023-07-03T10:59:28: PM2 log: Stopping app:myNextApp id:4
2023-07-03T10:59:28: PM2 log: pid=24465 msg=failed to kill - retrying in 100ms
2023-07-03T10:59:28: PM2 log: pid=24465 msg=failed to kill - retrying in 100ms
2023-07-03T10:59:28: PM2 log: pid=24490 msg=failed to kill - retrying in 100ms
2023-07-03T10:59:28: PM2 log: App name:myNextApp id:3 disconnected
2023-07-03T10:59:28: PM2 log: App [myNextApp:3] exited with code [0] via signal [SIGINT]
2023-07-03T10:59:28: PM2 log: pid=24465 msg=process killed
2023-07-03T10:59:28: PM2 log: App [myNextApp:3] starting in -cluster mode-
2023-07-03T10:59:29: PM2 log: pid=24490 msg=failed to kill - retrying in 100ms
2023-07-03T10:59:29: PM2 log: App [myNextApp:3] online
2023-07-03T10:59:29: PM2 log: Stopping app:myNextApp id:5
2023-07-03T10:59:29: PM2 log: pid=24490 msg=failed to kill - retrying in 100ms
2023-07-03T10:59:29: PM2 log: pid=24490 msg=failed to kill - retrying in 100ms
2023-07-03T10:59:29: PM2 log: pid=24484 msg=failed to kill - retrying in 100ms
2023-07-03T10:59:29: PM2 log: pid=24490 msg=failed to kill - retrying in 100ms
2023-07-03T10:59:29: PM2 log: pid=24484 msg=failed to kill - retrying in 100ms
2023-07-03T10:59:29: PM2 log: pid=24490 msg=failed to kill - retrying in 100ms
2023-07-03T10:59:29: PM2 log: pid=24484 msg=failed to kill - retrying in 100ms
2023-07-03T10:59:29: PM2 log: pid=24490 msg=failed to kill - retrying in 100ms
2023-07-03T10:59:29: PM2 log: pid=24484 msg=failed to kill - retrying in 100ms
2023-07-03T10:59:29: PM2 log: pid=24490 msg=failed to kill - retrying in 100ms
2023-07-03T10:59:29: PM2 log: pid=24484 msg=failed to kill - retrying in 100ms
2023-07-03T10:59:30: PM2 log: pid=24490 msg=failed to kill - retrying in 100ms
2023-07-03T10:59:30: PM2 log: pid=24484 msg=failed to kill - retrying in 100ms
2023-07-03T10:59:30: PM2 log: App name:myNextApp id:4 disconnected
2023-07-03T10:59:30: PM2 log: App name:myNextApp id:5 disconnected
2023-07-03T10:59:30: PM2 log: App [myNextApp:5] exited with code [0] via signal [SIGINT]
2023-07-03T10:59:30: PM2 log: App [myNextApp:4] exited with code [0] via signal [SIGINT]
2023-07-03T10:59:30: PM2 log: pid=24490 msg=process killed
2023-07-03T10:59:30: PM2 log: App [myNextApp:4] starting in -cluster mode-
2023-07-03T10:59:30: PM2 log: pid=24484 msg=process killed
2023-07-03T10:59:30: PM2 log: App [myNextApp:5] starting in -cluster mode-
2023-07-03T10:59:30: PM2 log: App [myNextApp:4] online
2023-07-03T10:59:30: PM2 log: Stopping app:myNextApp id:6
2023-07-03T10:59:30: PM2 log: App [myNextApp:5] online
2023-07-03T10:59:30: PM2 log: Stopping app:myNextApp id:7
2023-07-03T10:59:30: PM2 log: pid=24510 msg=failed to kill - retrying in 100ms
2023-07-03T10:59:30: PM2 log: pid=24517 msg=failed to kill - retrying in 100ms
2023-07-03T10:59:30: PM2 log: pid=24510 msg=failed to kill - retrying in 100ms
2023-07-03T10:59:30: PM2 log: pid=24517 msg=failed to kill - retrying in 100ms
2023-07-03T10:59:30: PM2 log: pid=24510 msg=failed to kill - retrying in 100ms
2023-07-03T10:59:30: PM2 log: pid=24517 msg=failed to kill - retrying in 100ms
2023-07-03T10:59:30: PM2 log: pid=24510 msg=failed to kill - retrying in 100ms
2023-07-03T10:59:30: PM2 log: pid=24517 msg=failed to kill - retrying in 100ms
2023-07-03T10:59:31: PM2 log: pid=24510 msg=failed to kill - retrying in 100ms
2023-07-03T10:59:31: PM2 log: pid=24517 msg=failed to kill - retrying in 100ms
2023-07-03T10:59:31: PM2 log: pid=24510 msg=failed to kill - retrying in 100ms
2023-07-03T10:59:31: PM2 log: pid=24517 msg=failed to kill - retrying in 100ms
2023-07-03T10:59:31: PM2 log: pid=24510 msg=failed to kill - retrying in 100ms
2023-07-03T10:59:31: PM2 log: App name:myNextApp id:6 disconnected
2023-07-03T10:59:31: PM2 log: App name:myNextApp id:7 disconnected
2023-07-03T10:59:31: PM2 log: App [myNextApp:6] exited with code [0] via signal [SIGINT]
2023-07-03T10:59:31: PM2 log: App [myNextApp:7] exited with code [0] via signal [SIGINT]
2023-07-03T10:59:31: PM2 log: pid=24517 msg=process killed
2023-07-03T10:59:31: PM2 log: App [myNextApp:7] starting in -cluster mode-
2023-07-03T10:59:31: PM2 log: pid=24510 msg=process killed
2023-07-03T10:59:31: PM2 log: App [myNextApp:6] starting in -cluster mode-
2023-07-03T10:59:31: PM2 log: App [myNextApp:7] online
2023-07-03T10:59:31: PM2 log: Stopping app:myNextApp id:8
2023-07-03T10:59:31: PM2 log: App [myNextApp:6] online
2023-07-03T10:59:31: PM2 log: Stopping app:myNextApp id:9
2023-07-03T10:59:32: PM2 log: pid=24542 msg=failed to kill - retrying in 100ms
2023-07-03T10:59:32: PM2 log: pid=24549 msg=failed to kill - retrying in 100ms
2023-07-03T10:59:32: PM2 log: pid=24542 msg=failed to kill - retrying in 100ms
2023-07-03T10:59:32: PM2 log: pid=24549 msg=failed to kill - retrying in 100ms
2023-07-03T10:59:32: PM2 log: pid=24542 msg=failed to kill - retrying in 100ms
2023-07-03T10:59:32: PM2 log: pid=24549 msg=failed to kill - retrying in 100ms
2023-07-03T10:59:32: PM2 log: pid=24542 msg=failed to kill - retrying in 100ms
2023-07-03T10:59:32: PM2 log: pid=24549 msg=failed to kill - retrying in 100ms
2023-07-03T10:59:32: PM2 log: pid=24542 msg=failed to kill - retrying in 100ms
2023-07-03T10:59:32: PM2 log: pid=24549 msg=failed to kill - retrying in 100ms
2023-07-03T10:59:32: PM2 log: App name:myNextApp id:8 disconnected
2023-07-03T10:59:32: PM2 log: App [myNextApp:8] exited with code [0] via signal [SIGINT]
2023-07-03T10:59:32: PM2 log: pid=24542 msg=process killed
2023-07-03T10:59:32: PM2 log: App [myNextApp:8] starting in -cluster mode-
2023-07-03T10:59:32: PM2 log: pid=24549 msg=failed to kill - retrying in 100ms
2023-07-03T10:59:32: PM2 log: App [myNextApp:8] online
2023-07-03T10:59:32: PM2 log: pid=24549 msg=failed to kill - retrying in 100ms
2023-07-03T10:59:32: PM2 log: App [myNextApp:9] exited with code [0] via signal [SIGINT]
2023-07-03T10:59:32: PM2 log: pid=24549 msg=process killed
2023-07-03T10:59:32: PM2 log: App [myNextApp:9] starting in -cluster mode-
2023-07-03T10:59:33: PM2 log: App [myNextApp:9] online
2023-07-03T11:05:41: PM2 log: [PM2] This PM2 is not UP TO DATE
2023-07-03T11:05:41: PM2 log: [PM2] Upgrade to version 5.3.0
2023-07-03T16:09:35: PM2 log: Stopping app:myNextApp id:0
2023-07-03T16:09:36: PM2 log: Stopping app:myNextApp id:1
2023-07-03T16:09:36: PM2 log: pid=12728 msg=failed to kill - retrying in 100ms
2023-07-03T16:09:36: PM2 log: pid=12736 msg=failed to kill - retrying in 100ms
2023-07-03T16:09:36: PM2 log: pid=12728 msg=failed to kill - retrying in 100ms
2023-07-03T16:09:36: PM2 log: pid=12736 msg=failed to kill - retrying in 100ms
2023-07-03T16:09:36: PM2 log: pid=12728 msg=failed to kill - retrying in 100ms
2023-07-03T16:09:36: PM2 log: pid=12736 msg=failed to kill - retrying in 100ms
2023-07-03T16:09:36: PM2 log: pid=12728 msg=failed to kill - retrying in 100ms
2023-07-03T16:09:36: PM2 log: pid=12736 msg=failed to kill - retrying in 100ms
2023-07-03T16:09:36: PM2 log: pid=12728 msg=failed to kill - retrying in 100ms
2023-07-03T16:09:36: PM2 log: pid=12736 msg=failed to kill - retrying in 100ms
2023-07-03T16:09:36: PM2 log: pid=12728 msg=failed to kill - retrying in 100ms
2023-07-03T16:09:36: PM2 log: pid=12736 msg=failed to kill - retrying in 100ms
2023-07-03T16:09:36: PM2 log: App name:myNextApp id:1 disconnected
2023-07-03T16:09:36: PM2 log: App name:myNextApp id:0 disconnected
2023-07-03T16:09:36: PM2 log: App [myNextApp:0] exited with code [0] via signal [SIGINT]
2023-07-03T16:09:36: PM2 log: App [myNextApp:1] exited with code [0] via signal [SIGINT]
2023-07-03T16:09:36: PM2 log: pid=12728 msg=process killed
2023-07-03T16:09:36: PM2 log: App [myNextApp:0] starting in -cluster mode-
2023-07-03T16:09:36: PM2 log: pid=12736 msg=process killed
2023-07-03T16:09:36: PM2 log: App [myNextApp:1] starting in -cluster mode-
2023-07-03T16:09:36: PM2 log: App [myNextApp:0] online
2023-07-03T16:09:36: PM2 log: App [myNextApp:1] online
2023-07-03T16:09:36: PM2 log: Stopping app:myNextApp id:2
2023-07-03T16:09:36: PM2 log: Stopping app:myNextApp id:3
2023-07-03T16:09:37: PM2 log: pid=12754 msg=failed to kill - retrying in 100ms
2023-07-03T16:09:37: PM2 log: pid=12766 msg=failed to kill - retrying in 100ms
2023-07-03T16:09:37: PM2 log: pid=12754 msg=failed to kill - retrying in 100ms
2023-07-03T16:09:37: PM2 log: pid=12766 msg=failed to kill - retrying in 100ms
2023-07-03T16:09:37: PM2 log: pid=12754 msg=failed to kill - retrying in 100ms
2023-07-03T16:09:37: PM2 log: pid=12766 msg=failed to kill - retrying in 100ms
2023-07-03T16:09:37: PM2 log: pid=12754 msg=failed to kill - retrying in 100ms
2023-07-03T16:09:37: PM2 log: pid=12766 msg=failed to kill - retrying in 100ms
2023-07-03T16:09:37: PM2 log: pid=12754 msg=failed to kill - retrying in 100ms
2023-07-03T16:09:37: PM2 log: pid=12766 msg=failed to kill - retrying in 100ms
2023-07-03T16:09:37: PM2 log: pid=12754 msg=failed to kill - retrying in 100ms
2023-07-03T16:09:37: PM2 log: pid=12766 msg=failed to kill - retrying in 100ms
2023-07-03T16:09:37: PM2 log: pid=12754 msg=failed to kill - retrying in 100ms
2023-07-03T16:09:37: PM2 log: pid=12766 msg=failed to kill - retrying in 100ms
2023-07-03T16:09:37: PM2 log: App name:myNextApp id:2 disconnected
2023-07-03T16:09:37: PM2 log: App [myNextApp:2] exited with code [0] via signal [SIGINT]
2023-07-03T16:09:37: PM2 log: pid=12754 msg=process killed
2023-07-03T16:09:37: PM2 log: App [myNextApp:2] starting in -cluster mode-
2023-07-03T16:09:37: PM2 log: pid=12766 msg=failed to kill - retrying in 100ms
2023-07-03T16:09:37: PM2 log: App [myNextApp:2] online
2023-07-03T16:09:37: PM2 log: Stopping app:myNextApp id:4
2023-07-03T16:09:37: PM2 log: pid=12766 msg=failed to kill - retrying in 100ms
2023-07-03T16:09:38: PM2 log: pid=12766 msg=failed to kill - retrying in 100ms
2023-07-03T16:09:38: PM2 log: pid=12795 msg=failed to kill - retrying in 100ms
2023-07-03T16:09:38: PM2 log: pid=12766 msg=failed to kill - retrying in 100ms
2023-07-03T16:09:38: PM2 log: pid=12795 msg=failed to kill - retrying in 100ms
2023-07-03T16:09:38: PM2 log: pid=12766 msg=failed to kill - retrying in 100ms
2023-07-03T16:09:38: PM2 log: pid=12795 msg=failed to kill - retrying in 100ms
2023-07-03T16:09:38: PM2 log: App name:myNextApp id:3 disconnected
2023-07-03T16:09:38: PM2 log: pid=12766 msg=failed to kill - retrying in 100ms
2023-07-03T16:09:38: PM2 log: App [myNextApp:3] exited with code [0] via signal [SIGINT]
2023-07-03T16:09:38: PM2 log: pid=12795 msg=failed to kill - retrying in 100ms
2023-07-03T16:09:38: PM2 log: pid=12766 msg=process killed
2023-07-03T16:09:38: PM2 log: App [myNextApp:3] starting in -cluster mode-
2023-07-03T16:09:38: PM2 log: pid=12795 msg=failed to kill - retrying in 100ms
2023-07-03T16:09:38: PM2 log: pid=12795 msg=failed to kill - retrying in 100ms
2023-07-03T16:09:38: PM2 log: App [myNextApp:3] online
2023-07-03T16:09:38: PM2 log: Stopping app:myNextApp id:5
2023-07-03T16:09:38: PM2 log: pid=12795 msg=failed to kill - retrying in 100ms
2023-07-03T16:09:38: PM2 log: pid=12801 msg=failed to kill - retrying in 100ms
2023-07-03T16:09:38: PM2 log: pid=12795 msg=failed to kill - retrying in 100ms
2023-07-03T16:09:38: PM2 log: pid=12801 msg=failed to kill - retrying in 100ms
2023-07-03T16:09:38: PM2 log: pid=12795 msg=failed to kill - retrying in 100ms
2023-07-03T16:09:38: PM2 log: pid=12801 msg=failed to kill - retrying in 100ms
2023-07-03T16:09:39: PM2 log: pid=12795 msg=failed to kill - retrying in 100ms
2023-07-03T16:09:39: PM2 log: App name:myNextApp id:4 disconnected
2023-07-03T16:09:39: PM2 log: pid=12801 msg=failed to kill - retrying in 100ms
2023-07-03T16:09:39: PM2 log: pid=12795 msg=failed to kill - retrying in 100ms
2023-07-03T16:09:39: PM2 log: App [myNextApp:4] exited with code [0] via signal [SIGINT]
2023-07-03T16:09:39: PM2 log: pid=12801 msg=failed to kill - retrying in 100ms
2023-07-03T16:09:39: PM2 log: pid=12795 msg=process killed
2023-07-03T16:09:39: PM2 log: App [myNextApp:4] starting in -cluster mode-
2023-07-03T16:09:39: PM2 log: pid=12801 msg=failed to kill - retrying in 100ms
2023-07-03T16:09:39: PM2 log: App [myNextApp:4] online
2023-07-03T16:09:39: PM2 log: Stopping app:myNextApp id:6
2023-07-03T16:09:39: PM2 log: pid=12801 msg=failed to kill - retrying in 100ms
2023-07-03T16:09:39: PM2 log: pid=12801 msg=failed to kill - retrying in 100ms
2023-07-03T16:09:39: PM2 log: pid=12831 msg=failed to kill - retrying in 100ms
2023-07-03T16:09:39: PM2 log: pid=12801 msg=failed to kill - retrying in 100ms
2023-07-03T16:09:39: PM2 log: pid=12831 msg=failed to kill - retrying in 100ms
2023-07-03T16:09:39: PM2 log: pid=12801 msg=failed to kill - retrying in 100ms
2023-07-03T16:09:39: PM2 log: pid=12831 msg=failed to kill - retrying in 100ms
2023-07-03T16:09:39: PM2 log: pid=12801 msg=failed to kill - retrying in 100ms
2023-07-03T16:09:39: PM2 log: App name:myNextApp id:5 disconnected
2023-07-03T16:09:39: PM2 log: pid=12831 msg=failed to kill - retrying in 100ms
2023-07-03T16:09:39: PM2 log: App [myNextApp:5] exited with code [0] via signal [SIGINT]
2023-07-03T16:09:39: PM2 log: pid=12801 msg=process killed
2023-07-03T16:09:39: PM2 log: App [myNextApp:5] starting in -cluster mode-
2023-07-03T16:09:39: PM2 log: pid=12831 msg=failed to kill - retrying in 100ms
2023-07-03T16:09:40: PM2 log: App [myNextApp:5] online
2023-07-03T16:09:40: PM2 log: Stopping app:myNextApp id:7
2023-07-03T16:09:40: PM2 log: pid=12831 msg=failed to kill - retrying in 100ms
2023-07-03T16:09:40: PM2 log: pid=12831 msg=failed to kill - retrying in 100ms
2023-07-03T16:09:40: PM2 log: pid=12827 msg=failed to kill - retrying in 100ms
2023-07-03T16:09:40: PM2 log: pid=12831 msg=failed to kill - retrying in 100ms
2023-07-03T16:09:40: PM2 log: pid=12827 msg=failed to kill - retrying in 100ms
2023-07-03T16:09:40: PM2 log: App name:myNextApp id:6 disconnected
2023-07-03T16:09:40: PM2 log: pid=12831 msg=failed to kill - retrying in 100ms
2023-07-03T16:09:40: PM2 log: App [myNextApp:6] exited with code [0] via signal [SIGINT]
2023-07-03T16:09:40: PM2 log: pid=12827 msg=failed to kill - retrying in 100ms
2023-07-03T16:09:40: PM2 log: pid=12831 msg=process killed
2023-07-03T16:09:40: PM2 log: App [myNextApp:6] starting in -cluster mode-
2023-07-03T16:09:40: PM2 log: pid=12827 msg=failed to kill - retrying in 100ms
2023-07-03T16:09:40: PM2 log: App [myNextApp:6] online
2023-07-03T16:09:40: PM2 log: Stopping app:myNextApp id:8
2023-07-03T16:09:40: PM2 log: pid=12827 msg=failed to kill - retrying in 100ms
2023-07-03T16:09:40: PM2 log: pid=12827 msg=failed to kill - retrying in 100ms
2023-07-03T16:09:40: PM2 log: pid=12860 msg=failed to kill - retrying in 100ms
2023-07-03T16:09:40: PM2 log: pid=12827 msg=failed to kill - retrying in 100ms
2023-07-03T16:09:40: PM2 log: pid=12860 msg=failed to kill - retrying in 100ms
2023-07-03T16:09:40: PM2 log: pid=12827 msg=failed to kill - retrying in 100ms
2023-07-03T16:09:40: PM2 log: pid=12860 msg=failed to kill - retrying in 100ms
2023-07-03T16:09:40: PM2 log: pid=12827 msg=failed to kill - retrying in 100ms
2023-07-03T16:09:41: PM2 log: pid=12860 msg=failed to kill - retrying in 100ms
2023-07-03T16:09:41: PM2 log: pid=12827 msg=failed to kill - retrying in 100ms
2023-07-03T16:09:41: PM2 log: pid=12860 msg=failed to kill - retrying in 100ms
2023-07-03T16:09:41: PM2 log: App name:myNextApp id:8 disconnected
2023-07-03T16:09:41: PM2 log: App [myNextApp:8] exited with code [0] via signal [SIGINT]
2023-07-03T16:09:41: PM2 log: pid=12827 msg=failed to kill - retrying in 100ms
2023-07-03T16:09:41: PM2 log: pid=12860 msg=process killed
2023-07-03T16:09:41: PM2 log: App [myNextApp:8] starting in -cluster mode-
2023-07-03T16:09:41: PM2 log: pid=12827 msg=failed to kill - retrying in 100ms
2023-07-03T16:09:41: PM2 log: Process with pid 12827 still alive after 1600ms, sending it SIGKILL now...
2023-07-03T16:09:41: PM2 log: App name:myNextApp id:7 disconnected
2023-07-03T16:09:41: PM2 log: App [myNextApp:8] online
2023-07-03T16:09:41: PM2 log: App [myNextApp:7] exited with code [0] via signal [SIGINT]
2023-07-03T16:09:42: PM2 log: Stopping app:myNextApp id:9
2023-07-03T16:09:42: PM2 log: pid=12827 msg=process killed
2023-07-03T16:09:42: PM2 log: App [myNextApp:7] starting in -cluster mode-
2023-07-03T16:09:42: PM2 log: App [myNextApp:7] online
2023-07-03T16:09:42: PM2 log: pid=12879 msg=failed to kill - retrying in 100ms
2023-07-03T16:09:42: PM2 log: pid=12879 msg=failed to kill - retrying in 100ms
2023-07-03T16:09:42: PM2 log: pid=12879 msg=failed to kill - retrying in 100ms
2023-07-03T16:09:42: PM2 log: pid=12879 msg=failed to kill - retrying in 100ms
2023-07-03T16:09:42: PM2 log: pid=12879 msg=failed to kill - retrying in 100ms
2023-07-03T16:09:42: PM2 log: pid=12879 msg=failed to kill - retrying in 100ms
2023-07-03T16:09:42: PM2 log: App name:myNextApp id:9 disconnected
2023-07-03T16:09:43: PM2 log: App [myNextApp:9] exited with code [0] via signal [SIGINT]
2023-07-03T16:09:43: PM2 log: pid=12879 msg=process killed
2023-07-03T16:09:43: PM2 log: App [myNextApp:9] starting in -cluster mode-
2023-07-03T16:09:43: PM2 log: App [myNextApp:9] online
2023-07-04T10:15:41: PM2 log: App name:myNextApp id:6 disconnected
2023-07-04T10:15:41: PM2 log: App [myNextApp:6] exited with code [0] via signal [SIGKILL]
2023-07-04T10:15:41: PM2 log: App [myNextApp:6] starting in -cluster mode-
2023-07-04T10:15:45: PM2 log: App [myNextApp:6] online
2023-07-04T11:05:41: PM2 log: [PM2] This PM2 is not UP TO DATE
2023-07-04T11:05:41: PM2 log: [PM2] Upgrade to version 5.3.0
2023-07-05T11:05:41: PM2 log: [PM2] This PM2 is not UP TO DATE
2023-07-05T11:05:41: PM2 log: [PM2] Upgrade to version 5.3.0
2023-07-05T23:52:13: PM2 log: App [myNextApp:8] exited with code [0] via signal [SIGKILL]
2023-07-05T23:52:13: PM2 log: App [myNextApp:8] starting in -cluster mode-
2023-07-05T23:52:20: PM2 log: App [myNextApp:8] online
2023-07-06T11:05:42: PM2 log: [PM2] This PM2 is not UP TO DATE
2023-07-06T11:05:42: PM2 log: [PM2] Upgrade to version 5.3.0
2023-07-07T03:30:25: PM2 log: App name:myNextApp id:4 disconnected
2023-07-07T03:30:26: PM2 log: App [myNextApp:4] exited with code [0] via signal [SIGKILL]
2023-07-07T03:30:26: PM2 log: App [myNextApp:4] starting in -cluster mode-
2023-07-07T03:30:34: PM2 log: App [myNextApp:4] online
2023-07-07T11:05:40: PM2 log: [PM2] This PM2 is not UP TO DATE
2023-07-07T11:05:40: PM2 log: [PM2] Upgrade to version 5.3.0
2023-07-07T14:56:58: PM2 log: App name:myNextApp id:9 disconnected
2023-07-07T14:56:58: PM2 log: App [myNextApp:9] exited with code [0] via signal [SIGKILL]
2023-07-07T14:56:58: PM2 log: App [myNextApp:9] starting in -cluster mode-
2023-07-07T14:57:01: PM2 log: App [myNextApp:9] online
2023-07-08T03:30:46: PM2 log: App name:myNextApp id:5 disconnected
2023-07-08T03:30:47: PM2 log: App [myNextApp:5] exited with code [0] via signal [SIGKILL]
2023-07-08T03:30:47: PM2 log: App [myNextApp:5] starting in -cluster mode-
2023-07-08T03:30:56: PM2 log: App [myNextApp:5] online
2023-07-08T09:25:09: PM2 log: App name:myNextApp id:2 disconnected
2023-07-08T09:25:10: PM2 log: App [myNextApp:2] exited with code [0] via signal [SIGKILL]
2023-07-08T09:25:10: PM2 log: App [myNextApp:2] starting in -cluster mode-
2023-07-08T09:25:20: PM2 log: App [myNextApp:2] online
2023-07-08T11:05:40: PM2 log: [PM2] This PM2 is not UP TO DATE
2023-07-08T11:05:40: PM2 log: [PM2] Upgrade to version 5.3.0
2023-07-09T10:53:09: PM2 log: App [myNextApp:3] exited with code [0] via signal [SIGKILL]
2023-07-09T10:53:09: PM2 log: App [myNextApp:3] starting in -cluster mode-
2023-07-09T10:53:15: PM2 log: App [myNextApp:3] online
2023-07-09T11:05:41: PM2 log: [PM2] This PM2 is not UP TO DATE
2023-07-09T11:05:41: PM2 log: [PM2] Upgrade to version 5.3.0
2023-07-10T11:05:41: PM2 log: [PM2] This PM2 is not UP TO DATE
2023-07-10T11:05:41: PM2 log: [PM2] Upgrade to version 5.3.0
2023-07-10T16:54:05: PM2 log: App name:myNextApp id:7 disconnected
2023-07-10T16:54:05: PM2 log: App [myNextApp:7] exited with code [0] via signal [SIGKILL]
2023-07-10T16:54:05: PM2 log: App [myNextApp:7] starting in -cluster mode-
2023-07-10T16:54:08: PM2 log: App [myNextApp:7] online
2023-07-11T00:44:58: PM2 log: App name:myNextApp id:0 disconnected
2023-07-11T00:44:58: PM2 log: App [myNextApp:0] exited with code [0] via signal [SIGKILL]
2023-07-11T00:44:59: PM2 log: App [myNextApp:0] starting in -cluster mode-
2023-07-11T00:45:07: PM2 log: App [myNextApp:0] online
2023-07-11T11:05:41: PM2 log: [PM2] This PM2 is not UP TO DATE
2023-07-11T11:05:41: PM2 log: [PM2] Upgrade to version 5.3.0
2023-07-11T15:00:01: PM2 log: App [myNextApp:6] exited with code [0] via signal [SIGKILL]
2023-07-11T15:00:01: PM2 log: App [myNextApp:6] starting in -cluster mode-
2023-07-11T15:00:06: PM2 log: App [myNextApp:6] online
2023-07-12T11:05:40: PM2 log: [PM2] This PM2 is not UP TO DATE
2023-07-12T11:05:41: PM2 log: [PM2] Upgrade to version 5.3.0
2023-07-12T12:59:09: PM2 log: App name:myNextApp id:1 disconnected
2023-07-12T12:59:09: PM2 log: App [myNextApp:1] exited with code [0] via signal [SIGKILL]
2023-07-12T12:59:09: PM2 log: App [myNextApp:1] starting in -cluster mode-
2023-07-12T12:59:12: PM2 log: App [myNextApp:1] online
2023-07-13T11:05:41: PM2 log: [PM2] This PM2 is not UP TO DATE
2023-07-13T11:05:41: PM2 log: [PM2] Upgrade to version 5.3.0
2023-07-13T16:16:04: PM2 log: App [myNextApp:9] exited with code [0] via signal [SIGKILL]
2023-07-13T16:16:04: PM2 log: App [myNextApp:9] starting in -cluster mode-
2023-07-13T16:16:15: PM2 log: App [myNextApp:9] online
2023-07-13T17:38:48: PM2 log: Stopping app:myNextApp id:0
2023-07-13T17:38:48: PM2 log: Stopping app:myNextApp id:1
2023-07-13T17:38:49: PM2 log: pid=25209 msg=failed to kill - retrying in 100ms
2023-07-13T17:38:49: PM2 log: pid=18703 msg=failed to kill - retrying in 100ms
2023-07-13T17:38:49: PM2 log: pid=25209 msg=failed to kill - retrying in 100ms
2023-07-13T17:38:49: PM2 log: pid=18703 msg=failed to kill - retrying in 100ms
2023-07-13T17:38:49: PM2 log: App name:myNextApp id:1 disconnected
2023-07-13T17:38:49: PM2 log: pid=25209 msg=failed to kill - retrying in 100ms
2023-07-13T17:38:49: PM2 log: pid=18703 msg=failed to kill - retrying in 100ms
2023-07-13T17:38:49: PM2 log: App [myNextApp:1] exited with code [0] via signal [SIGINT]
2023-07-13T17:38:49: PM2 log: pid=25209 msg=failed to kill - retrying in 100ms
2023-07-13T17:38:49: PM2 log: pid=18703 msg=process killed
2023-07-13T17:38:49: PM2 log: App [myNextApp:1] starting in -cluster mode-
2023-07-13T17:38:49: PM2 log: pid=25209 msg=failed to kill - retrying in 100ms
2023-07-13T17:38:49: PM2 log: App [myNextApp:1] online
2023-07-13T17:38:49: PM2 log: pid=25209 msg=failed to kill - retrying in 100ms
2023-07-13T17:38:49: PM2 log: App name:myNextApp id:0 disconnected
2023-07-13T17:38:49: PM2 log: Stopping app:myNextApp id:2
2023-07-13T17:38:49: PM2 log: App [myNextApp:0] exited with code [0] via signal [SIGINT]
2023-07-13T17:38:49: PM2 log: pid=25209 msg=process killed
2023-07-13T17:38:49: PM2 log: App [myNextApp:0] starting in -cluster mode-
2023-07-13T17:38:49: PM2 log: pid=2679 msg=failed to kill - retrying in 100ms
2023-07-13T17:38:49: PM2 log: App [myNextApp:0] online
2023-07-13T17:38:49: PM2 log: Stopping app:myNextApp id:3
2023-07-13T17:38:49: PM2 log: pid=2679 msg=failed to kill - retrying in 100ms
2023-07-13T17:38:49: PM2 log: pid=2679 msg=failed to kill - retrying in 100ms
2023-07-13T17:38:49: PM2 log: pid=17625 msg=failed to kill - retrying in 100ms
2023-07-13T17:38:50: PM2 log: pid=2679 msg=failed to kill - retrying in 100ms
2023-07-13T17:38:50: PM2 log: pid=17625 msg=failed to kill - retrying in 100ms
2023-07-13T17:38:50: PM2 log: pid=2679 msg=failed to kill - retrying in 100ms
2023-07-13T17:38:50: PM2 log: pid=17625 msg=failed to kill - retrying in 100ms
2023-07-13T17:38:50: PM2 log: pid=2679 msg=failed to kill - retrying in 100ms
2023-07-13T17:38:50: PM2 log: pid=17625 msg=failed to kill - retrying in 100ms
2023-07-13T17:38:50: PM2 log: pid=2679 msg=failed to kill - retrying in 100ms
2023-07-13T17:38:50: PM2 log: pid=17625 msg=failed to kill - retrying in 100ms
2023-07-13T17:38:50: PM2 log: pid=2679 msg=failed to kill - retrying in 100ms
2023-07-13T17:38:50: PM2 log: pid=17625 msg=failed to kill - retrying in 100ms
2023-07-13T17:38:50: PM2 log: pid=2679 msg=failed to kill - retrying in 100ms
2023-07-13T17:38:50: PM2 log: pid=17625 msg=failed to kill - retrying in 100ms
2023-07-13T17:38:50: PM2 log: pid=2679 msg=failed to kill - retrying in 100ms
2023-07-13T17:38:50: PM2 log: pid=17625 msg=failed to kill - retrying in 100ms
2023-07-13T17:38:50: PM2 log: pid=2679 msg=failed to kill - retrying in 100ms
2023-07-13T17:38:50: PM2 log: pid=17625 msg=failed to kill - retrying in 100ms
2023-07-13T17:38:50: PM2 log: pid=2679 msg=failed to kill - retrying in 100ms
2023-07-13T17:38:50: PM2 log: pid=17625 msg=failed to kill - retrying in 100ms
2023-07-13T17:38:50: PM2 log: pid=2679 msg=failed to kill - retrying in 100ms
2023-07-13T17:38:50: PM2 log: pid=17625 msg=failed to kill - retrying in 100ms
2023-07-13T17:38:51: PM2 log: pid=2679 msg=failed to kill - retrying in 100ms
2023-07-13T17:38:51: PM2 log: pid=17625 msg=failed to kill - retrying in 100ms
2023-07-13T17:38:51: PM2 log: pid=2679 msg=failed to kill - retrying in 100ms
2023-07-13T17:38:51: PM2 log: pid=17625 msg=failed to kill - retrying in 100ms
2023-07-13T17:38:51: PM2 log: Process with pid 2679 still alive after 1600ms, sending it SIGKILL now...
2023-07-13T17:38:51: PM2 log: pid=17625 msg=failed to kill - retrying in 100ms
2023-07-13T17:38:51: PM2 log: pid=17625 msg=failed to kill - retrying in 100ms
2023-07-13T17:38:51: PM2 log: pid=2679 msg=failed to kill - retrying in 100ms
2023-07-13T17:38:51: PM2 log: Process with pid 17625 still alive after 1600ms, sending it SIGKILL now...
2023-07-13T17:38:51: PM2 log: pid=2679 msg=failed to kill - retrying in 100ms
2023-07-13T17:38:51: PM2 log: pid=2679 msg=failed to kill - retrying in 100ms
2023-07-13T17:38:51: PM2 log: App [myNextApp:2] exited with code [0] via signal [SIGKILL]
2023-07-13T17:38:51: PM2 log: pid=17625 msg=failed to kill - retrying in 100ms
2023-07-13T17:38:51: PM2 log: pid=2679 msg=process killed
2023-07-13T17:38:51: PM2 log: App [myNextApp:2] starting in -cluster mode-
2023-07-13T17:38:51: PM2 log: pid=17625 msg=failed to kill - retrying in 100ms
2023-07-13T17:38:51: PM2 log: App [myNextApp:3] exited with code [0] via signal [SIGINT]
2023-07-13T17:38:51: PM2 log: App [myNextApp:2] online
2023-07-13T17:38:51: PM2 log: Stopping app:myNextApp id:4
2023-07-13T17:38:51: PM2 log: pid=17625 msg=process killed
2023-07-13T17:38:51: PM2 log: App [myNextApp:3] starting in -cluster mode-
2023-07-13T17:38:51: PM2 log: App [myNextApp:3] online
2023-07-13T17:38:51: PM2 log: Stopping app:myNextApp id:5
2023-07-13T17:38:51: PM2 log: pid=10060 msg=failed to kill - retrying in 100ms
2023-07-13T17:38:52: PM2 log: pid=10060 msg=failed to kill - retrying in 100ms
2023-07-13T17:38:52: PM2 log: pid=24568 msg=failed to kill - retrying in 100ms
2023-07-13T17:38:52: PM2 log: pid=10060 msg=failed to kill - retrying in 100ms
2023-07-13T17:38:52: PM2 log: pid=24568 msg=failed to kill - retrying in 100ms
2023-07-13T17:38:52: PM2 log: pid=10060 msg=failed to kill - retrying in 100ms
2023-07-13T17:38:52: PM2 log: pid=24568 msg=failed to kill - retrying in 100ms
2023-07-13T17:38:52: PM2 log: pid=10060 msg=failed to kill - retrying in 100ms
2023-07-13T17:38:52: PM2 log: pid=24568 msg=failed to kill - retrying in 100ms
2023-07-13T17:38:52: PM2 log: pid=10060 msg=failed to kill - retrying in 100ms
2023-07-13T17:38:52: PM2 log: pid=24568 msg=failed to kill - retrying in 100ms
2023-07-13T17:38:52: PM2 log: pid=10060 msg=failed to kill - retrying in 100ms
2023-07-13T17:38:52: PM2 log: pid=24568 msg=failed to kill - retrying in 100ms
2023-07-13T17:38:52: PM2 log: pid=10060 msg=failed to kill - retrying in 100ms
2023-07-13T17:38:52: PM2 log: pid=24568 msg=failed to kill - retrying in 100ms
2023-07-13T17:38:52: PM2 log: pid=10060 msg=failed to kill - retrying in 100ms
2023-07-13T17:38:52: PM2 log: pid=24568 msg=failed to kill - retrying in 100ms
2023-07-13T17:38:52: PM2 log: pid=10060 msg=failed to kill - retrying in 100ms
2023-07-13T17:38:52: PM2 log: pid=24568 msg=failed to kill - retrying in 100ms
2023-07-13T17:38:53: PM2 log: pid=10060 msg=failed to kill - retrying in 100ms
2023-07-13T17:38:53: PM2 log: pid=24568 msg=failed to kill - retrying in 100ms
2023-07-13T17:38:53: PM2 log: pid=10060 msg=failed to kill - retrying in 100ms
2023-07-13T17:38:53: PM2 log: pid=24568 msg=failed to kill - retrying in 100ms
2023-07-13T17:38:53: PM2 log: pid=10060 msg=failed to kill - retrying in 100ms
2023-07-13T17:38:53: PM2 log: pid=24568 msg=failed to kill - retrying in 100ms
2023-07-13T17:38:53: PM2 log: pid=10060 msg=failed to kill - retrying in 100ms
2023-07-13T17:38:53: PM2 log: pid=24568 msg=failed to kill - retrying in 100ms
2023-07-13T17:38:53: PM2 log: Process with pid 10060 still alive after 1600ms, sending it SIGKILL now...
2023-07-13T17:38:53: PM2 log: pid=24568 msg=failed to kill - retrying in 100ms
2023-07-13T17:38:53: PM2 log: Process with pid 24568 still alive after 1600ms, sending it SIGKILL now...
2023-07-13T17:38:53: PM2 log: pid=10060 msg=failed to kill - retrying in 100ms
2023-07-13T17:38:53: PM2 log: pid=10060 msg=failed to kill - retrying in 100ms
2023-07-13T17:38:53: PM2 log: pid=24568 msg=failed to kill - retrying in 100ms
2023-07-13T17:38:53: PM2 log: pid=10060 msg=failed to kill - retrying in 100ms
2023-07-13T17:38:53: PM2 log: pid=24568 msg=failed to kill - retrying in 100ms
2023-07-13T17:38:53: PM2 log: App name:myNextApp id:5 disconnected
2023-07-13T17:38:53: PM2 log: App [myNextApp:4] exited with code [0] via signal [SIGKILL]
2023-07-13T17:38:54: PM2 log: App [myNextApp:5] exited with code [0] via signal [SIGKILL]
2023-07-13T17:38:54: PM2 log: pid=10060 msg=process killed
2023-07-13T17:38:54: PM2 log: App [myNextApp:4] starting in -cluster mode-
2023-07-13T17:38:54: PM2 log: pid=24568 msg=process killed
2023-07-13T17:38:54: PM2 log: App [myNextApp:5] starting in -cluster mode-
2023-07-13T17:38:54: PM2 log: App [myNextApp:4] online
2023-07-13T17:38:54: PM2 log: Stopping app:myNextApp id:6
2023-07-13T17:38:54: PM2 log: App [myNextApp:5] online
2023-07-13T17:38:54: PM2 log: Stopping app:myNextApp id:7
2023-07-13T17:38:54: PM2 log: pid=15622 msg=failed to kill - retrying in 100ms
2023-07-13T17:38:54: PM2 log: pid=6244 msg=failed to kill - retrying in 100ms
2023-07-13T17:38:54: PM2 log: pid=15622 msg=failed to kill - retrying in 100ms
2023-07-13T17:38:54: PM2 log: pid=6244 msg=failed to kill - retrying in 100ms
2023-07-13T17:38:54: PM2 log: pid=15622 msg=failed to kill - retrying in 100ms
2023-07-13T17:38:54: PM2 log: pid=6244 msg=failed to kill - retrying in 100ms
2023-07-13T17:38:54: PM2 log: pid=15622 msg=failed to kill - retrying in 100ms
2023-07-13T17:38:54: PM2 log: pid=6244 msg=failed to kill - retrying in 100ms
2023-07-13T17:38:54: PM2 log: pid=15622 msg=failed to kill - retrying in 100ms
2023-07-13T17:38:54: PM2 log: pid=6244 msg=failed to kill - retrying in 100ms
2023-07-13T17:38:54: PM2 log: pid=15622 msg=failed to kill - retrying in 100ms
2023-07-13T17:38:54: PM2 log: App [myNextApp:6] exited with code [0] via signal [SIGINT]
2023-07-13T17:38:54: PM2 log: pid=6244 msg=failed to kill - retrying in 100ms
2023-07-13T17:38:54: PM2 log: pid=15622 msg=process killed
2023-07-13T17:38:54: PM2 log: App [myNextApp:6] starting in -cluster mode-
2023-07-13T17:38:55: PM2 log: pid=6244 msg=failed to kill - retrying in 100ms
2023-07-13T17:38:55: PM2 log: App [myNextApp:6] online
2023-07-13T17:38:55: PM2 log: pid=6244 msg=failed to kill - retrying in 100ms
2023-07-13T17:38:55: PM2 log: pid=6244 msg=failed to kill - retrying in 100ms
2023-07-13T17:38:55: PM2 log: Stopping app:myNextApp id:8
2023-07-13T17:38:55: PM2 log: App [myNextApp:7] exited with code [0] via signal [SIGINT]
2023-07-13T17:38:55: PM2 log: pid=6244 msg=process killed
2023-07-13T17:38:55: PM2 log: App [myNextApp:7] starting in -cluster mode-
2023-07-13T17:38:55: PM2 log: pid=13809 msg=failed to kill - retrying in 100ms
2023-07-13T17:38:55: PM2 log: App [myNextApp:7] online
2023-07-13T17:38:55: PM2 log: Stopping app:myNextApp id:9
2023-07-13T17:38:56: PM2 log: pid=13809 msg=failed to kill - retrying in 100ms
2023-07-13T17:38:56: PM2 log: App name:myNextApp id:9 disconnected
2023-07-13T17:38:56: PM2 log: pid=1166 msg=failed to kill - retrying in 100ms
2023-07-13T17:38:56: PM2 log: pid=13809 msg=failed to kill - retrying in 100ms
2023-07-13T17:38:56: PM2 log: App [myNextApp:9] exited with code [0] via signal [SIGINT]
2023-07-13T17:38:57: PM2 log: pid=1166 msg=process killed
2023-07-13T17:38:57: PM2 log: App [myNextApp:9] starting in -cluster mode-
2023-07-13T17:38:57: PM2 log: pid=13809 msg=failed to kill - retrying in 100ms
2023-07-13T17:38:57: PM2 log: pid=13809 msg=failed to kill - retrying in 100ms
2023-07-13T17:38:57: PM2 log: App [myNextApp:9] online
2023-07-13T17:38:57: PM2 log: pid=13809 msg=failed to kill - retrying in 100ms
2023-07-13T17:38:57: PM2 log: Process with pid 13809 still alive after 1600ms, sending it SIGKILL now...
2023-07-13T17:38:57: PM2 log: pid=13809 msg=failed to kill - retrying in 100ms
2023-07-13T17:38:57: PM2 log: pid=13809 msg=failed to kill - retrying in 100ms
2023-07-13T17:38:57: PM2 log: pid=13809 msg=failed to kill - retrying in 100ms
2023-07-13T17:38:57: PM2 log: App [myNextApp:8] exited with code [0] via signal [SIGKILL]
2023-07-13T17:38:57: PM2 log: pid=13809 msg=process killed
2023-07-13T17:38:57: PM2 log: App [myNextApp:8] starting in -cluster mode-
2023-07-13T17:38:58: PM2 log: App [myNextApp:8] online
2023-07-13T17:47:53: PM2 log: Stopping app:myNextApp id:0
2023-07-13T17:47:53: PM2 log: Stopping app:myNextApp id:1
2023-07-13T17:47:53: PM2 log: App name:myNextApp id:1 disconnected
2023-07-13T17:47:53: PM2 log: App [myNextApp:1] exited with code [0] via signal [SIGINT]
2023-07-13T17:47:53: PM2 log: App name:myNextApp id:0 disconnected
2023-07-13T17:47:53: PM2 log: App [myNextApp:0] exited with code [0] via signal [SIGINT]
2023-07-13T17:47:53: PM2 log: pid=6300 msg=process killed
2023-07-13T17:47:53: PM2 log: App [myNextApp:0] starting in -cluster mode-
2023-07-13T17:47:53: PM2 log: pid=6291 msg=process killed
2023-07-13T17:47:53: PM2 log: App [myNextApp:1] starting in -cluster mode-
2023-07-13T17:47:54: PM2 log: App [myNextApp:0] online
2023-07-13T17:47:54: PM2 log: App [myNextApp:1] online
2023-07-13T17:47:54: PM2 log: Stopping app:myNextApp id:2
2023-07-13T17:47:54: PM2 log: Stopping app:myNextApp id:3
2023-07-13T17:47:54: PM2 log: App name:myNextApp id:3 disconnected
2023-07-13T17:47:54: PM2 log: App [myNextApp:3] exited with code [0] via signal [SIGINT]
2023-07-13T17:47:54: PM2 log: pid=6318 msg=failed to kill - retrying in 100ms
2023-07-13T17:47:54: PM2 log: pid=6326 msg=process killed
2023-07-13T17:47:54: PM2 log: App [myNextApp:3] starting in -cluster mode-
2023-07-13T17:47:54: PM2 log: pid=6318 msg=failed to kill - retrying in 100ms
2023-07-13T17:47:54: PM2 log: App [myNextApp:3] online
2023-07-13T17:47:54: PM2 log: Stopping app:myNextApp id:4
2023-07-13T17:47:54: PM2 log: pid=6318 msg=failed to kill - retrying in 100ms
2023-07-13T17:47:54: PM2 log: App name:myNextApp id:4 disconnected
2023-07-13T17:47:54: PM2 log: App [myNextApp:4] exited with code [0] via signal [SIGINT]
2023-07-13T17:47:54: PM2 log: pid=6361 msg=process killed
2023-07-13T17:47:54: PM2 log: App [myNextApp:4] starting in -cluster mode-
2023-07-13T17:47:54: PM2 log: pid=6318 msg=failed to kill - retrying in 100ms
2023-07-13T17:47:54: PM2 log: App name:myNextApp id:2 disconnected
2023-07-13T17:47:54: PM2 log: App [myNextApp:2] exited with code [0] via signal [SIGINT]
2023-07-13T17:47:54: PM2 log: App [myNextApp:4] online
2023-07-13T17:47:54: PM2 log: Stopping app:myNextApp id:5
2023-07-13T17:47:54: PM2 log: pid=6318 msg=process killed
2023-07-13T17:47:54: PM2 log: App [myNextApp:2] starting in -cluster mode-
2023-07-13T17:47:54: PM2 log: App [myNextApp:2] online
2023-07-13T17:47:54: PM2 log: Stopping app:myNextApp id:6
2023-07-13T17:47:54: PM2 log: pid=6367 msg=failed to kill - retrying in 100ms
2023-07-13T17:47:54: PM2 log: App name:myNextApp id:6 disconnected
2023-07-13T17:47:54: PM2 log: App [myNextApp:6] exited with code [0] via signal [SIGINT]
2023-07-13T17:47:54: PM2 log: pid=6401 msg=process killed
2023-07-13T17:47:54: PM2 log: App [myNextApp:6] starting in -cluster mode-
2023-07-13T17:47:54: PM2 log: pid=6367 msg=failed to kill - retrying in 100ms
2023-07-13T17:47:55: PM2 log: App [myNextApp:6] online
2023-07-13T17:47:55: PM2 log: Stopping app:myNextApp id:7
2023-07-13T17:47:55: PM2 log: pid=6367 msg=failed to kill - retrying in 100ms
2023-07-13T17:47:55: PM2 log: App name:myNextApp id:5 disconnected
2023-07-13T17:47:55: PM2 log: App [myNextApp:5] exited with code [0] via signal [SIGINT]
2023-07-13T17:47:55: PM2 log: App name:myNextApp id:7 disconnected
2023-07-13T17:47:55: PM2 log: App [myNextApp:7] exited with code [0] via signal [SIGINT]
2023-07-13T17:47:55: PM2 log: pid=6367 msg=process killed
2023-07-13T17:47:55: PM2 log: App [myNextApp:5] starting in -cluster mode-
2023-07-13T17:47:55: PM2 log: pid=6417 msg=process killed
2023-07-13T17:47:55: PM2 log: App [myNextApp:7] starting in -cluster mode-
2023-07-13T17:47:55: PM2 log: App [myNextApp:5] online
2023-07-13T17:47:55: PM2 log: Stopping app:myNextApp id:8
2023-07-13T17:47:55: PM2 log: App [myNextApp:7] online
2023-07-13T17:47:55: PM2 log: Stopping app:myNextApp id:9
2023-07-13T17:47:55: PM2 log: App name:myNextApp id:8 disconnected
2023-07-13T17:47:55: PM2 log: App [myNextApp:8] exited with code [0] via signal [SIGINT]
2023-07-13T17:47:55: PM2 log: pid=6459 msg=process killed
2023-07-13T17:47:55: PM2 log: App [myNextApp:8] starting in -cluster mode-
2023-07-13T17:47:55: PM2 log: App name:myNextApp id:9 disconnected
2023-07-13T17:47:55: PM2 log: App [myNextApp:9] exited with code [0] via signal [SIGINT]
2023-07-13T17:47:55: PM2 log: pid=6437 msg=process killed
2023-07-13T17:47:55: PM2 log: App [myNextApp:9] starting in -cluster mode-
2023-07-13T17:47:55: PM2 log: App [myNextApp:8] online
2023-07-13T17:47:55: PM2 log: App [myNextApp:9] online
2023-07-14T11:05:41: PM2 log: [PM2] This PM2 is not UP TO DATE
2023-07-14T11:05:41: PM2 log: [PM2] Upgrade to version 5.3.0
2023-07-14T14:07:14: PM2 log: Stopping app:myNextApp id:0
2023-07-14T14:07:15: PM2 log: Stopping app:myNextApp id:1
2023-07-14T14:07:15: PM2 log: pid=8022 msg=failed to kill - retrying in 100ms
2023-07-14T14:07:15: PM2 log: pid=8028 msg=failed to kill - retrying in 100ms
2023-07-14T14:07:15: PM2 log: pid=8022 msg=failed to kill - retrying in 100ms
2023-07-14T14:07:15: PM2 log: pid=8028 msg=failed to kill - retrying in 100ms
2023-07-14T14:07:15: PM2 log: pid=8022 msg=failed to kill - retrying in 100ms
2023-07-14T14:07:15: PM2 log: pid=8028 msg=failed to kill - retrying in 100ms
2023-07-14T14:07:15: PM2 log: pid=8022 msg=failed to kill - retrying in 100ms
2023-07-14T14:07:15: PM2 log: pid=8028 msg=failed to kill - retrying in 100ms
2023-07-14T14:07:15: PM2 log: pid=8022 msg=failed to kill - retrying in 100ms
2023-07-14T14:07:15: PM2 log: pid=8028 msg=failed to kill - retrying in 100ms
2023-07-14T14:07:15: PM2 log: pid=8022 msg=failed to kill - retrying in 100ms
2023-07-14T14:07:15: PM2 log: pid=8028 msg=failed to kill - retrying in 100ms
2023-07-14T14:07:15: PM2 log: pid=8022 msg=failed to kill - retrying in 100ms
2023-07-14T14:07:15: PM2 log: pid=8028 msg=failed to kill - retrying in 100ms
2023-07-14T14:07:15: PM2 log: pid=8022 msg=failed to kill - retrying in 100ms
2023-07-14T14:07:15: PM2 log: pid=8028 msg=failed to kill - retrying in 100ms
2023-07-14T14:07:15: PM2 log: App [myNextApp:0] exited with code [0] via signal [SIGINT]
2023-07-14T14:07:15: PM2 log: App [myNextApp:1] exited with code [0] via signal [SIGINT]
2023-07-14T14:07:15: PM2 log: pid=8022 msg=process killed
2023-07-14T14:07:15: PM2 log: App [myNextApp:0] starting in -cluster mode-
2023-07-14T14:07:16: PM2 log: pid=8028 msg=process killed
2023-07-14T14:07:16: PM2 log: App [myNextApp:1] starting in -cluster mode-
2023-07-14T14:07:16: PM2 log: App [myNextApp:0] online
2023-07-14T14:07:16: PM2 log: App [myNextApp:1] online
2023-07-14T14:07:16: PM2 log: Stopping app:myNextApp id:2
2023-07-14T14:07:16: PM2 log: Stopping app:myNextApp id:3
2023-07-14T14:07:16: PM2 log: pid=8078 msg=failed to kill - retrying in 100ms
2023-07-14T14:07:16: PM2 log: pid=8050 msg=failed to kill - retrying in 100ms
2023-07-14T14:07:16: PM2 log: pid=8078 msg=failed to kill - retrying in 100ms
2023-07-14T14:07:16: PM2 log: pid=8050 msg=failed to kill - retrying in 100ms
2023-07-14T14:07:16: PM2 log: pid=8078 msg=failed to kill - retrying in 100ms
2023-07-14T14:07:16: PM2 log: pid=8050 msg=failed to kill - retrying in 100ms
2023-07-14T14:07:16: PM2 log: pid=8078 msg=failed to kill - retrying in 100ms
2023-07-14T14:07:16: PM2 log: pid=8050 msg=failed to kill - retrying in 100ms
2023-07-14T14:07:16: PM2 log: pid=8078 msg=failed to kill - retrying in 100ms
2023-07-14T14:07:16: PM2 log: pid=8050 msg=failed to kill - retrying in 100ms
2023-07-14T14:07:16: PM2 log: pid=8078 msg=failed to kill - retrying in 100ms
2023-07-14T14:07:16: PM2 log: pid=8050 msg=failed to kill - retrying in 100ms
2023-07-14T14:07:17: PM2 log: App name:myNextApp id:2 disconnected
2023-07-14T14:07:17: PM2 log: pid=8078 msg=failed to kill - retrying in 100ms
2023-07-14T14:07:17: PM2 log: pid=8050 msg=failed to kill - retrying in 100ms
2023-07-14T14:07:17: PM2 log: App [myNextApp:2] exited with code [0] via signal [SIGINT]
2023-07-14T14:07:17: PM2 log: pid=8078 msg=process killed
2023-07-14T14:07:17: PM2 log: App [myNextApp:2] starting in -cluster mode-
2023-07-14T14:07:17: PM2 log: pid=8050 msg=failed to kill - retrying in 100ms
2023-07-14T14:07:17: PM2 log: App [myNextApp:2] online
2023-07-14T14:07:17: PM2 log: Stopping app:myNextApp id:4
2023-07-14T14:07:17: PM2 log: pid=8050 msg=failed to kill - retrying in 100ms
2023-07-14T14:07:17: PM2 log: pid=8050 msg=failed to kill - retrying in 100ms
2023-07-14T14:07:17: PM2 log: App name:myNextApp id:3 disconnected
2023-07-14T14:07:17: PM2 log: App [myNextApp:3] exited with code [0] via signal [SIGINT]
2023-07-14T14:07:17: PM2 log: pid=8050 msg=process killed
2023-07-14T14:07:17: PM2 log: App [myNextApp:3] starting in -cluster mode-
2023-07-14T14:07:17: PM2 log: pid=8070 msg=failed to kill - retrying in 100ms
2023-07-14T14:07:17: PM2 log: App [myNextApp:3] online
2023-07-14T14:07:17: PM2 log: pid=8070 msg=failed to kill - retrying in 100ms
2023-07-14T14:07:17: PM2 log: Stopping app:myNextApp id:5
2023-07-14T14:07:17: PM2 log: pid=8070 msg=failed to kill - retrying in 100ms
2023-07-14T14:07:17: PM2 log: pid=8120 msg=failed to kill - retrying in 100ms
2023-07-14T14:07:17: PM2 log: pid=8070 msg=failed to kill - retrying in 100ms
2023-07-14T14:07:17: PM2 log: pid=8120 msg=failed to kill - retrying in 100ms
2023-07-14T14:07:18: PM2 log: pid=8070 msg=failed to kill - retrying in 100ms
2023-07-14T14:07:18: PM2 log: pid=8120 msg=failed to kill - retrying in 100ms
2023-07-14T14:07:18: PM2 log: pid=8070 msg=failed to kill - retrying in 100ms
2023-07-14T14:07:18: PM2 log: pid=8120 msg=failed to kill - retrying in 100ms
2023-07-14T14:07:18: PM2 log: pid=8070 msg=failed to kill - retrying in 100ms
2023-07-14T14:07:18: PM2 log: pid=8120 msg=failed to kill - retrying in 100ms
2023-07-14T14:07:18: PM2 log: pid=8070 msg=failed to kill - retrying in 100ms
2023-07-14T14:07:18: PM2 log: App name:myNextApp id:4 disconnected
2023-07-14T14:07:18: PM2 log: App [myNextApp:4] exited with code [0] via signal [SIGINT]
2023-07-14T14:07:18: PM2 log: pid=8120 msg=failed to kill - retrying in 100ms
2023-07-14T14:07:18: PM2 log: pid=8070 msg=process killed
2023-07-14T14:07:18: PM2 log: App [myNextApp:4] starting in -cluster mode-
2023-07-14T14:07:18: PM2 log: pid=8120 msg=failed to kill - retrying in 100ms
2023-07-14T14:07:18: PM2 log: App name:myNextApp id:5 disconnected
2023-07-14T14:07:18: PM2 log: App [myNextApp:5] exited with code [0] via signal [SIGINT]
2023-07-14T14:07:18: PM2 log: App [myNextApp:4] online
2023-07-14T14:07:18: PM2 log: Stopping app:myNextApp id:6
2023-07-14T14:07:18: PM2 log: pid=8120 msg=process killed
2023-07-14T14:07:18: PM2 log: App [myNextApp:5] starting in -cluster mode-
2023-07-14T14:07:18: PM2 log: App [myNextApp:5] online
2023-07-14T14:07:18: PM2 log: Stopping app:myNextApp id:7
2023-07-14T14:07:18: PM2 log: pid=8102 msg=failed to kill - retrying in 100ms
2023-07-14T14:07:18: PM2 log: pid=8102 msg=failed to kill - retrying in 100ms
2023-07-14T14:07:18: PM2 log: pid=8132 msg=failed to kill - retrying in 100ms
2023-07-14T14:07:19: PM2 log: pid=8102 msg=failed to kill - retrying in 100ms
2023-07-14T14:07:19: PM2 log: pid=8132 msg=failed to kill - retrying in 100ms
2023-07-14T14:07:19: PM2 log: pid=8102 msg=failed to kill - retrying in 100ms
2023-07-14T14:07:19: PM2 log: pid=8132 msg=failed to kill - retrying in 100ms
2023-07-14T14:07:19: PM2 log: App name:myNextApp id:7 disconnected
2023-07-14T14:07:19: PM2 log: App [myNextApp:7] exited with code [0] via signal [SIGINT]
2023-07-14T14:07:19: PM2 log: App [myNextApp:6] exited with code [0] via signal [SIGINT]
2023-07-14T14:07:19: PM2 log: pid=8102 msg=process killed
2023-07-14T14:07:19: PM2 log: App [myNextApp:6] starting in -cluster mode-
2023-07-14T14:07:19: PM2 log: pid=8132 msg=process killed
2023-07-14T14:07:19: PM2 log: App [myNextApp:7] starting in -cluster mode-
2023-07-14T14:07:19: PM2 log: App [myNextApp:7] online
2023-07-14T14:07:19: PM2 log: Stopping app:myNextApp id:8
2023-07-14T14:07:19: PM2 log: App [myNextApp:6] online
2023-07-14T14:07:19: PM2 log: Stopping app:myNextApp id:9
2023-07-14T14:07:19: PM2 log: pid=8152 msg=failed to kill - retrying in 100ms
2023-07-14T14:07:19: PM2 log: pid=8158 msg=failed to kill - retrying in 100ms
2023-07-14T14:07:20: PM2 log: pid=8152 msg=failed to kill - retrying in 100ms
2023-07-14T14:07:20: PM2 log: pid=8158 msg=failed to kill - retrying in 100ms
2023-07-14T14:07:20: PM2 log: pid=8152 msg=failed to kill - retrying in 100ms
2023-07-14T14:07:20: PM2 log: pid=8158 msg=failed to kill - retrying in 100ms
2023-07-14T14:07:20: PM2 log: pid=8152 msg=failed to kill - retrying in 100ms
2023-07-14T14:07:20: PM2 log: pid=8158 msg=failed to kill - retrying in 100ms
2023-07-14T14:07:20: PM2 log: pid=8152 msg=failed to kill - retrying in 100ms
2023-07-14T14:07:20: PM2 log: pid=8158 msg=failed to kill - retrying in 100ms
2023-07-14T14:07:20: PM2 log: pid=8152 msg=failed to kill - retrying in 100ms
2023-07-14T14:07:20: PM2 log: pid=8158 msg=failed to kill - retrying in 100ms
2023-07-14T14:07:20: PM2 log: pid=8152 msg=failed to kill - retrying in 100ms
2023-07-14T14:07:20: PM2 log: pid=8158 msg=failed to kill - retrying in 100ms
2023-07-14T14:07:20: PM2 log: pid=8152 msg=failed to kill - retrying in 100ms
2023-07-14T14:07:20: PM2 log: pid=8158 msg=failed to kill - retrying in 100ms
2023-07-14T14:07:20: PM2 log: pid=8152 msg=failed to kill - retrying in 100ms
2023-07-14T14:07:20: PM2 log: pid=8158 msg=failed to kill - retrying in 100ms
2023-07-14T14:07:21: PM2 log: pid=8152 msg=failed to kill - retrying in 100ms
2023-07-14T14:07:21: PM2 log: pid=8158 msg=failed to kill - retrying in 100ms
2023-07-14T14:07:21: PM2 log: App [myNextApp:8] exited with code [0] via signal [SIGINT]
2023-07-14T14:07:21: PM2 log: App [myNextApp:9] exited with code [0] via signal [SIGINT]
2023-07-14T14:07:21: PM2 log: pid=8152 msg=process killed
2023-07-14T14:07:21: PM2 log: App [myNextApp:8] starting in -cluster mode-
2023-07-14T14:07:21: PM2 log: pid=8158 msg=process killed
2023-07-14T14:07:21: PM2 log: App [myNextApp:9] starting in -cluster mode-
2023-07-14T14:07:21: PM2 log: App [myNextApp:8] online
2023-07-14T14:07:21: PM2 log: App [myNextApp:9] online
2023-07-14T17:09:20: PM2 log: Stopping app:myNextApp id:0
2023-07-14T17:09:20: PM2 log: Stopping app:myNextApp id:1
2023-07-14T17:09:20: PM2 log: pid=27071 msg=failed to kill - retrying in 100ms
2023-07-14T17:09:20: PM2 log: pid=27073 msg=failed to kill - retrying in 100ms
2023-07-14T17:09:20: PM2 log: pid=27071 msg=failed to kill - retrying in 100ms
2023-07-14T17:09:20: PM2 log: pid=27073 msg=failed to kill - retrying in 100ms
2023-07-14T17:09:20: PM2 log: pid=27071 msg=failed to kill - retrying in 100ms
2023-07-14T17:09:20: PM2 log: pid=27073 msg=failed to kill - retrying in 100ms
2023-07-14T17:09:20: PM2 log: App name:myNextApp id:1 disconnected
2023-07-14T17:09:20: PM2 log: App [myNextApp:1] exited with code [0] via signal [SIGINT]
2023-07-14T17:09:20: PM2 log: App name:myNextApp id:0 disconnected
2023-07-14T17:09:20: PM2 log: App [myNextApp:0] exited with code [0] via signal [SIGINT]
2023-07-14T17:09:20: PM2 log: pid=27071 msg=process killed
2023-07-14T17:09:20: PM2 log: App [myNextApp:0] starting in -cluster mode-
2023-07-14T17:09:20: PM2 log: pid=27073 msg=process killed
2023-07-14T17:09:20: PM2 log: App [myNextApp:1] starting in -cluster mode-
2023-07-14T17:09:20: PM2 log: App [myNextApp:0] online
2023-07-14T17:09:20: PM2 log: Stopping app:myNextApp id:2
2023-07-14T17:09:20: PM2 log: App [myNextApp:1] online
2023-07-14T17:09:20: PM2 log: Stopping app:myNextApp id:3
2023-07-14T17:09:20: PM2 log: pid=27096 msg=failed to kill - retrying in 100ms
2023-07-14T17:09:21: PM2 log: pid=27108 msg=failed to kill - retrying in 100ms
2023-07-14T17:09:21: PM2 log: pid=27096 msg=failed to kill - retrying in 100ms
2023-07-14T17:09:21: PM2 log: pid=27108 msg=failed to kill - retrying in 100ms
2023-07-14T17:09:21: PM2 log: pid=27096 msg=failed to kill - retrying in 100ms
2023-07-14T17:09:21: PM2 log: pid=27108 msg=failed to kill - retrying in 100ms
2023-07-14T17:09:21: PM2 log: pid=27096 msg=failed to kill - retrying in 100ms
2023-07-14T17:09:21: PM2 log: pid=27108 msg=failed to kill - retrying in 100ms
2023-07-14T17:09:21: PM2 log: pid=27096 msg=failed to kill - retrying in 100ms
2023-07-14T17:09:21: PM2 log: pid=27108 msg=failed to kill - retrying in 100ms
2023-07-14T17:09:21: PM2 log: pid=27096 msg=failed to kill - retrying in 100ms
2023-07-14T17:09:21: PM2 log: pid=27108 msg=failed to kill - retrying in 100ms
2023-07-14T17:09:21: PM2 log: pid=27096 msg=failed to kill - retrying in 100ms
2023-07-14T17:09:21: PM2 log: pid=27108 msg=failed to kill - retrying in 100ms
2023-07-14T17:09:21: PM2 log: App name:myNextApp id:3 disconnected
2023-07-14T17:09:21: PM2 log: App [myNextApp:3] exited with code [0] via signal [SIGINT]
2023-07-14T17:09:21: PM2 log: App name:myNextApp id:2 disconnected
2023-07-14T17:09:21: PM2 log: App [myNextApp:2] exited with code [0] via signal [SIGINT]
2023-07-14T17:09:21: PM2 log: pid=27096 msg=process killed
2023-07-14T17:09:21: PM2 log: App [myNextApp:2] starting in -cluster mode-
2023-07-14T17:09:21: PM2 log: pid=27108 msg=process killed
2023-07-14T17:09:21: PM2 log: App [myNextApp:3] starting in -cluster mode-
2023-07-14T17:09:21: PM2 log: App [myNextApp:2] online
2023-07-14T17:09:21: PM2 log: Stopping app:myNextApp id:4
2023-07-14T17:09:21: PM2 log: App [myNextApp:3] online
2023-07-14T17:09:21: PM2 log: Stopping app:myNextApp id:5
2023-07-14T17:09:22: PM2 log: pid=27136 msg=failed to kill - retrying in 100ms
2023-07-14T17:09:22: PM2 log: pid=27144 msg=failed to kill - retrying in 100ms
2023-07-14T17:09:22: PM2 log: pid=27136 msg=failed to kill - retrying in 100ms
2023-07-14T17:09:22: PM2 log: pid=27144 msg=failed to kill - retrying in 100ms
2023-07-14T17:09:22: PM2 log: pid=27136 msg=failed to kill - retrying in 100ms
2023-07-14T17:09:22: PM2 log: pid=27144 msg=failed to kill - retrying in 100ms
2023-07-14T17:09:22: PM2 log: pid=27136 msg=failed to kill - retrying in 100ms
2023-07-14T17:09:22: PM2 log: pid=27144 msg=failed to kill - retrying in 100ms
2023-07-14T17:09:22: PM2 log: pid=27136 msg=failed to kill - retrying in 100ms
2023-07-14T17:09:22: PM2 log: pid=27144 msg=failed to kill - retrying in 100ms
2023-07-14T17:09:22: PM2 log: pid=27136 msg=failed to kill - retrying in 100ms
2023-07-14T17:09:22: PM2 log: pid=27144 msg=failed to kill - retrying in 100ms
2023-07-14T17:09:22: PM2 log: pid=27136 msg=failed to kill - retrying in 100ms
2023-07-14T17:09:22: PM2 log: pid=27144 msg=failed to kill - retrying in 100ms
2023-07-14T17:09:22: PM2 log: pid=27136 msg=failed to kill - retrying in 100ms
2023-07-14T17:09:22: PM2 log: pid=27144 msg=failed to kill - retrying in 100ms
2023-07-14T17:09:22: PM2 log: pid=27136 msg=failed to kill - retrying in 100ms
2023-07-14T17:09:22: PM2 log: pid=27144 msg=failed to kill - retrying in 100ms
2023-07-14T17:09:22: PM2 log: App name:myNextApp id:4 disconnected
2023-07-14T17:09:22: PM2 log: App [myNextApp:4] exited with code [0] via signal [SIGINT]
2023-07-14T17:09:22: PM2 log: App [myNextApp:5] exited with code [0] via signal [SIGINT]
2023-07-14T17:09:22: PM2 log: App name:myNextApp id:5 disconnected
2023-07-14T17:09:22: PM2 log: pid=27136 msg=process killed
2023-07-14T17:09:22: PM2 log: App [myNextApp:4] starting in -cluster mode-
2023-07-14T17:09:22: PM2 log: pid=27144 msg=process killed
2023-07-14T17:09:22: PM2 log: App [myNextApp:5] starting in -cluster mode-
2023-07-14T17:09:23: PM2 log: App [myNextApp:5] online
2023-07-14T17:09:23: PM2 log: Stopping app:myNextApp id:6
2023-07-14T17:09:23: PM2 log: App [myNextApp:4] online
2023-07-14T17:09:23: PM2 log: Stopping app:myNextApp id:7
2023-07-14T17:09:23: PM2 log: pid=27168 msg=failed to kill - retrying in 100ms
2023-07-14T17:09:23: PM2 log: pid=27174 msg=failed to kill - retrying in 100ms
2023-07-14T17:09:23: PM2 log: App name:myNextApp id:6 disconnected
2023-07-14T17:09:23: PM2 log: pid=27168 msg=failed to kill - retrying in 100ms
2023-07-14T17:09:23: PM2 log: App [myNextApp:6] exited with code [0] via signal [SIGINT]
2023-07-14T17:09:23: PM2 log: pid=27174 msg=failed to kill - retrying in 100ms
2023-07-14T17:09:23: PM2 log: App name:myNextApp id:7 disconnected
2023-07-14T17:09:23: PM2 log: App [myNextApp:7] exited with code [0] via signal [SIGINT]
2023-07-14T17:09:23: PM2 log: pid=27168 msg=process killed
2023-07-14T17:09:23: PM2 log: App [myNextApp:6] starting in -cluster mode-
2023-07-14T17:09:23: PM2 log: pid=27174 msg=process killed
2023-07-14T17:09:23: PM2 log: App [myNextApp:7] starting in -cluster mode-
2023-07-14T17:09:23: PM2 log: App [myNextApp:6] online
2023-07-14T17:09:23: PM2 log: Stopping app:myNextApp id:8
2023-07-14T17:09:23: PM2 log: App [myNextApp:7] online
2023-07-14T17:09:23: PM2 log: Stopping app:myNextApp id:9
2023-07-14T17:09:23: PM2 log: pid=27200 msg=failed to kill - retrying in 100ms
2023-07-14T17:09:23: PM2 log: pid=27207 msg=failed to kill - retrying in 100ms
2023-07-14T17:09:23: PM2 log: pid=27200 msg=failed to kill - retrying in 100ms
2023-07-14T17:09:23: PM2 log: pid=27207 msg=failed to kill - retrying in 100ms
2023-07-14T17:09:23: PM2 log: pid=27200 msg=failed to kill - retrying in 100ms
2023-07-14T17:09:23: PM2 log: pid=27207 msg=failed to kill - retrying in 100ms
2023-07-14T17:09:24: PM2 log: pid=27200 msg=failed to kill - retrying in 100ms
2023-07-14T17:09:24: PM2 log: pid=27207 msg=failed to kill - retrying in 100ms
2023-07-14T17:09:24: PM2 log: pid=27200 msg=failed to kill - retrying in 100ms
2023-07-14T17:09:24: PM2 log: pid=27207 msg=failed to kill - retrying in 100ms
2023-07-14T17:09:24: PM2 log: pid=27200 msg=failed to kill - retrying in 100ms
2023-07-14T17:09:24: PM2 log: pid=27207 msg=failed to kill - retrying in 100ms
2023-07-14T17:09:24: PM2 log: pid=27200 msg=failed to kill - retrying in 100ms
2023-07-14T17:09:24: PM2 log: pid=27207 msg=failed to kill - retrying in 100ms
2023-07-14T17:09:24: PM2 log: App name:myNextApp id:8 disconnected
2023-07-14T17:09:24: PM2 log: App [myNextApp:8] exited with code [0] via signal [SIGINT]
2023-07-14T17:09:24: PM2 log: App [myNextApp:9] exited with code [0] via signal [SIGINT]
2023-07-14T17:09:24: PM2 log: pid=27200 msg=process killed
2023-07-14T17:09:24: PM2 log: App [myNextApp:8] starting in -cluster mode-
2023-07-14T17:09:24: PM2 log: pid=27207 msg=process killed
2023-07-14T17:09:24: PM2 log: App [myNextApp:9] starting in -cluster mode-
2023-07-14T17:09:24: PM2 log: App [myNextApp:8] online
2023-07-14T17:09:24: PM2 log: App [myNextApp:9] online
2023-07-14T17:09:31: PM2 log: App [myNextApp:1] exited with code [1] via signal [SIGINT]
2023-07-14T17:09:31: PM2 log: App [myNextApp:9] exited with code [1] via signal [SIGINT]
2023-07-14T17:09:31: PM2 log: App [myNextApp:5] exited with code [1] via signal [SIGINT]
2023-07-14T17:09:31: PM2 log: App [myNextApp:1] starting in -cluster mode-
2023-07-14T17:09:31: PM2 log: App [myNextApp:9] starting in -cluster mode-
2023-07-14T17:09:31: PM2 log: App [myNextApp:0] exited with code [1] via signal [SIGINT]
2023-07-14T17:09:31: PM2 log: App [myNextApp:2] exited with code [1] via signal [SIGINT]
2023-07-14T17:09:31: PM2 log: App [myNextApp:3] exited with code [1] via signal [SIGINT]
2023-07-14T17:09:31: PM2 log: App [myNextApp:4] exited with code [1] via signal [SIGINT]
2023-07-14T17:09:31: PM2 log: App [myNextApp:6] exited with code [1] via signal [SIGINT]
2023-07-14T17:09:31: PM2 log: App [myNextApp:7] exited with code [1] via signal [SIGINT]
2023-07-14T17:09:31: PM2 log: App [myNextApp:8] exited with code [1] via signal [SIGINT]
2023-07-14T17:09:31: PM2 log: App [myNextApp:5] starting in -cluster mode-
2023-07-14T17:09:31: PM2 log: App [myNextApp:0] starting in -cluster mode-
2023-07-14T17:09:31: PM2 log: App [myNextApp:2] starting in -cluster mode-
2023-07-14T17:09:31: PM2 log: App [myNextApp:3] starting in -cluster mode-
2023-07-14T17:09:31: PM2 log: App [myNextApp:4] starting in -cluster mode-
2023-07-14T17:09:31: PM2 log: App [myNextApp:6] starting in -cluster mode-
2023-07-14T17:09:31: PM2 log: App [myNextApp:7] starting in -cluster mode-
2023-07-14T17:09:31: PM2 log: App [myNextApp:1] online
2023-07-14T17:09:31: PM2 log: App [myNextApp:9] online
2023-07-14T17:09:31: PM2 log: App [myNextApp:5] online
2023-07-14T17:09:31: PM2 log: App [myNextApp:8] starting in -cluster mode-
2023-07-14T17:09:31: PM2 log: App [myNextApp:0] online
2023-07-14T17:09:31: PM2 log: App [myNextApp:2] online
2023-07-14T17:09:31: PM2 log: App [myNextApp:3] online
2023-07-14T17:09:31: PM2 log: App [myNextApp:4] online
2023-07-14T17:09:31: PM2 log: App [myNextApp:6] online
2023-07-14T17:09:31: PM2 log: App [myNextApp:7] online
2023-07-14T17:09:31: PM2 log: App [myNextApp:8] online
2023-07-14T17:09:34: PM2 log: App [myNextApp:1] exited with code [1] via signal [SIGINT]
2023-07-14T17:09:34: PM2 log: App [myNextApp:1] starting in -cluster mode-
2023-07-14T17:09:34: PM2 log: App [myNextApp:9] exited with code [1] via signal [SIGINT]
2023-07-14T17:09:34: PM2 log: App [myNextApp:0] exited with code [1] via signal [SIGINT]
2023-07-14T17:09:34: PM2 log: App [myNextApp:9] starting in -cluster mode-
2023-07-14T17:09:34: PM2 log: App [myNextApp:0] starting in -cluster mode-
2023-07-14T17:09:34: PM2 log: App [myNextApp:1] online
2023-07-14T17:09:34: PM2 log: App [myNextApp:7] exited with code [1] via signal [SIGINT]
2023-07-14T17:09:34: PM2 log: App [myNextApp:7] starting in -cluster mode-
2023-07-14T17:09:34: PM2 log: App [myNextApp:9] online
2023-07-14T17:09:34: PM2 log: App [myNextApp:5] exited with code [1] via signal [SIGINT]
2023-07-14T17:09:34: PM2 log: App [myNextApp:0] online
2023-07-14T17:09:34: PM2 log: App [myNextApp:5] starting in -cluster mode-
2023-07-14T17:09:34: PM2 log: App [myNextApp:3] exited with code [1] via signal [SIGINT]
2023-07-14T17:09:34: PM2 log: App [myNextApp:3] starting in -cluster mode-
2023-07-14T17:09:34: PM2 log: App [myNextApp:2] exited with code [1] via signal [SIGINT]
2023-07-14T17:09:34: PM2 log: App [myNextApp:2] starting in -cluster mode-
2023-07-14T17:09:34: PM2 log: App [myNextApp:7] online
2023-07-14T17:09:34: PM2 log: App [myNextApp:4] exited with code [1] via signal [SIGINT]
2023-07-14T17:09:34: PM2 log: App [myNextApp:6] exited with code [1] via signal [SIGINT]
2023-07-14T17:09:34: PM2 log: App [myNextApp:4] starting in -cluster mode-
2023-07-14T17:09:34: PM2 log: App [myNextApp:3] online
2023-07-14T17:09:34: PM2 log: App [myNextApp:5] online
2023-07-14T17:09:34: PM2 log: App [myNextApp:6] starting in -cluster mode-
2023-07-14T17:09:34: PM2 log: App [myNextApp:2] online
2023-07-14T17:09:34: PM2 log: App [myNextApp:4] online
2023-07-14T17:09:34: PM2 log: App [myNextApp:6] online
2023-07-14T17:09:35: PM2 log: App [myNextApp:8] exited with code [1] via signal [SIGINT]
2023-07-14T17:09:35: PM2 log: App [myNextApp:8] starting in -cluster mode-
2023-07-14T17:09:35: PM2 log: App [myNextApp:8] online
2023-07-14T17:09:37: PM2 log: App [myNextApp:1] exited with code [1] via signal [SIGINT]
2023-07-14T17:09:37: PM2 log: App [myNextApp:1] starting in -cluster mode-
2023-07-14T17:09:37: PM2 log: App [myNextApp:9] exited with code [1] via signal [SIGINT]
2023-07-14T17:09:37: PM2 log: App [myNextApp:9] starting in -cluster mode-
2023-07-14T17:09:37: PM2 log: App [myNextApp:1] online
2023-07-14T17:09:37: PM2 log: App [myNextApp:3] exited with code [1] via signal [SIGINT]
2023-07-14T17:09:37: PM2 log: App [myNextApp:3] starting in -cluster mode-
2023-07-14T17:09:37: PM2 log: App [myNextApp:9] online
2023-07-14T17:09:37: PM2 log: App [myNextApp:7] exited with code [1] via signal [SIGINT]
2023-07-14T17:09:37: PM2 log: App [myNextApp:7] starting in -cluster mode-
2023-07-14T17:09:37: PM2 log: App [myNextApp:0] exited with code [1] via signal [SIGINT]
2023-07-14T17:09:37: PM2 log: App [myNextApp:0] starting in -cluster mode-
2023-07-14T17:09:37: PM2 log: App [myNextApp:3] online
2023-07-14T17:09:37: PM2 log: App [myNextApp:6] exited with code [1] via signal [SIGINT]
2023-07-14T17:09:37: PM2 log: App [myNextApp:6] starting in -cluster mode-
2023-07-14T17:09:37: PM2 log: App [myNextApp:5] exited with code [1] via signal [SIGINT]
2023-07-14T17:09:37: PM2 log: App [myNextApp:5] starting in -cluster mode-
2023-07-14T17:09:37: PM2 log: App [myNextApp:7] online
2023-07-14T17:09:37: PM2 log: App [myNextApp:0] online
2023-07-14T17:09:37: PM2 log: App [myNextApp:4] exited with code [1] via signal [SIGINT]
2023-07-14T17:09:37: PM2 log: App [myNextApp:4] starting in -cluster mode-
2023-07-14T17:09:37: PM2 log: App [myNextApp:6] online
2023-07-14T17:09:37: PM2 log: App [myNextApp:5] online
2023-07-14T17:09:37: PM2 log: App [myNextApp:2] exited with code [1] via signal [SIGINT]
2023-07-14T17:09:37: PM2 log: App [myNextApp:2] starting in -cluster mode-
2023-07-14T17:09:37: PM2 log: App [myNextApp:4] online
2023-07-14T17:09:37: PM2 log: App [myNextApp:2] online
2023-07-14T17:09:38: PM2 log: App [myNextApp:8] exited with code [1] via signal [SIGINT]
2023-07-14T17:09:38: PM2 log: App [myNextApp:8] starting in -cluster mode-
2023-07-14T17:09:38: PM2 log: App [myNextApp:8] online
2023-07-14T17:09:40: PM2 log: App [myNextApp:1] exited with code [1] via signal [SIGINT]
2023-07-14T17:09:40: PM2 log: App [myNextApp:1] starting in -cluster mode-
2023-07-14T17:09:40: PM2 log: App [myNextApp:3] exited with code [1] via signal [SIGINT]
2023-07-14T17:09:40: PM2 log: App [myNextApp:3] starting in -cluster mode-
2023-07-14T17:09:40: PM2 log: App [myNextApp:1] online
2023-07-14T17:09:40: PM2 log: App [myNextApp:3] online
2023-07-14T17:09:40: PM2 log: App [myNextApp:9] exited with code [1] via signal [SIGINT]
2023-07-14T17:09:40: PM2 log: App [myNextApp:2] exited with code [1] via signal [SIGINT]
2023-07-14T17:09:40: PM2 log: App [myNextApp:9] starting in -cluster mode-
2023-07-14T17:09:40: PM2 log: App [myNextApp:2] starting in -cluster mode-
2023-07-14T17:09:40: PM2 log: App [myNextApp:0] exited with code [1] via signal [SIGINT]
2023-07-14T17:09:40: PM2 log: App [myNextApp:0] starting in -cluster mode-
2023-07-14T17:09:40: PM2 log: App [myNextApp:9] online
2023-07-14T17:09:40: PM2 log: App [myNextApp:2] online
2023-07-14T17:09:40: PM2 log: App [myNextApp:6] exited with code [1] via signal [SIGINT]
2023-07-14T17:09:40: PM2 log: App [myNextApp:6] starting in -cluster mode-
2023-07-14T17:09:40: PM2 log: App [myNextApp:0] online
2023-07-14T17:09:40: PM2 log: App [myNextApp:6] online
2023-07-14T17:09:40: PM2 log: App [myNextApp:7] exited with code [1] via signal [SIGINT]
2023-07-14T17:09:40: PM2 log: App [myNextApp:4] exited with code [1] via signal [SIGINT]
2023-07-14T17:09:40: PM2 log: App [myNextApp:7] starting in -cluster mode-
2023-07-14T17:09:40: PM2 log: App [myNextApp:5] exited with code [1] via signal [SIGINT]
2023-07-14T17:09:40: PM2 log: App [myNextApp:4] starting in -cluster mode-
2023-07-14T17:09:40: PM2 log: App [myNextApp:5] starting in -cluster mode-
2023-07-14T17:09:40: PM2 log: App [myNextApp:7] online
2023-07-14T17:09:40: PM2 log: App [myNextApp:4] online
2023-07-14T17:09:41: PM2 log: App [myNextApp:5] online
2023-07-14T17:09:41: PM2 log: App [myNextApp:8] exited with code [1] via signal [SIGINT]
2023-07-14T17:09:41: PM2 log: App [myNextApp:8] starting in -cluster mode-
2023-07-14T17:09:41: PM2 log: App [myNextApp:8] online
2023-07-14T17:09:43: PM2 log: App name:myNextApp id:9 disconnected
2023-07-14T17:09:43: PM2 log: App [myNextApp:9] exited with code [1] via signal [SIGINT]
2023-07-14T17:09:43: PM2 log: App [myNextApp:9] starting in -cluster mode-
2023-07-14T17:09:43: PM2 log: App name:myNextApp id:4 disconnected
2023-07-14T17:09:43: PM2 log: App [myNextApp:4] exited with code [1] via signal [SIGINT]
2023-07-14T17:09:43: PM2 log: App [myNextApp:4] starting in -cluster mode-
2023-07-14T17:09:43: PM2 log: App [myNextApp:9] online
2023-07-14T17:09:43: PM2 log: App [myNextApp:1] exited with code [1] via signal [SIGINT]
2023-07-14T17:09:43: PM2 log: App [myNextApp:1] starting in -cluster mode-
2023-07-14T17:09:43: PM2 log: App [myNextApp:4] online
2023-07-14T17:09:43: PM2 log: App [myNextApp:1] online
2023-07-14T17:09:43: PM2 log: App name:myNextApp id:3 disconnected
2023-07-14T17:09:43: PM2 log: App [myNextApp:3] exited with code [1] via signal [SIGINT]
2023-07-14T17:09:43: PM2 log: App [myNextApp:7] exited with code [1] via signal [SIGINT]
2023-07-14T17:09:43: PM2 log: App [myNextApp:3] starting in -cluster mode-
2023-07-14T17:09:43: PM2 log: App [myNextApp:7] starting in -cluster mode-
2023-07-14T17:09:43: PM2 log: App [myNextApp:2] exited with code [1] via signal [SIGINT]
2023-07-14T17:09:43: PM2 log: App [myNextApp:2] starting in -cluster mode-
2023-07-14T17:09:43: PM2 log: App [myNextApp:3] online
2023-07-14T17:09:43: PM2 log: App [myNextApp:0] exited with code [1] via signal [SIGINT]
2023-07-14T17:09:43: PM2 log: App [myNextApp:5] exited with code [1] via signal [SIGINT]
2023-07-14T17:09:43: PM2 log: App [myNextApp:0] starting in -cluster mode-
2023-07-14T17:09:43: PM2 log: App [myNextApp:7] online
2023-07-14T17:09:43: PM2 log: App [myNextApp:5] starting in -cluster mode-
2023-07-14T17:09:43: PM2 log: App [myNextApp:2] online
2023-07-14T17:09:43: PM2 log: App [myNextApp:0] online
2023-07-14T17:09:43: PM2 log: App [myNextApp:5] online
2023-07-14T17:09:44: PM2 log: App [myNextApp:6] exited with code [1] via signal [SIGINT]
2023-07-14T17:09:44: PM2 log: App [myNextApp:6] starting in -cluster mode-
2023-07-14T17:09:44: PM2 log: App [myNextApp:6] online
2023-07-14T17:09:44: PM2 log: App [myNextApp:8] exited with code [1] via signal [SIGINT]
2023-07-14T17:09:44: PM2 log: App [myNextApp:8] starting in -cluster mode-
2023-07-14T17:09:44: PM2 log: App [myNextApp:8] online
2023-07-14T17:09:46: PM2 log: App name:myNextApp id:4 disconnected
2023-07-14T17:09:46: PM2 log: App [myNextApp:4] exited with code [1] via signal [SIGINT]
2023-07-14T17:09:46: PM2 log: App [myNextApp:4] starting in -cluster mode-
2023-07-14T17:09:46: PM2 log: App [myNextApp:4] online
2023-07-14T17:09:46: PM2 log: App name:myNextApp id:7 disconnected
2023-07-14T17:09:46: PM2 log: App [myNextApp:9] exited with code [1] via signal [SIGINT]
2023-07-14T17:09:46: PM2 log: App [myNextApp:7] exited with code [1] via signal [SIGINT]
2023-07-14T17:09:46: PM2 log: App [myNextApp:9] starting in -cluster mode-
2023-07-14T17:09:46: PM2 log: App [myNextApp:7] starting in -cluster mode-
2023-07-14T17:09:46: PM2 log: App [myNextApp:1] exited with code [1] via signal [SIGINT]
2023-07-14T17:09:46: PM2 log: App [myNextApp:1] starting in -cluster mode-
2023-07-14T17:09:46: PM2 log: App [myNextApp:9] online
2023-07-14T17:09:46: PM2 log: App name:myNextApp id:2 disconnected
2023-07-14T17:09:46: PM2 log: App [myNextApp:7] online
2023-07-14T17:09:46: PM2 log: App [myNextApp:3] exited with code [1] via signal [SIGINT]
2023-07-14T17:09:46: PM2 log: App [myNextApp:2] exited with code [1] via signal [SIGINT]
2023-07-14T17:09:46: PM2 log: App [myNextApp:3] starting in -cluster mode-
2023-07-14T17:09:46: PM2 log: App name:myNextApp id:3 disconnected
2023-07-14T17:09:46: PM2 log: App [myNextApp:1] online
2023-07-14T17:09:46: PM2 log: App [myNextApp:2] starting in -cluster mode-
2023-07-14T17:09:46: PM2 log: App [myNextApp:3] online
2023-07-14T17:09:46: PM2 log: App [myNextApp:2] online
2023-07-14T17:09:46: PM2 log: App name:myNextApp id:0 disconnected
2023-07-14T17:09:46: PM2 log: App [myNextApp:0] exited with code [1] via signal [SIGINT]
2023-07-14T17:09:46: PM2 log: App [myNextApp:0] starting in -cluster mode-
2023-07-14T17:09:47: PM2 log: App [myNextApp:0] online
2023-07-14T17:09:47: PM2 log: App name:myNextApp id:5 disconnected
2023-07-14T17:09:47: PM2 log: App [myNextApp:5] exited with code [1] via signal [SIGINT]
2023-07-14T17:09:47: PM2 log: App [myNextApp:5] starting in -cluster mode-
2023-07-14T17:09:47: PM2 log: App [myNextApp:5] online
2023-07-14T17:09:47: PM2 log: App name:myNextApp id:6 disconnected
2023-07-14T17:09:47: PM2 log: App [myNextApp:6] exited with code [1] via signal [SIGINT]
2023-07-14T17:09:47: PM2 log: App [myNextApp:6] starting in -cluster mode-
2023-07-14T17:09:47: PM2 log: App [myNextApp:6] online
2023-07-14T17:09:47: PM2 log: App name:myNextApp id:8 disconnected
2023-07-14T17:09:47: PM2 log: App [myNextApp:8] exited with code [1] via signal [SIGINT]
2023-07-14T17:09:47: PM2 log: App [myNextApp:8] starting in -cluster mode-
2023-07-14T17:09:47: PM2 log: App [myNextApp:8] online
2023-07-14T17:09:49: PM2 log: App name:myNextApp id:4 disconnected
2023-07-14T17:09:49: PM2 log: App [myNextApp:4] exited with code [1] via signal [SIGINT]
2023-07-14T17:09:49: PM2 log: App [myNextApp:4] starting in -cluster mode-
2023-07-14T17:09:49: PM2 log: App [myNextApp:4] online
2023-07-14T17:09:49: PM2 log: App name:myNextApp id:9 disconnected
2023-07-14T17:09:49: PM2 log: App [myNextApp:9] exited with code [1] via signal [SIGINT]
2023-07-14T17:09:49: PM2 log: App [myNextApp:9] starting in -cluster mode-
2023-07-14T17:09:49: PM2 log: App name:myNextApp id:1 disconnected
2023-07-14T17:09:49: PM2 log: App [myNextApp:1] exited with code [1] via signal [SIGINT]
2023-07-14T17:09:49: PM2 log: App [myNextApp:1] starting in -cluster mode-
2023-07-14T17:09:49: PM2 log: App [myNextApp:9] online
2023-07-14T17:09:49: PM2 log: App name:myNextApp id:2 disconnected
2023-07-14T17:09:49: PM2 log: App name:myNextApp id:7 disconnected
2023-07-14T17:09:49: PM2 log: App [myNextApp:7] exited with code [1] via signal [SIGINT]
2023-07-14T17:09:49: PM2 log: App [myNextApp:2] exited with code [1] via signal [SIGINT]
2023-07-14T17:09:49: PM2 log: App [myNextApp:7] starting in -cluster mode-
2023-07-14T17:09:49: PM2 log: App [myNextApp:2] starting in -cluster mode-
2023-07-14T17:09:49: PM2 log: App [myNextApp:1] online
2023-07-14T17:09:49: PM2 log: App [myNextApp:7] online
2023-07-14T17:09:49: PM2 log: App [myNextApp:2] online
2023-07-14T17:09:49: PM2 log: App name:myNextApp id:3 disconnected
2023-07-14T17:09:49: PM2 log: App [myNextApp:3] exited with code [1] via signal [SIGINT]
2023-07-14T17:09:49: PM2 log: App [myNextApp:3] starting in -cluster mode-
2023-07-14T17:09:49: PM2 log: App [myNextApp:3] online
2023-07-14T17:09:49: PM2 log: App [myNextApp:5] exited with code [1] via signal [SIGINT]
2023-07-14T17:09:49: PM2 log: App [myNextApp:5] starting in -cluster mode-
2023-07-14T17:09:49: PM2 log: App name:myNextApp id:5 disconnected
2023-07-14T17:09:50: PM2 log: App [myNextApp:5] online
2023-07-14T17:09:50: PM2 log: App name:myNextApp id:0 disconnected
2023-07-14T17:09:50: PM2 log: App [myNextApp:0] exited with code [1] via signal [SIGINT]
2023-07-14T17:09:50: PM2 log: App [myNextApp:0] starting in -cluster mode-
2023-07-14T17:09:50: PM2 log: App [myNextApp:0] online
2023-07-14T17:09:50: PM2 log: App name:myNextApp id:6 disconnected
2023-07-14T17:09:50: PM2 log: App [myNextApp:6] exited with code [1] via signal [SIGINT]
2023-07-14T17:09:50: PM2 log: App [myNextApp:6] starting in -cluster mode-
2023-07-14T17:09:50: PM2 log: App [myNextApp:6] online
2023-07-14T17:09:50: PM2 log: App name:myNextApp id:8 disconnected
2023-07-14T17:09:50: PM2 log: App [myNextApp:8] exited with code [1] via signal [SIGINT]
2023-07-14T17:09:50: PM2 log: App [myNextApp:8] starting in -cluster mode-
2023-07-14T17:09:50: PM2 log: App [myNextApp:8] online
2023-07-14T17:09:52: PM2 log: App name:myNextApp id:1 disconnected
2023-07-14T17:09:52: PM2 log: App [myNextApp:1] exited with code [1] via signal [SIGINT]
2023-07-14T17:09:52: PM2 log: App [myNextApp:1] starting in -cluster mode-
2023-07-14T17:09:52: PM2 log: App [myNextApp:1] online
2023-07-14T17:09:52: PM2 log: App name:myNextApp id:4 disconnected
2023-07-14T17:09:52: PM2 log: App [myNextApp:4] exited with code [1] via signal [SIGINT]
2023-07-14T17:09:52: PM2 log: App [myNextApp:4] starting in -cluster mode-
2023-07-14T17:09:52: PM2 log: App name:myNextApp id:2 disconnected
2023-07-14T17:09:52: PM2 log: App [myNextApp:2] exited with code [1] via signal [SIGINT]
2023-07-14T17:09:52: PM2 log: App [myNextApp:2] starting in -cluster mode-
2023-07-14T17:09:52: PM2 log: App [myNextApp:4] online
2023-07-14T17:09:52: PM2 log: App [myNextApp:2] online
2023-07-14T17:09:52: PM2 log: App name:myNextApp id:9 disconnected
2023-07-14T17:09:52: PM2 log: App [myNextApp:9] exited with code [1] via signal [SIGINT]
2023-07-14T17:09:52: PM2 log: App [myNextApp:9] starting in -cluster mode-
2023-07-14T17:09:52: PM2 log: App [myNextApp:9] online
2023-07-14T17:09:52: PM2 log: App name:myNextApp id:5 disconnected
2023-07-14T17:09:52: PM2 log: App name:myNextApp id:7 disconnected
2023-07-14T17:09:52: PM2 log: App [myNextApp:7] exited with code [1] via signal [SIGINT]
2023-07-14T17:09:52: PM2 log: App [myNextApp:5] exited with code [1] via signal [SIGINT]
2023-07-14T17:09:52: PM2 log: App [myNextApp:7] starting in -cluster mode-
2023-07-14T17:09:52: PM2 log: App [myNextApp:5] starting in -cluster mode-
2023-07-14T17:09:52: PM2 log: App [myNextApp:7] online
2023-07-14T17:09:52: PM2 log: App [myNextApp:5] online
2023-07-14T17:09:52: PM2 log: App [myNextApp:3] exited with code [1] via signal [SIGINT]
2023-07-14T17:09:52: PM2 log: App [myNextApp:3] starting in -cluster mode-
2023-07-14T17:09:52: PM2 log: App name:myNextApp id:3 disconnected
2023-07-14T17:09:53: PM2 log: App name:myNextApp id:0 disconnected
2023-07-14T17:09:53: PM2 log: App [myNextApp:0] exited with code [1] via signal [SIGINT]
2023-07-14T17:09:53: PM2 log: App [myNextApp:0] starting in -cluster mode-
2023-07-14T17:09:53: PM2 log: App [myNextApp:3] online
2023-07-14T17:09:53: PM2 log: App [myNextApp:0] online
2023-07-14T17:09:53: PM2 log: App name:myNextApp id:6 disconnected
2023-07-14T17:09:53: PM2 log: App [myNextApp:6] exited with code [1] via signal [SIGINT]
2023-07-14T17:09:53: PM2 log: App [myNextApp:6] starting in -cluster mode-
2023-07-14T17:09:53: PM2 log: App name:myNextApp id:8 disconnected
2023-07-14T17:09:53: PM2 log: App [myNextApp:8] exited with code [1] via signal [SIGINT]
2023-07-14T17:09:53: PM2 log: App [myNextApp:8] starting in -cluster mode-
2023-07-14T17:09:53: PM2 log: App [myNextApp:6] online
2023-07-14T17:09:53: PM2 log: App [myNextApp:8] online
2023-07-14T17:09:55: PM2 log: App name:myNextApp id:1 disconnected
2023-07-14T17:09:55: PM2 log: App [myNextApp:1] exited with code [1] via signal [SIGINT]
2023-07-14T17:09:55: PM2 log: App [myNextApp:1] starting in -cluster mode-
2023-07-14T17:09:55: PM2 log: App [myNextApp:1] online
2023-07-14T17:09:55: PM2 log: App name:myNextApp id:2 disconnected
2023-07-14T17:09:55: PM2 log: App [myNextApp:2] exited with code [1] via signal [SIGINT]
2023-07-14T17:09:55: PM2 log: App [myNextApp:2] starting in -cluster mode-
2023-07-14T17:09:55: PM2 log: App [myNextApp:2] online
2023-07-14T17:09:55: PM2 log: App name:myNextApp id:4 disconnected
2023-07-14T17:09:55: PM2 log: App [myNextApp:4] exited with code [1] via signal [SIGINT]
2023-07-14T17:09:55: PM2 log: App [myNextApp:4] starting in -cluster mode-
2023-07-14T17:09:55: PM2 log: App [myNextApp:4] online
2023-07-14T17:09:55: PM2 log: App name:myNextApp id:9 disconnected
2023-07-14T17:09:55: PM2 log: App [myNextApp:9] exited with code [1] via signal [SIGINT]
2023-07-14T17:09:55: PM2 log: App [myNextApp:9] starting in -cluster mode-
2023-07-14T17:09:55: PM2 log: App [myNextApp:9] online
2023-07-14T17:09:55: PM2 log: App name:myNextApp id:5 disconnected
2023-07-14T17:09:55: PM2 log: App [myNextApp:5] exited with code [1] via signal [SIGINT]
2023-07-14T17:09:55: PM2 log: App [myNextApp:5] starting in -cluster mode-
2023-07-14T17:09:55: PM2 log: App [myNextApp:5] online
2023-07-14T17:09:55: PM2 log: App name:myNextApp id:3 disconnected
2023-07-14T17:09:55: PM2 log: App [myNextApp:3] exited with code [1] via signal [SIGINT]
2023-07-14T17:09:55: PM2 log: App [myNextApp:3] starting in -cluster mode-
2023-07-14T17:09:56: PM2 log: App name:myNextApp id:7 disconnected
2023-07-14T17:09:56: PM2 log: App [myNextApp:3] online
2023-07-14T17:09:56: PM2 log: App [myNextApp:7] exited with code [1] via signal [SIGINT]
2023-07-14T17:09:56: PM2 log: App [myNextApp:7] starting in -cluster mode-
2023-07-14T17:09:56: PM2 log: App [myNextApp:7] online
2023-07-14T17:09:56: PM2 log: App name:myNextApp id:0 disconnected
2023-07-14T17:09:56: PM2 log: App [myNextApp:0] exited with code [1] via signal [SIGINT]
2023-07-14T17:09:56: PM2 log: App [myNextApp:0] starting in -cluster mode-
2023-07-14T17:09:56: PM2 log: App [myNextApp:0] online
2023-07-14T17:09:56: PM2 log: App [myNextApp:6] exited with code [1] via signal [SIGINT]
2023-07-14T17:09:56: PM2 log: App [myNextApp:6] starting in -cluster mode-
2023-07-14T17:09:56: PM2 log: App [myNextApp:6] online
2023-07-14T17:09:56: PM2 log: App name:myNextApp id:8 disconnected
2023-07-14T17:09:56: PM2 log: App [myNextApp:8] exited with code [1] via signal [SIGINT]
2023-07-14T17:09:56: PM2 log: App [myNextApp:8] starting in -cluster mode-
2023-07-14T17:09:56: PM2 log: App [myNextApp:8] online
2023-07-14T17:09:58: PM2 log: App [myNextApp:2] exited with code [1] via signal [SIGINT]
2023-07-14T17:09:58: PM2 log: App [myNextApp:2] starting in -cluster mode-
2023-07-14T17:09:58: PM2 log: App [myNextApp:2] online
2023-07-14T17:09:58: PM2 log: App name:myNextApp id:1 disconnected
2023-07-14T17:09:58: PM2 log: App [myNextApp:1] exited with code [1] via signal [SIGINT]
2023-07-14T17:09:58: PM2 log: App [myNextApp:1] starting in -cluster mode-
2023-07-14T17:09:58: PM2 log: App name:myNextApp id:4 disconnected
2023-07-14T17:09:58: PM2 log: App [myNextApp:4] exited with code [1] via signal [SIGINT]
2023-07-14T17:09:58: PM2 log: App [myNextApp:4] starting in -cluster mode-
2023-07-14T17:09:58: PM2 log: App [myNextApp:1] online
2023-07-14T17:09:58: PM2 log: App [myNextApp:4] online
2023-07-14T17:09:58: PM2 log: App name:myNextApp id:5 disconnected
2023-07-14T17:09:58: PM2 log: App [myNextApp:5] exited with code [1] via signal [SIGINT]
2023-07-14T17:09:58: PM2 log: App [myNextApp:5] starting in -cluster mode-
2023-07-14T17:09:58: PM2 log: App [myNextApp:5] online
2023-07-14T17:09:58: PM2 log: App name:myNextApp id:9 disconnected
2023-07-14T17:09:58: PM2 log: App [myNextApp:9] exited with code [1] via signal [SIGINT]
2023-07-14T17:09:58: PM2 log: App [myNextApp:9] starting in -cluster mode-
2023-07-14T17:09:58: PM2 log: App name:myNextApp id:3 disconnected
2023-07-14T17:09:58: PM2 log: App [myNextApp:9] online
2023-07-14T17:09:58: PM2 log: App [myNextApp:3] exited with code [1] via signal [SIGINT]
2023-07-14T17:09:58: PM2 log: App [myNextApp:3] starting in -cluster mode-
2023-07-14T17:09:58: PM2 log: App name:myNextApp id:0 disconnected
2023-07-14T17:09:58: PM2 log: App [myNextApp:0] exited with code [1] via signal [SIGINT]
2023-07-14T17:09:58: PM2 log: App [myNextApp:0] starting in -cluster mode-
2023-07-14T17:09:58: PM2 log: App [myNextApp:3] online
2023-07-14T17:09:58: PM2 log: App name:myNextApp id:7 disconnected
2023-07-14T17:09:59: PM2 log: App [myNextApp:7] exited with code [1] via signal [SIGINT]
2023-07-14T17:09:59: PM2 log: App [myNextApp:7] starting in -cluster mode-
2023-07-14T17:09:59: PM2 log: App [myNextApp:0] online
2023-07-14T17:09:59: PM2 log: App [myNextApp:7] online
2023-07-14T17:09:59: PM2 log: App name:myNextApp id:6 disconnected
2023-07-14T17:09:59: PM2 log: App [myNextApp:6] exited with code [1] via signal [SIGINT]
2023-07-14T17:09:59: PM2 log: App [myNextApp:6] starting in -cluster mode-
2023-07-14T17:09:59: PM2 log: App [myNextApp:6] online
2023-07-14T17:09:59: PM2 log: App name:myNextApp id:8 disconnected
2023-07-14T17:09:59: PM2 log: App [myNextApp:8] exited with code [1] via signal [SIGINT]
2023-07-14T17:09:59: PM2 log: App [myNextApp:8] starting in -cluster mode-
2023-07-14T17:09:59: PM2 log: App [myNextApp:8] online
2023-07-14T17:10:01: PM2 log: App name:myNextApp id:2 disconnected
2023-07-14T17:10:01: PM2 log: App [myNextApp:2] exited with code [1] via signal [SIGINT]
2023-07-14T17:10:01: PM2 log: App [myNextApp:2] starting in -cluster mode-
2023-07-14T17:10:01: PM2 log: App [myNextApp:2] online
2023-07-14T17:10:01: PM2 log: App name:myNextApp id:4 disconnected
2023-07-14T17:10:01: PM2 log: App [myNextApp:4] exited with code [1] via signal [SIGINT]
2023-07-14T17:10:01: PM2 log: App [myNextApp:4] starting in -cluster mode-
2023-07-14T17:10:01: PM2 log: App [myNextApp:4] online
2023-07-14T17:10:01: PM2 log: App name:myNextApp id:5 disconnected
2023-07-14T17:10:01: PM2 log: App [myNextApp:5] exited with code [1] via signal [SIGINT]
2023-07-14T17:10:01: PM2 log: App name:myNextApp id:1 disconnected
2023-07-14T17:10:01: PM2 log: App [myNextApp:1] exited with code [1] via signal [SIGINT]
2023-07-14T17:10:01: PM2 log: App [myNextApp:5] starting in -cluster mode-
2023-07-14T17:10:01: PM2 log: App [myNextApp:1] starting in -cluster mode-
2023-07-14T17:10:01: PM2 log: App [myNextApp:1] online
2023-07-14T17:10:01: PM2 log: App [myNextApp:5] online
2023-07-14T17:10:01: PM2 log: App name:myNextApp id:0 disconnected
2023-07-14T17:10:01: PM2 log: App [myNextApp:0] exited with code [1] via signal [SIGINT]
2023-07-14T17:10:01: PM2 log: App [myNextApp:0] starting in -cluster mode-
2023-07-14T17:10:01: PM2 log: App [myNextApp:0] online
2023-07-14T17:10:01: PM2 log: App name:myNextApp id:3 disconnected
2023-07-14T17:10:01: PM2 log: App [myNextApp:3] exited with code [1] via signal [SIGINT]
2023-07-14T17:10:01: PM2 log: App [myNextApp:3] starting in -cluster mode-
2023-07-14T17:10:01: PM2 log: App name:myNextApp id:9 disconnected
2023-07-14T17:10:01: PM2 log: App [myNextApp:9] exited with code [1] via signal [SIGINT]
2023-07-14T17:10:01: PM2 log: App [myNextApp:9] starting in -cluster mode-
2023-07-14T17:10:01: PM2 log: App [myNextApp:3] online
2023-07-14T17:10:01: PM2 log: App [myNextApp:9] online
2023-07-14T17:10:02: PM2 log: App name:myNextApp id:7 disconnected
2023-07-14T17:10:02: PM2 log: App [myNextApp:7] exited with code [1] via signal [SIGINT]
2023-07-14T17:10:02: PM2 log: App [myNextApp:7] starting in -cluster mode-
2023-07-14T17:10:02: PM2 log: App [myNextApp:7] online
2023-07-14T17:10:02: PM2 log: App name:myNextApp id:6 disconnected
2023-07-14T17:10:02: PM2 log: App [myNextApp:6] exited with code [1] via signal [SIGINT]
2023-07-14T17:10:02: PM2 log: App [myNextApp:6] starting in -cluster mode-
2023-07-14T17:10:02: PM2 log: App [myNextApp:6] online
2023-07-14T17:10:02: PM2 log: App name:myNextApp id:8 disconnected
2023-07-14T17:10:02: PM2 log: App [myNextApp:8] exited with code [1] via signal [SIGINT]
2023-07-14T17:10:03: PM2 log: App [myNextApp:8] starting in -cluster mode-
2023-07-14T17:10:03: PM2 log: App [myNextApp:8] online
2023-07-14T17:10:03: PM2 log: App [myNextApp:2] exited with code [1] via signal [SIGINT]
2023-07-14T17:10:03: PM2 log: App [myNextApp:2] starting in -cluster mode-
2023-07-14T17:10:04: PM2 log: App [myNextApp:2] online
2023-07-14T17:10:04: PM2 log: App name:myNextApp id:4 disconnected
2023-07-14T17:10:04: PM2 log: App [myNextApp:4] exited with code [1] via signal [SIGINT]
2023-07-14T17:10:04: PM2 log: App [myNextApp:4] starting in -cluster mode-
2023-07-14T17:10:04: PM2 log: App name:myNextApp id:5 disconnected
2023-07-14T17:10:04: PM2 log: App [myNextApp:5] exited with code [1] via signal [SIGINT]
2023-07-14T17:10:04: PM2 log: App [myNextApp:5] starting in -cluster mode-
2023-07-14T17:10:04: PM2 log: App name:myNextApp id:1 disconnected
2023-07-14T17:10:04: PM2 log: App [myNextApp:1] exited with code [1] via signal [SIGINT]
2023-07-14T17:10:04: PM2 log: App [myNextApp:1] starting in -cluster mode-
2023-07-14T17:10:04: PM2 log: App [myNextApp:4] online
2023-07-14T17:10:04: PM2 log: App [myNextApp:5] online
2023-07-14T17:10:04: PM2 log: App [myNextApp:1] online
2023-07-14T17:10:04: PM2 log: App name:myNextApp id:3 disconnected
2023-07-14T17:10:04: PM2 log: App [myNextApp:3] exited with code [1] via signal [SIGINT]
2023-07-14T17:10:04: PM2 log: App [myNextApp:3] starting in -cluster mode-
2023-07-14T17:10:04: PM2 log: App name:myNextApp id:9 disconnected
2023-07-14T17:10:04: PM2 log: App [myNextApp:9] exited with code [1] via signal [SIGINT]
2023-07-14T17:10:04: PM2 log: App [myNextApp:9] starting in -cluster mode-
2023-07-14T17:10:04: PM2 log: App [myNextApp:3] online
2023-07-14T17:10:04: PM2 log: App name:myNextApp id:0 disconnected
2023-07-14T17:10:04: PM2 log: App [myNextApp:0] exited with code [1] via signal [SIGINT]
2023-07-14T17:10:04: PM2 log: App [myNextApp:0] starting in -cluster mode-
2023-07-14T17:10:04: PM2 log: App [myNextApp:9] online
2023-07-14T17:10:04: PM2 log: App name:myNextApp id:7 disconnected
2023-07-14T17:10:04: PM2 log: App [myNextApp:7] exited with code [1] via signal [SIGINT]
2023-07-14T17:10:04: PM2 log: App [myNextApp:7] starting in -cluster mode-
2023-07-14T17:10:04: PM2 log: App [myNextApp:0] online
2023-07-14T17:10:05: PM2 log: App [myNextApp:7] online
2023-07-14T17:10:05: PM2 log: App name:myNextApp id:6 disconnected
2023-07-14T17:10:05: PM2 log: App [myNextApp:6] exited with code [1] via signal [SIGINT]
2023-07-14T17:10:05: PM2 log: App [myNextApp:6] starting in -cluster mode-
2023-07-14T17:10:05: PM2 log: App [myNextApp:6] online
2023-07-14T17:10:05: PM2 log: App name:myNextApp id:8 disconnected
2023-07-14T17:10:05: PM2 log: App [myNextApp:8] exited with code [1] via signal [SIGINT]
2023-07-14T17:10:05: PM2 log: App [myNextApp:8] starting in -cluster mode-
2023-07-14T17:10:06: PM2 log: App [myNextApp:8] online
2023-07-14T17:10:06: PM2 log: App name:myNextApp id:2 disconnected
2023-07-14T17:10:06: PM2 log: App [myNextApp:2] exited with code [1] via signal [SIGINT]
2023-07-14T17:10:06: PM2 log: App [myNextApp:2] starting in -cluster mode-
2023-07-14T17:10:06: PM2 log: App [myNextApp:2] online
2023-07-14T17:10:07: PM2 log: App name:myNextApp id:4 disconnected
2023-07-14T17:10:07: PM2 log: App [myNextApp:4] exited with code [1] via signal [SIGINT]
2023-07-14T17:10:07: PM2 log: App [myNextApp:4] starting in -cluster mode-
2023-07-14T17:10:07: PM2 log: App [myNextApp:4] online
2023-07-14T17:10:07: PM2 log: App name:myNextApp id:5 disconnected
2023-07-14T17:10:07: PM2 log: App [myNextApp:5] exited with code [1] via signal [SIGINT]
2023-07-14T17:10:07: PM2 log: App [myNextApp:5] starting in -cluster mode-
2023-07-14T17:10:07: PM2 log: App [myNextApp:5] online
2023-07-14T17:10:07: PM2 log: App name:myNextApp id:1 disconnected
2023-07-14T17:10:07: PM2 log: App [myNextApp:1] exited with code [1] via signal [SIGINT]
2023-07-14T17:10:07: PM2 log: App [myNextApp:1] starting in -cluster mode-
2023-07-14T17:10:07: PM2 log: App [myNextApp:1] online
2023-07-14T17:10:07: PM2 log: App name:myNextApp id:9 disconnected
2023-07-14T17:10:07: PM2 log: App [myNextApp:9] exited with code [1] via signal [SIGINT]
2023-07-14T17:10:07: PM2 log: App [myNextApp:9] starting in -cluster mode-
2023-07-14T17:10:08: PM2 log: App [myNextApp:9] online
2023-07-14T17:10:08: PM2 log: App name:myNextApp id:7 disconnected
2023-07-14T17:10:08: PM2 log: App [myNextApp:7] exited with code [1] via signal [SIGINT]
2023-07-14T17:10:08: PM2 log: App [myNextApp:7] starting in -cluster mode-
2023-07-14T17:10:08: PM2 log: App name:myNextApp id:3 disconnected
2023-07-14T17:10:08: PM2 log: App name:myNextApp id:0 disconnected
2023-07-14T17:10:08: PM2 log: App [myNextApp:3] exited with code [1] via signal [SIGINT]
2023-07-14T17:10:08: PM2 log: App [myNextApp:0] exited with code [1] via signal [SIGINT]
2023-07-14T17:10:08: PM2 log: App [myNextApp:3] starting in -cluster mode-
2023-07-14T17:10:08: PM2 log: App [myNextApp:0] starting in -cluster mode-
2023-07-14T17:10:08: PM2 log: App [myNextApp:7] online
2023-07-14T17:10:08: PM2 log: App [myNextApp:3] online
2023-07-14T17:10:08: PM2 log: App [myNextApp:0] online
2023-07-14T17:10:08: PM2 log: App name:myNextApp id:6 disconnected
2023-07-14T17:10:08: PM2 log: App [myNextApp:6] exited with code [1] via signal [SIGINT]
2023-07-14T17:10:08: PM2 log: App [myNextApp:6] starting in -cluster mode-
2023-07-14T17:10:08: PM2 log: App [myNextApp:6] online
2023-07-14T17:10:08: PM2 log: App name:myNextApp id:8 disconnected
2023-07-14T17:10:08: PM2 log: App [myNextApp:8] exited with code [1] via signal [SIGINT]
2023-07-14T17:10:08: PM2 log: App [myNextApp:8] starting in -cluster mode-
2023-07-14T17:10:08: PM2 log: App [myNextApp:8] online
2023-07-14T17:10:09: PM2 log: App name:myNextApp id:2 disconnected
2023-07-14T17:10:09: PM2 log: App [myNextApp:2] exited with code [1] via signal [SIGINT]
2023-07-14T17:10:09: PM2 log: App [myNextApp:2] starting in -cluster mode-
2023-07-14T17:10:09: PM2 log: App [myNextApp:2] online
2023-07-14T17:10:10: PM2 log: App name:myNextApp id:4 disconnected
2023-07-14T17:10:10: PM2 log: App [myNextApp:4] exited with code [1] via signal [SIGINT]
2023-07-14T17:10:10: PM2 log: App [myNextApp:4] starting in -cluster mode-
2023-07-14T17:10:10: PM2 log: App [myNextApp:4] online
2023-07-14T17:10:10: PM2 log: App name:myNextApp id:5 disconnected
2023-07-14T17:10:10: PM2 log: App [myNextApp:5] exited with code [1] via signal [SIGINT]
2023-07-14T17:10:10: PM2 log: App [myNextApp:5] starting in -cluster mode-
2023-07-14T17:10:10: PM2 log: App [myNextApp:5] online
2023-07-14T17:10:10: PM2 log: App name:myNextApp id:1 disconnected
2023-07-14T17:10:10: PM2 log: App [myNextApp:1] exited with code [1] via signal [SIGINT]
2023-07-14T17:10:10: PM2 log: App [myNextApp:1] starting in -cluster mode-
2023-07-14T17:10:10: PM2 log: App [myNextApp:1] online
2023-07-14T17:10:10: PM2 log: App name:myNextApp id:9 disconnected
2023-07-14T17:10:10: PM2 log: App [myNextApp:9] exited with code [1] via signal [SIGINT]
2023-07-14T17:10:10: PM2 log: App [myNextApp:9] starting in -cluster mode-
2023-07-14T17:10:10: PM2 log: App name:myNextApp id:3 disconnected
2023-07-14T17:10:10: PM2 log: App [myNextApp:3] exited with code [1] via signal [SIGINT]
2023-07-14T17:10:10: PM2 log: App [myNextApp:3] starting in -cluster mode-
2023-07-14T17:10:10: PM2 log: App [myNextApp:9] online
2023-07-14T17:10:10: PM2 log: App [myNextApp:3] online
2023-07-14T17:10:10: PM2 log: App name:myNextApp id:7 disconnected
2023-07-14T17:10:10: PM2 log: App [myNextApp:7] exited with code [1] via signal [SIGINT]
2023-07-14T17:10:10: PM2 log: App [myNextApp:7] starting in -cluster mode-
2023-07-14T17:10:11: PM2 log: App [myNextApp:7] online
2023-07-14T17:10:11: PM2 log: App name:myNextApp id:0 disconnected
2023-07-14T17:10:11: PM2 log: App [myNextApp:0] exited with code [1] via signal [SIGINT]
2023-07-14T17:10:11: PM2 log: App [myNextApp:0] starting in -cluster mode-
2023-07-14T17:10:11: PM2 log: App [myNextApp:0] online
2023-07-14T17:10:11: PM2 log: App name:myNextApp id:6 disconnected
2023-07-14T17:10:11: PM2 log: App [myNextApp:6] exited with code [1] via signal [SIGINT]
2023-07-14T17:10:11: PM2 log: App [myNextApp:6] starting in -cluster mode-
2023-07-14T17:10:11: PM2 log: App [myNextApp:6] online
2023-07-14T17:10:11: PM2 log: App name:myNextApp id:8 disconnected
2023-07-14T17:10:11: PM2 log: App [myNextApp:8] exited with code [1] via signal [SIGINT]
2023-07-14T17:10:11: PM2 log: App [myNextApp:8] starting in -cluster mode-
2023-07-14T17:10:11: PM2 log: App [myNextApp:8] online
2023-07-14T17:10:12: PM2 log: App name:myNextApp id:2 disconnected
2023-07-14T17:10:12: PM2 log: App [myNextApp:2] exited with code [1] via signal [SIGINT]
2023-07-14T17:10:12: PM2 log: App [myNextApp:2] starting in -cluster mode-
2023-07-14T17:10:12: PM2 log: App [myNextApp:2] online
2023-07-14T17:10:13: PM2 log: App name:myNextApp id:4 disconnected
2023-07-14T17:10:13: PM2 log: App [myNextApp:4] exited with code [1] via signal [SIGINT]
2023-07-14T17:10:13: PM2 log: App [myNextApp:4] starting in -cluster mode-
2023-07-14T17:10:13: PM2 log: App [myNextApp:4] online
2023-07-14T17:10:13: PM2 log: App name:myNextApp id:5 disconnected
2023-07-14T17:10:13: PM2 log: App [myNextApp:5] exited with code [1] via signal [SIGINT]
2023-07-14T17:10:13: PM2 log: App [myNextApp:5] starting in -cluster mode-
2023-07-14T17:10:13: PM2 log: App [myNextApp:5] online
2023-07-14T17:10:13: PM2 log: App name:myNextApp id:1 disconnected
2023-07-14T17:10:13: PM2 log: App [myNextApp:1] exited with code [1] via signal [SIGINT]
2023-07-14T17:10:13: PM2 log: App [myNextApp:1] starting in -cluster mode-
2023-07-14T17:10:13: PM2 log: App [myNextApp:1] online
2023-07-14T17:10:13: PM2 log: App name:myNextApp id:3 disconnected
2023-07-14T17:10:13: PM2 log: App name:myNextApp id:9 disconnected
2023-07-14T17:10:13: PM2 log: App [myNextApp:9] exited with code [1] via signal [SIGINT]
2023-07-14T17:10:13: PM2 log: App [myNextApp:3] exited with code [1] via signal [SIGINT]
2023-07-14T17:10:13: PM2 log: App [myNextApp:9] starting in -cluster mode-
2023-07-14T17:10:13: PM2 log: App [myNextApp:3] starting in -cluster mode-
2023-07-14T17:10:13: PM2 log: App name:myNextApp id:7 disconnected
2023-07-14T17:10:13: PM2 log: App [myNextApp:7] exited with code [1] via signal [SIGINT]
2023-07-14T17:10:13: PM2 log: App [myNextApp:7] starting in -cluster mode-
2023-07-14T17:10:13: PM2 log: App [myNextApp:9] online
2023-07-14T17:10:13: PM2 log: App [myNextApp:3] online
2023-07-14T17:10:13: PM2 log: App [myNextApp:7] online
2023-07-14T17:10:14: PM2 log: App name:myNextApp id:0 disconnected
2023-07-14T17:10:14: PM2 log: App [myNextApp:0] exited with code [1] via signal [SIGINT]
2023-07-14T17:10:14: PM2 log: App [myNextApp:0] starting in -cluster mode-
2023-07-14T17:10:14: PM2 log: App [myNextApp:0] online
2023-07-14T17:10:14: PM2 log: App name:myNextApp id:6 disconnected
2023-07-14T17:10:14: PM2 log: App [myNextApp:6] exited with code [1] via signal [SIGINT]
2023-07-14T17:10:14: PM2 log: App [myNextApp:6] starting in -cluster mode-
2023-07-14T17:10:14: PM2 log: App [myNextApp:6] online
2023-07-14T17:10:14: PM2 log: App name:myNextApp id:8 disconnected
2023-07-14T17:10:14: PM2 log: App [myNextApp:8] exited with code [1] via signal [SIGINT]
2023-07-14T17:10:14: PM2 log: App [myNextApp:8] starting in -cluster mode-
2023-07-14T17:10:14: PM2 log: App [myNextApp:8] online
2023-07-14T17:10:15: PM2 log: App name:myNextApp id:2 disconnected
2023-07-14T17:10:15: PM2 log: App [myNextApp:2] exited with code [1] via signal [SIGINT]
2023-07-14T17:10:15: PM2 log: App [myNextApp:2] starting in -cluster mode-
2023-07-14T17:10:15: PM2 log: App [myNextApp:2] online
2023-07-14T17:10:15: PM2 log: App name:myNextApp id:4 disconnected
2023-07-14T17:10:15: PM2 log: App [myNextApp:4] exited with code [1] via signal [SIGINT]
2023-07-14T17:10:15: PM2 log: App [myNextApp:4] starting in -cluster mode-
2023-07-14T17:10:15: PM2 log: App [myNextApp:4] online
2023-07-14T17:10:16: PM2 log: App name:myNextApp id:1 disconnected
2023-07-14T17:10:16: PM2 log: App [myNextApp:1] exited with code [1] via signal [SIGINT]
2023-07-14T17:10:16: PM2 log: App [myNextApp:1] starting in -cluster mode-
2023-07-14T17:10:16: PM2 log: App name:myNextApp id:5 disconnected
2023-07-14T17:10:16: PM2 log: App [myNextApp:5] exited with code [1] via signal [SIGINT]
2023-07-14T17:10:16: PM2 log: App [myNextApp:5] starting in -cluster mode-
2023-07-14T17:10:16: PM2 log: App [myNextApp:1] online
2023-07-14T17:10:16: PM2 log: App [myNextApp:5] online
2023-07-14T17:10:16: PM2 log: App name:myNextApp id:7 disconnected
2023-07-14T17:10:16: PM2 log: App [myNextApp:7] exited with code [1] via signal [SIGINT]
2023-07-14T17:10:16: PM2 log: App [myNextApp:7] starting in -cluster mode-
2023-07-14T17:10:16: PM2 log: App [myNextApp:7] online
2023-07-14T17:10:16: PM2 log: App [myNextApp:9] exited with code [1] via signal [SIGINT]
2023-07-14T17:10:16: PM2 log: App [myNextApp:9] starting in -cluster mode-
2023-07-14T17:10:16: PM2 log: App name:myNextApp id:3 disconnected
2023-07-14T17:10:16: PM2 log: App [myNextApp:3] exited with code [1] via signal [SIGINT]
2023-07-14T17:10:16: PM2 log: App [myNextApp:3] starting in -cluster mode-
2023-07-14T17:10:16: PM2 log: App [myNextApp:9] online
2023-07-14T17:10:16: PM2 log: App [myNextApp:3] online
2023-07-14T17:10:17: PM2 log: App name:myNextApp id:0 disconnected
2023-07-14T17:10:17: PM2 log: App [myNextApp:0] exited with code [1] via signal [SIGINT]
2023-07-14T17:10:17: PM2 log: App [myNextApp:0] starting in -cluster mode-
2023-07-14T17:10:17: PM2 log: App name:myNextApp id:6 disconnected
2023-07-14T17:10:17: PM2 log: App [myNextApp:6] exited with code [1] via signal [SIGINT]
2023-07-14T17:10:17: PM2 log: App [myNextApp:6] starting in -cluster mode-
2023-07-14T17:10:17: PM2 log: App [myNextApp:0] online
2023-07-14T17:10:17: PM2 log: App [myNextApp:6] online
2023-07-14T17:10:17: PM2 log: App name:myNextApp id:8 disconnected
2023-07-14T17:10:17: PM2 log: App [myNextApp:8] exited with code [1] via signal [SIGINT]
2023-07-14T17:10:17: PM2 log: App [myNextApp:8] starting in -cluster mode-
2023-07-14T17:10:18: PM2 log: App [myNextApp:8] online
2023-07-14T17:10:18: PM2 log: App name:myNextApp id:2 disconnected
2023-07-14T17:10:18: PM2 log: App [myNextApp:2] exited with code [1] via signal [SIGINT]
2023-07-14T17:10:18: PM2 log: App [myNextApp:2] starting in -cluster mode-
2023-07-14T17:10:18: PM2 log: App [myNextApp:2] online
2023-07-14T17:10:18: PM2 log: App name:myNextApp id:4 disconnected
2023-07-14T17:10:18: PM2 log: App [myNextApp:4] exited with code [1] via signal [SIGINT]
2023-07-14T17:10:18: PM2 log: App [myNextApp:4] starting in -cluster mode-
2023-07-14T17:10:18: PM2 log: App [myNextApp:4] online
2023-07-14T17:10:19: PM2 log: App name:myNextApp id:1 disconnected
2023-07-14T17:10:19: PM2 log: App [myNextApp:1] exited with code [1] via signal [SIGINT]
2023-07-14T17:10:19: PM2 log: App [myNextApp:1] starting in -cluster mode-
2023-07-14T17:10:19: PM2 log: App name:myNextApp id:7 disconnected
2023-07-14T17:10:19: PM2 log: App [myNextApp:7] exited with code [1] via signal [SIGINT]
2023-07-14T17:10:19: PM2 log: App [myNextApp:7] starting in -cluster mode-
2023-07-14T17:10:19: PM2 log: App [myNextApp:5] exited with code [1] via signal [SIGINT]
2023-07-14T17:10:19: PM2 log: App [myNextApp:5] starting in -cluster mode-
2023-07-14T17:10:19: PM2 log: App [myNextApp:1] online
2023-07-14T17:10:19: PM2 log: App [myNextApp:7] online
2023-07-14T17:10:19: PM2 log: App [myNextApp:5] online
2023-07-14T17:10:19: PM2 log: App name:myNextApp id:3 disconnected
2023-07-14T17:10:19: PM2 log: App [myNextApp:3] exited with code [1] via signal [SIGINT]
2023-07-14T17:10:19: PM2 log: App [myNextApp:3] starting in -cluster mode-
2023-07-14T17:10:19: PM2 log: App [myNextApp:3] online
2023-07-14T17:10:19: PM2 log: App name:myNextApp id:9 disconnected
2023-07-14T17:10:19: PM2 log: App [myNextApp:9] exited with code [1] via signal [SIGINT]
2023-07-14T17:10:19: PM2 log: App [myNextApp:9] starting in -cluster mode-
2023-07-14T17:10:20: PM2 log: App [myNextApp:9] online
2023-07-14T17:10:20: PM2 log: App name:myNextApp id:0 disconnected
2023-07-14T17:10:20: PM2 log: App [myNextApp:0] exited with code [1] via signal [SIGINT]
2023-07-14T17:10:20: PM2 log: App [myNextApp:0] starting in -cluster mode-
2023-07-14T17:10:20: PM2 log: App name:myNextApp id:6 disconnected
2023-07-14T17:10:20: PM2 log: App [myNextApp:0] online
2023-07-14T17:10:20: PM2 log: App [myNextApp:6] exited with code [1] via signal [SIGINT]
2023-07-14T17:10:20: PM2 log: App [myNextApp:6] starting in -cluster mode-
2023-07-14T17:10:20: PM2 log: App [myNextApp:6] online
2023-07-14T17:10:21: PM2 log: App name:myNextApp id:8 disconnected
2023-07-14T17:10:21: PM2 log: App [myNextApp:8] exited with code [1] via signal [SIGINT]
2023-07-14T17:10:21: PM2 log: App [myNextApp:8] starting in -cluster mode-
2023-07-14T17:10:21: PM2 log: App [myNextApp:8] online
2023-07-14T17:10:21: PM2 log: App name:myNextApp id:2 disconnected
2023-07-14T17:10:21: PM2 log: App [myNextApp:2] exited with code [1] via signal [SIGINT]
2023-07-14T17:10:21: PM2 log: App [myNextApp:2] starting in -cluster mode-
2023-07-14T17:10:21: PM2 log: App [myNextApp:2] online
2023-07-14T17:10:21: PM2 log: App name:myNextApp id:4 disconnected
2023-07-14T17:10:21: PM2 log: App [myNextApp:4] exited with code [1] via signal [SIGINT]
2023-07-14T17:10:21: PM2 log: App [myNextApp:4] starting in -cluster mode-
2023-07-14T17:10:21: PM2 log: App [myNextApp:4] online
2023-07-14T17:10:22: PM2 log: App name:myNextApp id:1 disconnected
2023-07-14T17:10:22: PM2 log: App name:myNextApp id:5 disconnected
2023-07-14T17:10:22: PM2 log: App [myNextApp:1] exited with code [1] via signal [SIGINT]
2023-07-14T17:10:22: PM2 log: App [myNextApp:5] exited with code [1] via signal [SIGINT]
2023-07-14T17:10:22: PM2 log: App [myNextApp:1] starting in -cluster mode-
2023-07-14T17:10:22: PM2 log: App [myNextApp:5] starting in -cluster mode-
2023-07-14T17:10:22: PM2 log: App [myNextApp:5] online
2023-07-14T17:10:22: PM2 log: App [myNextApp:1] online
2023-07-14T17:10:22: PM2 log: App name:myNextApp id:7 disconnected
2023-07-14T17:10:22: PM2 log: App [myNextApp:7] exited with code [1] via signal [SIGINT]
2023-07-14T17:10:22: PM2 log: App [myNextApp:7] starting in -cluster mode-
2023-07-14T17:10:22: PM2 log: App [myNextApp:7] online
2023-07-14T17:10:22: PM2 log: App name:myNextApp id:3 disconnected
2023-07-14T17:10:22: PM2 log: App [myNextApp:3] exited with code [1] via signal [SIGINT]
2023-07-14T17:10:22: PM2 log: App [myNextApp:3] starting in -cluster mode-
2023-07-14T17:10:22: PM2 log: App [myNextApp:3] online
2023-07-14T17:10:23: PM2 log: App name:myNextApp id:9 disconnected
2023-07-14T17:10:23: PM2 log: App [myNextApp:9] exited with code [1] via signal [SIGINT]
2023-07-14T17:10:23: PM2 log: App [myNextApp:9] starting in -cluster mode-
2023-07-14T17:10:23: PM2 log: App [myNextApp:9] online
2023-07-14T17:10:23: PM2 log: App name:myNextApp id:0 disconnected
2023-07-14T17:10:23: PM2 log: App [myNextApp:0] exited with code [1] via signal [SIGINT]
2023-07-14T17:10:23: PM2 log: App [myNextApp:0] starting in -cluster mode-
2023-07-14T17:10:23: PM2 log: App [myNextApp:0] online
2023-07-14T17:10:23: PM2 log: App name:myNextApp id:6 disconnected
2023-07-14T17:10:23: PM2 log: App [myNextApp:6] exited with code [1] via signal [SIGINT]
2023-07-14T17:10:23: PM2 log: App [myNextApp:6] starting in -cluster mode-
2023-07-14T17:10:23: PM2 log: App [myNextApp:6] online
2023-07-14T17:10:24: PM2 log: App [myNextApp:8] exited with code [1] via signal [SIGINT]
2023-07-14T17:10:24: PM2 log: App [myNextApp:8] starting in -cluster mode-
2023-07-14T17:10:24: PM2 log: App [myNextApp:8] online
2023-07-14T17:10:24: PM2 log: App name:myNextApp id:2 disconnected
2023-07-14T17:10:24: PM2 log: App [myNextApp:2] exited with code [1] via signal [SIGINT]
2023-07-14T17:10:24: PM2 log: App [myNextApp:2] starting in -cluster mode-
2023-07-14T17:10:24: PM2 log: App [myNextApp:2] online
2023-07-14T17:10:24: PM2 log: App name:myNextApp id:4 disconnected
2023-07-14T17:10:24: PM2 log: App [myNextApp:4] exited with code [1] via signal [SIGINT]
2023-07-14T17:10:24: PM2 log: App [myNextApp:4] starting in -cluster mode-
2023-07-14T17:10:24: PM2 log: App [myNextApp:4] online
2023-07-14T17:10:25: PM2 log: App name:myNextApp id:5 disconnected
2023-07-14T17:10:25: PM2 log: App [myNextApp:5] exited with code [1] via signal [SIGINT]
2023-07-14T17:10:25: PM2 log: App [myNextApp:5] starting in -cluster mode-
2023-07-14T17:10:25: PM2 log: App [myNextApp:5] online
2023-07-14T17:10:25: PM2 log: App name:myNextApp id:1 disconnected
2023-07-14T17:10:25: PM2 log: App [myNextApp:1] exited with code [1] via signal [SIGINT]
2023-07-14T17:10:25: PM2 log: App [myNextApp:1] starting in -cluster mode-
2023-07-14T17:10:25: PM2 log: App name:myNextApp id:7 disconnected
2023-07-14T17:10:25: PM2 log: App [myNextApp:7] exited with code [1] via signal [SIGINT]
2023-07-14T17:10:25: PM2 log: App [myNextApp:7] starting in -cluster mode-
2023-07-14T17:10:25: PM2 log: App [myNextApp:1] online
2023-07-14T17:10:25: PM2 log: App [myNextApp:7] online
2023-07-14T17:10:25: PM2 log: App name:myNextApp id:3 disconnected
2023-07-14T17:10:25: PM2 log: App [myNextApp:3] exited with code [1] via signal [SIGINT]
2023-07-14T17:10:25: PM2 log: App [myNextApp:3] starting in -cluster mode-
2023-07-14T17:10:26: PM2 log: App [myNextApp:3] online
2023-07-14T17:10:26: PM2 log: App name:myNextApp id:9 disconnected
2023-07-14T17:10:26: PM2 log: App [myNextApp:9] exited with code [1] via signal [SIGINT]
2023-07-14T17:10:26: PM2 log: App [myNextApp:9] starting in -cluster mode-
2023-07-14T17:10:26: PM2 log: App [myNextApp:9] online
2023-07-14T17:10:26: PM2 log: App name:myNextApp id:0 disconnected
2023-07-14T17:10:26: PM2 log: App [myNextApp:0] exited with code [1] via signal [SIGINT]
2023-07-14T17:10:26: PM2 log: App [myNextApp:0] starting in -cluster mode-
2023-07-14T17:10:26: PM2 log: App [myNextApp:0] online
2023-07-14T17:10:26: PM2 log: App name:myNextApp id:6 disconnected
2023-07-14T17:10:26: PM2 log: App [myNextApp:6] exited with code [1] via signal [SIGINT]
2023-07-14T17:10:26: PM2 log: App [myNextApp:6] starting in -cluster mode-
2023-07-14T17:10:26: PM2 log: App [myNextApp:6] online
2023-07-14T17:10:27: PM2 log: App name:myNextApp id:8 disconnected
2023-07-14T17:10:27: PM2 log: App [myNextApp:8] exited with code [1] via signal [SIGINT]
2023-07-14T17:10:27: PM2 log: App [myNextApp:8] starting in -cluster mode-
2023-07-14T17:10:27: PM2 log: App name:myNextApp id:2 disconnected
2023-07-14T17:10:27: PM2 log: App [myNextApp:2] exited with code [1] via signal [SIGINT]
2023-07-14T17:10:27: PM2 log: App [myNextApp:2] starting in -cluster mode-
2023-07-14T17:10:27: PM2 log: App [myNextApp:8] online
2023-07-14T17:10:27: PM2 log: App [myNextApp:2] online
2023-07-14T17:10:27: PM2 log: App [myNextApp:4] exited with code [1] via signal [SIGINT]
2023-07-14T17:10:27: PM2 log: App [myNextApp:4] starting in -cluster mode-
2023-07-14T17:10:28: PM2 log: App [myNextApp:4] online
2023-07-14T17:10:28: PM2 log: App name:myNextApp id:5 disconnected
2023-07-14T17:10:28: PM2 log: App [myNextApp:5] exited with code [1] via signal [SIGINT]
2023-07-14T17:10:28: PM2 log: App [myNextApp:5] starting in -cluster mode-
2023-07-14T17:10:28: PM2 log: App [myNextApp:5] online
2023-07-14T17:10:28: PM2 log: App name:myNextApp id:7 disconnected
2023-07-14T17:10:28: PM2 log: App [myNextApp:7] exited with code [1] via signal [SIGINT]
2023-07-14T17:10:28: PM2 log: App [myNextApp:7] starting in -cluster mode-
2023-07-14T17:10:28: PM2 log: App [myNextApp:7] online
2023-07-14T17:10:28: PM2 log: App name:myNextApp id:1 disconnected
2023-07-14T17:10:28: PM2 log: App [myNextApp:1] exited with code [1] via signal [SIGINT]
2023-07-14T17:10:28: PM2 log: App [myNextApp:1] starting in -cluster mode-
2023-07-14T17:10:28: PM2 log: App name:myNextApp id:3 disconnected
2023-07-14T17:10:28: PM2 log: App name:myNextApp id:9 disconnected
2023-07-14T17:10:28: PM2 log: App [myNextApp:3] exited with code [1] via signal [SIGINT]
2023-07-14T17:10:28: PM2 log: App [myNextApp:9] exited with code [1] via signal [SIGINT]
2023-07-14T17:10:28: PM2 log: App [myNextApp:3] starting in -cluster mode-
2023-07-14T17:10:28: PM2 log: App [myNextApp:9] starting in -cluster mode-
2023-07-14T17:10:28: PM2 log: App [myNextApp:1] online
2023-07-14T17:10:28: PM2 log: App [myNextApp:3] online
2023-07-14T17:10:29: PM2 log: App [myNextApp:9] online
2023-07-14T17:10:29: PM2 log: App name:myNextApp id:0 disconnected
2023-07-14T17:10:29: PM2 log: App [myNextApp:0] exited with code [1] via signal [SIGINT]
2023-07-14T17:10:29: PM2 log: App [myNextApp:0] starting in -cluster mode-
2023-07-14T17:10:29: PM2 log: App [myNextApp:0] online
2023-07-14T17:10:29: PM2 log: App name:myNextApp id:6 disconnected
2023-07-14T17:10:29: PM2 log: App [myNextApp:6] exited with code [1] via signal [SIGINT]
2023-07-14T17:10:29: PM2 log: App [myNextApp:6] starting in -cluster mode-
2023-07-14T17:10:29: PM2 log: App [myNextApp:6] online
2023-07-14T17:10:30: PM2 log: App name:myNextApp id:2 disconnected
2023-07-14T17:10:30: PM2 log: App [myNextApp:2] exited with code [1] via signal [SIGINT]
2023-07-14T17:10:30: PM2 log: App [myNextApp:2] starting in -cluster mode-
2023-07-14T17:10:30: PM2 log: App [myNextApp:2] online
2023-07-14T17:10:30: PM2 log: App name:myNextApp id:8 disconnected
2023-07-14T17:10:30: PM2 log: App [myNextApp:8] exited with code [1] via signal [SIGINT]
2023-07-14T17:10:30: PM2 log: App [myNextApp:8] starting in -cluster mode-
2023-07-14T17:10:30: PM2 log: App [myNextApp:8] online
2023-07-14T17:10:31: PM2 log: App name:myNextApp id:4 disconnected
2023-07-14T17:10:31: PM2 log: App [myNextApp:4] exited with code [1] via signal [SIGINT]
2023-07-14T17:10:31: PM2 log: App [myNextApp:4] starting in -cluster mode-
2023-07-14T17:10:31: PM2 log: App [myNextApp:4] online
2023-07-14T17:10:31: PM2 log: App name:myNextApp id:5 disconnected
2023-07-14T17:10:31: PM2 log: App [myNextApp:5] exited with code [1] via signal [SIGINT]
2023-07-14T17:10:31: PM2 log: App [myNextApp:5] starting in -cluster mode-
2023-07-14T17:10:31: PM2 log: App [myNextApp:5] online
2023-07-14T17:10:31: PM2 log: App name:myNextApp id:7 disconnected
2023-07-14T17:10:31: PM2 log: App [myNextApp:7] exited with code [1] via signal [SIGINT]
2023-07-14T17:10:31: PM2 log: App [myNextApp:7] starting in -cluster mode-
2023-07-14T17:10:31: PM2 log: App [myNextApp:7] online
2023-07-14T17:10:31: PM2 log: App name:myNextApp id:1 disconnected
2023-07-14T17:10:31: PM2 log: App name:myNextApp id:9 disconnected
2023-07-14T17:10:31: PM2 log: App [myNextApp:1] exited with code [1] via signal [SIGINT]
2023-07-14T17:10:31: PM2 log: App [myNextApp:9] exited with code [1] via signal [SIGINT]
2023-07-14T17:10:31: PM2 log: App [myNextApp:1] starting in -cluster mode-
2023-07-14T17:10:31: PM2 log: App [myNextApp:9] starting in -cluster mode-
2023-07-14T17:10:31: PM2 log: App [myNextApp:1] online
2023-07-14T17:10:31: PM2 log: App [myNextApp:9] online
2023-07-14T17:10:32: PM2 log: App name:myNextApp id:3 disconnected
2023-07-14T17:10:32: PM2 log: App [myNextApp:3] exited with code [1] via signal [SIGINT]
2023-07-14T17:10:32: PM2 log: App [myNextApp:3] starting in -cluster mode-
2023-07-14T17:10:32: PM2 log: App name:myNextApp id:0 disconnected
2023-07-14T17:10:32: PM2 log: App [myNextApp:0] exited with code [1] via signal [SIGINT]
2023-07-14T17:10:32: PM2 log: App [myNextApp:0] starting in -cluster mode-
2023-07-14T17:10:32: PM2 log: App [myNextApp:3] online
2023-07-14T17:10:32: PM2 log: App [myNextApp:0] online
2023-07-14T17:10:32: PM2 log: App name:myNextApp id:6 disconnected
2023-07-14T17:10:32: PM2 log: App [myNextApp:6] exited with code [1] via signal [SIGINT]
2023-07-14T17:10:32: PM2 log: App [myNextApp:6] starting in -cluster mode-
2023-07-14T17:10:32: PM2 log: App [myNextApp:6] online
2023-07-14T17:10:32: PM2 log: App name:myNextApp id:2 disconnected
2023-07-14T17:10:32: PM2 log: App [myNextApp:2] exited with code [1] via signal [SIGINT]
2023-07-14T17:10:32: PM2 log: App [myNextApp:2] starting in -cluster mode-
2023-07-14T17:10:33: PM2 log: App [myNextApp:2] online
2023-07-14T17:10:33: PM2 log: App name:myNextApp id:8 disconnected
2023-07-14T17:10:33: PM2 log: App [myNextApp:8] exited with code [1] via signal [SIGINT]
2023-07-14T17:10:33: PM2 log: App [myNextApp:8] starting in -cluster mode-
2023-07-14T17:10:33: PM2 log: App [myNextApp:8] online
2023-07-14T17:10:33: PM2 log: App name:myNextApp id:4 disconnected
2023-07-14T17:10:33: PM2 log: App [myNextApp:4] exited with code [1] via signal [SIGINT]
2023-07-14T17:10:33: PM2 log: App [myNextApp:4] starting in -cluster mode-
2023-07-14T17:10:33: PM2 log: App [myNextApp:4] online
2023-07-14T17:10:34: PM2 log: App name:myNextApp id:5 disconnected
2023-07-14T17:10:34: PM2 log: App [myNextApp:5] exited with code [1] via signal [SIGINT]
2023-07-14T17:10:34: PM2 log: App [myNextApp:5] starting in -cluster mode-
2023-07-14T17:10:34: PM2 log: App [myNextApp:5] online
2023-07-14T17:10:34: PM2 log: App name:myNextApp id:7 disconnected
2023-07-14T17:10:34: PM2 log: App [myNextApp:7] exited with code [1] via signal [SIGINT]
2023-07-14T17:10:34: PM2 log: App [myNextApp:7] starting in -cluster mode-
2023-07-14T17:10:34: PM2 log: App [myNextApp:7] online
2023-07-14T17:10:34: PM2 log: App name:myNextApp id:1 disconnected
2023-07-14T17:10:34: PM2 log: App [myNextApp:1] exited with code [1] via signal [SIGINT]
2023-07-14T17:10:34: PM2 log: App [myNextApp:1] starting in -cluster mode-
2023-07-14T17:10:34: PM2 log: App [myNextApp:1] online
2023-07-14T17:10:35: PM2 log: App name:myNextApp id:9 disconnected
2023-07-14T17:10:35: PM2 log: App [myNextApp:9] exited with code [1] via signal [SIGINT]
2023-07-14T17:10:35: PM2 log: App [myNextApp:9] starting in -cluster mode-
2023-07-14T17:10:35: PM2 log: App [myNextApp:9] online
2023-07-14T17:10:35: PM2 log: App name:myNextApp id:3 disconnected
2023-07-14T17:10:35: PM2 log: App [myNextApp:3] exited with code [1] via signal [SIGINT]
2023-07-14T17:10:35: PM2 log: App [myNextApp:3] starting in -cluster mode-
2023-07-14T17:10:35: PM2 log: App name:myNextApp id:0 disconnected
2023-07-14T17:10:35: PM2 log: App [myNextApp:0] exited with code [1] via signal [SIGINT]
2023-07-14T17:10:35: PM2 log: App [myNextApp:0] starting in -cluster mode-
2023-07-14T17:10:35: PM2 log: App [myNextApp:3] online
2023-07-14T17:10:35: PM2 log: App name:myNextApp id:6 disconnected
2023-07-14T17:10:35: PM2 log: App [myNextApp:6] exited with code [1] via signal [SIGINT]
2023-07-14T17:10:35: PM2 log: App [myNextApp:6] starting in -cluster mode-
2023-07-14T17:10:35: PM2 log: App [myNextApp:0] online
2023-07-14T17:10:35: PM2 log: App [myNextApp:6] online
2023-07-14T17:10:35: PM2 log: App name:myNextApp id:2 disconnected
2023-07-14T17:10:35: PM2 log: App [myNextApp:2] exited with code [1] via signal [SIGINT]
2023-07-14T17:10:35: PM2 log: App [myNextApp:2] starting in -cluster mode-
2023-07-14T17:10:36: PM2 log: App [myNextApp:2] online
2023-07-14T17:10:36: PM2 log: App name:myNextApp id:8 disconnected
2023-07-14T17:10:36: PM2 log: App [myNextApp:8] exited with code [1] via signal [SIGINT]
2023-07-14T17:10:36: PM2 log: App [myNextApp:8] starting in -cluster mode-
2023-07-14T17:10:36: PM2 log: App [myNextApp:8] online
2023-07-14T17:10:36: PM2 log: App name:myNextApp id:4 disconnected
2023-07-14T17:10:36: PM2 log: App [myNextApp:4] exited with code [1] via signal [SIGINT]
2023-07-14T17:10:36: PM2 log: App [myNextApp:4] starting in -cluster mode-
2023-07-14T17:10:36: PM2 log: App [myNextApp:4] online
2023-07-14T17:10:37: PM2 log: App name:myNextApp id:5 disconnected
2023-07-14T17:10:37: PM2 log: App [myNextApp:5] exited with code [1] via signal [SIGINT]
2023-07-14T17:10:37: PM2 log: App [myNextApp:5] starting in -cluster mode-
2023-07-14T17:10:37: PM2 log: App [myNextApp:5] online
2023-07-14T17:10:37: PM2 log: App name:myNextApp id:1 disconnected
2023-07-14T17:10:37: PM2 log: App [myNextApp:1] exited with code [1] via signal [SIGINT]
2023-07-14T17:10:37: PM2 log: App [myNextApp:1] starting in -cluster mode-
2023-07-14T17:10:37: PM2 log: App [myNextApp:1] online
2023-07-14T17:10:37: PM2 log: App name:myNextApp id:7 disconnected
2023-07-14T17:10:37: PM2 log: App [myNextApp:7] exited with code [1] via signal [SIGINT]
2023-07-14T17:10:37: PM2 log: App [myNextApp:7] starting in -cluster mode-
2023-07-14T17:10:37: PM2 log: App [myNextApp:7] online
2023-07-14T17:10:37: PM2 log: App name:myNextApp id:3 disconnected
2023-07-14T17:10:37: PM2 log: App [myNextApp:3] exited with code [1] via signal [SIGINT]
2023-07-14T17:10:37: PM2 log: App [myNextApp:3] starting in -cluster mode-
2023-07-14T17:10:38: PM2 log: App name:myNextApp id:9 disconnected
2023-07-14T17:10:38: PM2 log: App [myNextApp:9] exited with code [1] via signal [SIGINT]
2023-07-14T17:10:38: PM2 log: App [myNextApp:9] starting in -cluster mode-
2023-07-14T17:10:38: PM2 log: App name:myNextApp id:0 disconnected
2023-07-14T17:10:38: PM2 log: App [myNextApp:0] exited with code [1] via signal [SIGINT]
2023-07-14T17:10:38: PM2 log: App [myNextApp:0] starting in -cluster mode-
2023-07-14T17:10:38: PM2 log: App [myNextApp:3] online
2023-07-14T17:10:38: PM2 log: App [myNextApp:9] online
2023-07-14T17:10:38: PM2 log: App [myNextApp:0] online
2023-07-14T17:10:38: PM2 log: App name:myNextApp id:6 disconnected
2023-07-14T17:10:38: PM2 log: App [myNextApp:6] exited with code [1] via signal [SIGINT]
2023-07-14T17:10:38: PM2 log: App [myNextApp:6] starting in -cluster mode-
2023-07-14T17:10:38: PM2 log: App [myNextApp:6] online
2023-07-14T17:10:39: PM2 log: App name:myNextApp id:2 disconnected
2023-07-14T17:10:39: PM2 log: App [myNextApp:2] exited with code [1] via signal [SIGINT]
2023-07-14T17:10:39: PM2 log: App [myNextApp:2] starting in -cluster mode-
2023-07-14T17:10:39: PM2 log: App [myNextApp:2] online
2023-07-14T17:10:39: PM2 log: App name:myNextApp id:8 disconnected
2023-07-14T17:10:39: PM2 log: App [myNextApp:8] exited with code [1] via signal [SIGINT]
2023-07-14T17:10:39: PM2 log: App [myNextApp:8] starting in -cluster mode-
2023-07-14T17:10:39: PM2 log: App [myNextApp:8] online
2023-07-14T17:10:39: PM2 log: App name:myNextApp id:4 disconnected
2023-07-14T17:10:39: PM2 log: App [myNextApp:4] exited with code [1] via signal [SIGINT]
2023-07-14T17:10:39: PM2 log: App [myNextApp:4] starting in -cluster mode-
2023-07-14T17:10:39: PM2 log: App [myNextApp:4] online
2023-07-14T17:10:40: PM2 log: App name:myNextApp id:5 disconnected
2023-07-14T17:10:40: PM2 log: App [myNextApp:5] exited with code [1] via signal [SIGINT]
2023-07-14T17:10:40: PM2 log: App [myNextApp:5] starting in -cluster mode-
2023-07-14T17:10:40: PM2 log: App [myNextApp:5] online
2023-07-14T17:10:40: PM2 log: App name:myNextApp id:7 disconnected
2023-07-14T17:10:40: PM2 log: App [myNextApp:7] exited with code [1] via signal [SIGINT]
2023-07-14T17:10:40: PM2 log: App [myNextApp:7] starting in -cluster mode-
2023-07-14T17:10:40: PM2 log: App [myNextApp:7] online
2023-07-14T17:10:40: PM2 log: App name:myNextApp id:1 disconnected
2023-07-14T17:10:40: PM2 log: App [myNextApp:1] exited with code [1] via signal [SIGINT]
2023-07-14T17:10:40: PM2 log: App [myNextApp:1] starting in -cluster mode-
2023-07-14T17:10:40: PM2 log: App [myNextApp:1] online
2023-07-14T17:10:40: PM2 log: App name:myNextApp id:3 disconnected
2023-07-14T17:10:40: PM2 log: App [myNextApp:3] exited with code [1] via signal [SIGINT]
2023-07-14T17:10:40: PM2 log: App [myNextApp:3] starting in -cluster mode-
2023-07-14T17:10:41: PM2 log: App [myNextApp:3] online
2023-07-14T17:10:41: PM2 log: App name:myNextApp id:9 disconnected
2023-07-14T17:10:41: PM2 log: App [myNextApp:9] exited with code [1] via signal [SIGINT]
2023-07-14T17:10:41: PM2 log: App [myNextApp:9] starting in -cluster mode-
2023-07-14T17:10:41: PM2 log: App [myNextApp:9] online
2023-07-14T17:10:41: PM2 log: App name:myNextApp id:0 disconnected
2023-07-14T17:10:41: PM2 log: App [myNextApp:0] exited with code [1] via signal [SIGINT]
2023-07-14T17:10:41: PM2 log: App [myNextApp:0] starting in -cluster mode-
2023-07-14T17:10:41: PM2 log: App name:myNextApp id:6 disconnected
2023-07-14T17:10:41: PM2 log: App [myNextApp:6] exited with code [1] via signal [SIGINT]
2023-07-14T17:10:41: PM2 log: App [myNextApp:6] starting in -cluster mode-
2023-07-14T17:10:41: PM2 log: App [myNextApp:6] online
2023-07-14T17:10:41: PM2 log: App [myNextApp:0] online
2023-07-14T17:10:42: PM2 log: App [myNextApp:2] exited with code [1] via signal [SIGINT]
2023-07-14T17:10:42: PM2 log: App [myNextApp:2] starting in -cluster mode-
2023-07-14T17:10:42: PM2 log: App [myNextApp:2] online
2023-07-14T17:10:42: PM2 log: App name:myNextApp id:8 disconnected
2023-07-14T17:10:42: PM2 log: App [myNextApp:8] exited with code [1] via signal [SIGINT]
2023-07-14T17:10:42: PM2 log: App [myNextApp:8] starting in -cluster mode-
2023-07-14T17:10:42: PM2 log: App [myNextApp:8] online
2023-07-14T17:10:43: PM2 log: App name:myNextApp id:4 disconnected
2023-07-14T17:10:43: PM2 log: App [myNextApp:4] exited with code [1] via signal [SIGINT]
2023-07-14T17:10:43: PM2 log: App [myNextApp:4] starting in -cluster mode-
2023-07-14T17:10:43: PM2 log: App [myNextApp:4] online
2023-07-14T17:10:43: PM2 log: App name:myNextApp id:5 disconnected
2023-07-14T17:10:43: PM2 log: App [myNextApp:5] exited with code [1] via signal [SIGINT]
2023-07-14T17:10:43: PM2 log: App [myNextApp:5] starting in -cluster mode-
2023-07-14T17:10:43: PM2 log: App [myNextApp:5] online
2023-07-14T17:10:43: PM2 log: App name:myNextApp id:7 disconnected
2023-07-14T17:10:43: PM2 log: App [myNextApp:7] exited with code [1] via signal [SIGINT]
2023-07-14T17:10:43: PM2 log: App [myNextApp:7] starting in -cluster mode-
2023-07-14T17:10:43: PM2 log: App [myNextApp:7] online
2023-07-14T17:10:44: PM2 log: App name:myNextApp id:1 disconnected
2023-07-14T17:10:44: PM2 log: App [myNextApp:1] exited with code [1] via signal [SIGINT]
2023-07-14T17:10:44: PM2 log: App [myNextApp:1] starting in -cluster mode-
2023-07-14T17:10:44: PM2 log: App [myNextApp:1] online
2023-07-14T17:10:44: PM2 log: App name:myNextApp id:3 disconnected
2023-07-14T17:10:44: PM2 log: App [myNextApp:3] exited with code [1] via signal [SIGINT]
2023-07-14T17:10:44: PM2 log: App [myNextApp:3] starting in -cluster mode-
2023-07-14T17:10:44: PM2 log: App [myNextApp:3] online
2023-07-14T17:10:44: PM2 log: App name:myNextApp id:9 disconnected
2023-07-14T17:10:44: PM2 log: App [myNextApp:9] exited with code [1] via signal [SIGINT]
2023-07-14T17:10:44: PM2 log: App [myNextApp:9] starting in -cluster mode-
2023-07-14T17:10:44: PM2 log: App [myNextApp:9] online
2023-07-14T17:10:44: PM2 log: App name:myNextApp id:6 disconnected
2023-07-14T17:10:44: PM2 log: App [myNextApp:6] exited with code [1] via signal [SIGINT]
2023-07-14T17:10:44: PM2 log: App [myNextApp:6] starting in -cluster mode-
2023-07-14T17:10:44: PM2 log: App [myNextApp:6] online
2023-07-14T17:10:44: PM2 log: App name:myNextApp id:0 disconnected
2023-07-14T17:10:44: PM2 log: App [myNextApp:0] exited with code [1] via signal [SIGINT]
2023-07-14T17:10:44: PM2 log: App [myNextApp:0] starting in -cluster mode-
2023-07-14T17:10:44: PM2 log: App [myNextApp:0] online
2023-07-14T17:10:45: PM2 log: App name:myNextApp id:2 disconnected
2023-07-14T17:10:45: PM2 log: App [myNextApp:2] exited with code [1] via signal [SIGINT]
2023-07-14T17:10:45: PM2 log: App [myNextApp:2] starting in -cluster mode-
2023-07-14T17:10:45: PM2 log: App [myNextApp:2] online
2023-07-14T17:10:45: PM2 log: App name:myNextApp id:8 disconnected
2023-07-14T17:10:45: PM2 log: App [myNextApp:8] exited with code [1] via signal [SIGINT]
2023-07-14T17:10:45: PM2 log: App [myNextApp:8] starting in -cluster mode-
2023-07-14T17:10:45: PM2 log: App [myNextApp:8] online
2023-07-14T17:10:46: PM2 log: App name:myNextApp id:4 disconnected
2023-07-14T17:10:46: PM2 log: App [myNextApp:4] exited with code [1] via signal [SIGINT]
2023-07-14T17:10:46: PM2 log: App [myNextApp:4] starting in -cluster mode-
2023-07-14T17:10:46: PM2 log: App [myNextApp:4] online
2023-07-14T17:10:46: PM2 log: App name:myNextApp id:5 disconnected
2023-07-14T17:10:46: PM2 log: App [myNextApp:5] exited with code [1] via signal [SIGINT]
2023-07-14T17:10:46: PM2 log: App [myNextApp:5] starting in -cluster mode-
2023-07-14T17:10:46: PM2 log: App [myNextApp:5] online
2023-07-14T17:10:47: PM2 log: App name:myNextApp id:1 disconnected
2023-07-14T17:10:47: PM2 log: App [myNextApp:1] exited with code [1] via signal [SIGINT]
2023-07-14T17:10:47: PM2 log: App [myNextApp:1] starting in -cluster mode-
2023-07-14T17:10:47: PM2 log: App name:myNextApp id:7 disconnected
2023-07-14T17:10:47: PM2 log: App [myNextApp:7] exited with code [1] via signal [SIGINT]
2023-07-14T17:10:47: PM2 log: App [myNextApp:7] starting in -cluster mode-
2023-07-14T17:10:47: PM2 log: App [myNextApp:1] online
2023-07-14T17:10:47: PM2 log: App [myNextApp:7] online
2023-07-14T17:10:47: PM2 log: App name:myNextApp id:3 disconnected
2023-07-14T17:10:47: PM2 log: App [myNextApp:3] exited with code [1] via signal [SIGINT]
2023-07-14T17:10:47: PM2 log: App [myNextApp:3] starting in -cluster mode-
2023-07-14T17:10:47: PM2 log: App name:myNextApp id:6 disconnected
2023-07-14T17:10:47: PM2 log: App [myNextApp:6] exited with code [1] via signal [SIGINT]
2023-07-14T17:10:47: PM2 log: App [myNextApp:6] starting in -cluster mode-
2023-07-14T17:10:47: PM2 log: App [myNextApp:3] online
2023-07-14T17:10:47: PM2 log: App [myNextApp:6] online
2023-07-14T17:10:47: PM2 log: App name:myNextApp id:9 disconnected
2023-07-14T17:10:47: PM2 log: App [myNextApp:9] exited with code [1] via signal [SIGINT]
2023-07-14T17:10:48: PM2 log: App [myNextApp:9] starting in -cluster mode-
2023-07-14T17:10:48: PM2 log: App [myNextApp:9] online
2023-07-14T17:10:48: PM2 log: App name:myNextApp id:0 disconnected
2023-07-14T17:10:48: PM2 log: App [myNextApp:0] exited with code [1] via signal [SIGINT]
2023-07-14T17:10:48: PM2 log: App [myNextApp:0] starting in -cluster mode-
2023-07-14T17:10:48: PM2 log: App name:myNextApp id:2 disconnected
2023-07-14T17:10:48: PM2 log: App [myNextApp:2] exited with code [1] via signal [SIGINT]
2023-07-14T17:10:48: PM2 log: App [myNextApp:2] starting in -cluster mode-
2023-07-14T17:10:48: PM2 log: App [myNextApp:0] online
2023-07-14T17:10:48: PM2 log: App [myNextApp:2] online
2023-07-14T17:10:48: PM2 log: App name:myNextApp id:8 disconnected
2023-07-14T17:10:48: PM2 log: App [myNextApp:8] exited with code [1] via signal [SIGINT]
2023-07-14T17:10:48: PM2 log: App [myNextApp:8] starting in -cluster mode-
2023-07-14T17:10:48: PM2 log: App [myNextApp:8] online
2023-07-14T17:10:49: PM2 log: App name:myNextApp id:4 disconnected
2023-07-14T17:10:49: PM2 log: App [myNextApp:4] exited with code [1] via signal [SIGINT]
2023-07-14T17:10:49: PM2 log: App [myNextApp:4] starting in -cluster mode-
2023-07-14T17:10:49: PM2 log: App [myNextApp:4] online
2023-07-14T17:10:49: PM2 log: App name:myNextApp id:5 disconnected
2023-07-14T17:10:49: PM2 log: App [myNextApp:5] exited with code [1] via signal [SIGINT]
2023-07-14T17:10:49: PM2 log: App [myNextApp:5] starting in -cluster mode-
2023-07-14T17:10:49: PM2 log: App [myNextApp:5] online
2023-07-14T17:10:50: PM2 log: App name:myNextApp id:1 disconnected
2023-07-14T17:10:50: PM2 log: App [myNextApp:1] exited with code [1] via signal [SIGINT]
2023-07-14T17:10:50: PM2 log: App [myNextApp:1] starting in -cluster mode-
2023-07-14T17:10:50: PM2 log: App [myNextApp:1] online
2023-07-14T17:10:50: PM2 log: App name:myNextApp id:7 disconnected
2023-07-14T17:10:50: PM2 log: App [myNextApp:7] exited with code [1] via signal [SIGINT]
2023-07-14T17:10:50: PM2 log: App [myNextApp:7] starting in -cluster mode-
2023-07-14T17:10:50: PM2 log: App [myNextApp:7] online
2023-07-14T17:10:50: PM2 log: App name:myNextApp id:3 disconnected
2023-07-14T17:10:50: PM2 log: App [myNextApp:3] exited with code [1] via signal [SIGINT]
2023-07-14T17:10:50: PM2 log: App [myNextApp:3] starting in -cluster mode-
2023-07-14T17:10:50: PM2 log: App [myNextApp:3] online
2023-07-14T17:10:51: PM2 log: App name:myNextApp id:6 disconnected
2023-07-14T17:10:51: PM2 log: App [myNextApp:6] exited with code [1] via signal [SIGINT]
2023-07-14T17:10:51: PM2 log: App [myNextApp:6] starting in -cluster mode-
2023-07-14T17:10:51: PM2 log: App name:myNextApp id:9 disconnected
2023-07-14T17:10:51: PM2 log: App [myNextApp:9] exited with code [1] via signal [SIGINT]
2023-07-14T17:10:51: PM2 log: App [myNextApp:9] starting in -cluster mode-
2023-07-14T17:10:51: PM2 log: App [myNextApp:6] online
2023-07-14T17:10:51: PM2 log: App [myNextApp:9] online
2023-07-14T17:10:51: PM2 log: App name:myNextApp id:2 disconnected
2023-07-14T17:10:51: PM2 log: App [myNextApp:2] exited with code [1] via signal [SIGINT]
2023-07-14T17:10:51: PM2 log: App [myNextApp:2] starting in -cluster mode-
2023-07-14T17:10:51: PM2 log: App [myNextApp:2] online
2023-07-14T17:10:51: PM2 log: App name:myNextApp id:0 disconnected
2023-07-14T17:10:51: PM2 log: App [myNextApp:0] exited with code [1] via signal [SIGINT]
2023-07-14T17:10:51: PM2 log: App [myNextApp:0] starting in -cluster mode-
2023-07-14T17:10:51: PM2 log: App [myNextApp:0] online
2023-07-14T17:10:51: PM2 log: App name:myNextApp id:8 disconnected
2023-07-14T17:10:51: PM2 log: App [myNextApp:8] exited with code [1] via signal [SIGINT]
2023-07-14T17:10:51: PM2 log: App [myNextApp:8] starting in -cluster mode-
2023-07-14T17:10:51: PM2 log: App [myNextApp:8] online
2023-07-14T17:10:52: PM2 log: App [myNextApp:4] exited with code [1] via signal [SIGINT]
2023-07-14T17:10:52: PM2 log: App [myNextApp:4] starting in -cluster mode-
2023-07-14T17:10:52: PM2 log: App [myNextApp:4] online
2023-07-14T17:10:52: PM2 log: App name:myNextApp id:5 disconnected
2023-07-14T17:10:52: PM2 log: App [myNextApp:5] exited with code [1] via signal [SIGINT]
2023-07-14T17:10:52: PM2 log: App [myNextApp:5] starting in -cluster mode-
2023-07-14T17:10:52: PM2 log: App [myNextApp:5] online
2023-07-14T17:10:53: PM2 log: App name:myNextApp id:1 disconnected
2023-07-14T17:10:53: PM2 log: App [myNextApp:1] exited with code [1] via signal [SIGINT]
2023-07-14T17:10:53: PM2 log: App [myNextApp:1] starting in -cluster mode-
2023-07-14T17:10:53: PM2 log: App [myNextApp:1] online
2023-07-14T17:10:53: PM2 log: App name:myNextApp id:7 disconnected
2023-07-14T17:10:53: PM2 log: App [myNextApp:7] exited with code [1] via signal [SIGINT]
2023-07-14T17:10:53: PM2 log: App [myNextApp:7] starting in -cluster mode-
2023-07-14T17:10:54: PM2 log: App name:myNextApp id:3 disconnected
2023-07-14T17:10:54: PM2 log: App [myNextApp:3] exited with code [1] via signal [SIGINT]
2023-07-14T17:10:54: PM2 log: App [myNextApp:3] starting in -cluster mode-
2023-07-14T17:10:54: PM2 log: App [myNextApp:7] online
2023-07-14T17:10:54: PM2 log: App [myNextApp:3] online
2023-07-14T17:10:54: PM2 log: App name:myNextApp id:6 disconnected
2023-07-14T17:10:54: PM2 log: App [myNextApp:6] exited with code [1] via signal [SIGINT]
2023-07-14T17:10:54: PM2 log: App [myNextApp:6] starting in -cluster mode-
2023-07-14T17:10:54: PM2 log: App [myNextApp:6] online
2023-07-14T17:10:54: PM2 log: App name:myNextApp id:9 disconnected
2023-07-14T17:10:54: PM2 log: App [myNextApp:9] exited with code [1] via signal [SIGINT]
2023-07-14T17:10:54: PM2 log: App [myNextApp:9] starting in -cluster mode-
2023-07-14T17:10:54: PM2 log: App [myNextApp:9] online
2023-07-14T17:10:54: PM2 log: App name:myNextApp id:2 disconnected
2023-07-14T17:10:54: PM2 log: App [myNextApp:2] exited with code [1] via signal [SIGINT]
2023-07-14T17:10:54: PM2 log: App [myNextApp:2] starting in -cluster mode-
2023-07-14T17:10:55: PM2 log: App name:myNextApp id:8 disconnected
2023-07-14T17:10:55: PM2 log: App [myNextApp:8] exited with code [1] via signal [SIGINT]
2023-07-14T17:10:55: PM2 log: App [myNextApp:8] starting in -cluster mode-
2023-07-14T17:10:55: PM2 log: App [myNextApp:2] online
2023-07-14T17:10:55: PM2 log: App name:myNextApp id:0 disconnected
2023-07-14T17:10:55: PM2 log: App [myNextApp:8] online
2023-07-14T17:10:55: PM2 log: App [myNextApp:0] exited with code [1] via signal [SIGINT]
2023-07-14T17:10:55: PM2 log: App [myNextApp:0] starting in -cluster mode-
2023-07-14T17:10:55: PM2 log: App [myNextApp:0] online
2023-07-14T17:10:56: PM2 log: App name:myNextApp id:4 disconnected
2023-07-14T17:10:56: PM2 log: App [myNextApp:4] exited with code [1] via signal [SIGINT]
2023-07-14T17:10:56: PM2 log: App [myNextApp:4] starting in -cluster mode-
2023-07-14T17:10:56: PM2 log: App [myNextApp:4] online
2023-07-14T17:10:56: PM2 log: App name:myNextApp id:5 disconnected
2023-07-14T17:10:56: PM2 log: App [myNextApp:5] exited with code [1] via signal [SIGINT]
2023-07-14T17:10:56: PM2 log: App [myNextApp:5] starting in -cluster mode-
2023-07-14T17:10:56: PM2 log: App [myNextApp:5] online
2023-07-14T17:10:56: PM2 log: App name:myNextApp id:1 disconnected
2023-07-14T17:10:56: PM2 log: App [myNextApp:1] exited with code [1] via signal [SIGINT]
2023-07-14T17:10:56: PM2 log: App [myNextApp:1] starting in -cluster mode-
2023-07-14T17:10:57: PM2 log: App [myNextApp:1] online
2023-07-14T17:14:18: PM2 log: Stopping app:myNextApp id:0
2023-07-14T17:14:18: PM2 log: Stopping app:myNextApp id:1
2023-07-14T17:14:18: PM2 log: App name:myNextApp id:1 disconnected
2023-07-14T17:14:18: PM2 log: App name:myNextApp id:0 disconnected
2023-07-14T17:14:18: PM2 log: App [myNextApp:0] exited with code [0] via signal [SIGINT]
2023-07-14T17:14:18: PM2 log: App [myNextApp:1] exited with code [0] via signal [SIGINT]
2023-07-14T17:14:18: PM2 log: pid=29153 msg=process killed
2023-07-14T17:14:18: PM2 log: App [myNextApp:0] starting in -cluster mode-
2023-07-14T17:14:18: PM2 log: pid=29227 msg=process killed
2023-07-14T17:14:18: PM2 log: App [myNextApp:1] starting in -cluster mode-
2023-07-14T17:14:18: PM2 log: App [myNextApp:0] online
2023-07-14T17:14:18: PM2 log: App [myNextApp:1] online
2023-07-14T17:14:18: PM2 log: Stopping app:myNextApp id:2
2023-07-14T17:14:18: PM2 log: Stopping app:myNextApp id:3
2023-07-14T17:14:18: PM2 log: App name:myNextApp id:2 disconnected
2023-07-14T17:14:18: PM2 log: App [myNextApp:2] exited with code [0] via signal [SIGINT]
2023-07-14T17:14:18: PM2 log: App name:myNextApp id:3 disconnected
2023-07-14T17:14:18: PM2 log: App [myNextApp:3] exited with code [0] via signal [SIGINT]
2023-07-14T17:14:18: PM2 log: pid=29133 msg=process killed
2023-07-14T17:14:18: PM2 log: App [myNextApp:2] starting in -cluster mode-
2023-07-14T17:14:18: PM2 log: pid=29076 msg=process killed
2023-07-14T17:14:18: PM2 log: App [myNextApp:3] starting in -cluster mode-
2023-07-14T17:14:18: PM2 log: App [myNextApp:2] online
2023-07-14T17:14:18: PM2 log: Stopping app:myNextApp id:4
2023-07-14T17:14:18: PM2 log: App [myNextApp:3] online
2023-07-14T17:14:18: PM2 log: Stopping app:myNextApp id:5
2023-07-14T17:14:18: PM2 log: pid=29193 msg=failed to kill - retrying in 100ms
2023-07-14T17:14:18: PM2 log: pid=29210 msg=failed to kill - retrying in 100ms
2023-07-14T17:14:18: PM2 log: App name:myNextApp id:4 disconnected
2023-07-14T17:14:18: PM2 log: App name:myNextApp id:5 disconnected
2023-07-14T17:14:18: PM2 log: App [myNextApp:4] exited with code [0] via signal [SIGINT]
2023-07-14T17:14:18: PM2 log: App [myNextApp:5] exited with code [0] via signal [SIGINT]
2023-07-14T17:14:19: PM2 log: pid=29193 msg=process killed
2023-07-14T17:14:19: PM2 log: App [myNextApp:4] starting in -cluster mode-
2023-07-14T17:14:19: PM2 log: pid=29210 msg=process killed
2023-07-14T17:14:19: PM2 log: App [myNextApp:5] starting in -cluster mode-
2023-07-14T17:14:19: PM2 log: App [myNextApp:4] online
2023-07-14T17:14:19: PM2 log: App [myNextApp:5] online
2023-07-14T17:14:19: PM2 log: Stopping app:myNextApp id:6
2023-07-14T17:14:19: PM2 log: Stopping app:myNextApp id:7
2023-07-14T17:14:19: PM2 log: App [myNextApp:7] exited with code [0] via signal [SIGINT]
2023-07-14T17:14:19: PM2 log: App [myNextApp:6] exited with code [0] via signal [SIGINT]
2023-07-14T17:14:19: PM2 log: App name:myNextApp id:7 disconnected
2023-07-14T17:14:19: PM2 log: App name:myNextApp id:6 disconnected
2023-07-14T17:14:19: PM2 log: pid=29095 msg=process killed
2023-07-14T17:14:19: PM2 log: App [myNextApp:6] starting in -cluster mode-
2023-07-14T17:14:19: PM2 log: pid=29069 msg=process killed
2023-07-14T17:14:19: PM2 log: App [myNextApp:7] starting in -cluster mode-
2023-07-14T17:14:19: PM2 log: App [myNextApp:6] online
2023-07-14T17:14:19: PM2 log: Stopping app:myNextApp id:8
2023-07-14T17:14:19: PM2 log: App [myNextApp:7] online
2023-07-14T17:14:19: PM2 log: Stopping app:myNextApp id:9
2023-07-14T17:14:19: PM2 log: App name:myNextApp id:8 disconnected
2023-07-14T17:14:19: PM2 log: App [myNextApp:8] exited with code [0] via signal [SIGINT]
2023-07-14T17:14:19: PM2 log: pid=29140 msg=process killed
2023-07-14T17:14:19: PM2 log: App [myNextApp:8] starting in -cluster mode-
2023-07-14T17:14:19: PM2 log: App name:myNextApp id:9 disconnected
2023-07-14T17:14:19: PM2 log: App [myNextApp:9] exited with code [0] via signal [SIGINT]
2023-07-14T17:14:19: PM2 log: pid=29112 msg=process killed
2023-07-14T17:14:19: PM2 log: App [myNextApp:9] starting in -cluster mode-
2023-07-14T17:14:19: PM2 log: App [myNextApp:9] online
2023-07-14T17:14:19: PM2 log: App [myNextApp:8] online
2023-07-14T17:29:38: PM2 log: [Watch] Stop watching myNextApp
2023-07-14T17:29:38: PM2 log: Stopping app:myNextApp id:0
2023-07-14T17:29:38: PM2 log: [Watch] Stop watching myNextApp
2023-07-14T17:29:38: PM2 log: Stopping app:myNextApp id:1
2023-07-14T17:29:38: PM2 log: pid=30002 msg=failed to kill - retrying in 100ms
2023-07-14T17:29:38: PM2 log: pid=30003 msg=failed to kill - retrying in 100ms
2023-07-14T17:29:39: PM2 log: pid=30002 msg=failed to kill - retrying in 100ms
2023-07-14T17:29:39: PM2 log: pid=30003 msg=failed to kill - retrying in 100ms
2023-07-14T17:29:39: PM2 log: pid=30002 msg=failed to kill - retrying in 100ms
2023-07-14T17:29:39: PM2 log: pid=30003 msg=failed to kill - retrying in 100ms
2023-07-14T17:29:39: PM2 log: pid=30002 msg=failed to kill - retrying in 100ms
2023-07-14T17:29:39: PM2 log: pid=30003 msg=failed to kill - retrying in 100ms
2023-07-14T17:29:39: PM2 log: App name:myNextApp id:0 disconnected
2023-07-14T17:29:39: PM2 log: App [myNextApp:0] exited with code [0] via signal [SIGINT]
2023-07-14T17:29:39: PM2 log: App name:myNextApp id:1 disconnected
2023-07-14T17:29:39: PM2 log: App [myNextApp:1] exited with code [0] via signal [SIGINT]
2023-07-14T17:29:39: PM2 log: pid=30002 msg=process killed
2023-07-14T17:29:39: PM2 log: pid=30003 msg=process killed
2023-07-14T17:29:39: PM2 log: [Watch] Stop watching myNextApp
2023-07-14T17:29:39: PM2 log: Stopping app:myNextApp id:2
2023-07-14T17:29:39: PM2 log: [Watch] Stop watching myNextApp
2023-07-14T17:29:39: PM2 log: Stopping app:myNextApp id:3
2023-07-14T17:29:39: PM2 log: App name:myNextApp id:2 disconnected
2023-07-14T17:29:39: PM2 log: App [myNextApp:2] exited with code [0] via signal [SIGINT]
2023-07-14T17:29:39: PM2 log: pid=30026 msg=process killed
2023-07-14T17:29:39: PM2 log: App name:myNextApp id:3 disconnected
2023-07-14T17:29:39: PM2 log: App [myNextApp:3] exited with code [0] via signal [SIGINT]
2023-07-14T17:29:39: PM2 log: pid=30040 msg=process killed
2023-07-14T17:29:39: PM2 log: [Watch] Stop watching myNextApp
2023-07-14T17:29:39: PM2 log: Stopping app:myNextApp id:4
2023-07-14T17:29:39: PM2 log: [Watch] Stop watching myNextApp
2023-07-14T17:29:39: PM2 log: Stopping app:myNextApp id:5
2023-07-14T17:29:39: PM2 log: App name:myNextApp id:5 disconnected
2023-07-14T17:29:39: PM2 log: App [myNextApp:5] exited with code [0] via signal [SIGINT]
2023-07-14T17:29:39: PM2 log: App name:myNextApp id:4 disconnected
2023-07-14T17:29:39: PM2 log: App [myNextApp:4] exited with code [0] via signal [SIGINT]
2023-07-14T17:29:39: PM2 log: pid=30066 msg=process killed
2023-07-14T17:29:39: PM2 log: [Watch] Stop watching myNextApp
2023-07-14T17:29:39: PM2 log: Stopping app:myNextApp id:6
2023-07-14T17:29:39: PM2 log: pid=30067 msg=process killed
2023-07-14T17:29:39: PM2 log: [Watch] Stop watching myNextApp
2023-07-14T17:29:39: PM2 log: Stopping app:myNextApp id:7
2023-07-14T17:29:39: PM2 log: pid=30102 msg=failed to kill - retrying in 100ms
2023-07-14T17:29:39: PM2 log: pid=30108 msg=failed to kill - retrying in 100ms
2023-07-14T17:29:39: PM2 log: pid=30102 msg=failed to kill - retrying in 100ms
2023-07-14T17:29:39: PM2 log: pid=30108 msg=failed to kill - retrying in 100ms
2023-07-14T17:29:40: PM2 log: pid=30102 msg=failed to kill - retrying in 100ms
2023-07-14T17:29:40: PM2 log: pid=30108 msg=failed to kill - retrying in 100ms
2023-07-14T17:29:40: PM2 log: pid=30102 msg=failed to kill - retrying in 100ms
2023-07-14T17:29:40: PM2 log: pid=30108 msg=failed to kill - retrying in 100ms
2023-07-14T17:29:40: PM2 log: pid=30102 msg=failed to kill - retrying in 100ms
2023-07-14T17:29:40: PM2 log: pid=30108 msg=failed to kill - retrying in 100ms
2023-07-14T17:29:40: PM2 log: App name:myNextApp id:6 disconnected
2023-07-14T17:29:40: PM2 log: App [myNextApp:6] exited with code [0] via signal [SIGINT]
2023-07-14T17:29:40: PM2 log: pid=30102 msg=process killed
2023-07-14T17:29:40: PM2 log: App name:myNextApp id:7 disconnected
2023-07-14T17:29:40: PM2 log: App [myNextApp:7] exited with code [0] via signal [SIGINT]
2023-07-14T17:29:40: PM2 log: pid=30108 msg=process killed
2023-07-14T17:29:40: PM2 log: [Watch] Stop watching myNextApp
2023-07-14T17:29:40: PM2 log: Stopping app:myNextApp id:8
2023-07-14T17:29:40: PM2 log: [Watch] Stop watching myNextApp
2023-07-14T17:29:40: PM2 log: Stopping app:myNextApp id:9
2023-07-14T17:29:40: PM2 log: pid=30130 msg=failed to kill - retrying in 100ms
2023-07-14T17:29:40: PM2 log: App name:myNextApp id:9 disconnected
2023-07-14T17:29:40: PM2 log: App [myNextApp:9] exited with code [0] via signal [SIGINT]
2023-07-14T17:29:40: PM2 log: pid=30134 msg=process killed
2023-07-14T17:29:40: PM2 log: pid=30130 msg=failed to kill - retrying in 100ms
2023-07-14T17:29:40: PM2 log: App name:myNextApp id:8 disconnected
2023-07-14T17:29:40: PM2 log: App [myNextApp:8] exited with code [0] via signal [SIGINT]
2023-07-14T17:29:40: PM2 log: pid=30130 msg=process killed
2023-07-14T17:40:14: PM2 log: App [myNextApp:0] starting in -cluster mode-
2023-07-14T17:40:14: PM2 log: App [myNextApp:1] starting in -cluster mode-
2023-07-14T17:40:14: PM2 log: App [myNextApp:0] online
2023-07-14T17:40:14: PM2 log: App [myNextApp:1] online
2023-07-14T17:40:14: PM2 log: App [myNextApp:2] starting in -cluster mode-
2023-07-14T17:40:14: PM2 log: App [myNextApp:3] starting in -cluster mode-
2023-07-14T17:40:14: PM2 log: App [myNextApp:2] online
2023-07-14T17:40:14: PM2 log: App [myNextApp:4] starting in -cluster mode-
2023-07-14T17:40:14: PM2 log: App [myNextApp:3] online
2023-07-14T17:40:14: PM2 log: App [myNextApp:5] starting in -cluster mode-
2023-07-14T17:40:14: PM2 log: App [myNextApp:4] online
2023-07-14T17:40:14: PM2 log: App [myNextApp:6] starting in -cluster mode-
2023-07-14T17:40:14: PM2 log: App [myNextApp:5] online
2023-07-14T17:40:14: PM2 log: App [myNextApp:7] starting in -cluster mode-
2023-07-14T17:40:14: PM2 log: App [myNextApp:6] online
2023-07-14T17:40:14: PM2 log: App [myNextApp:8] starting in -cluster mode-
2023-07-14T17:40:15: PM2 log: App [myNextApp:7] online
2023-07-14T17:40:15: PM2 log: App [myNextApp:9] starting in -cluster mode-
2023-07-14T17:40:15: PM2 log: App [myNextApp:8] online
2023-07-14T17:40:15: PM2 log: App [myNextApp:9] online
2023-07-14T17:40:22: PM2 log: Stopping app:myNextApp id:0
2023-07-14T17:40:22: PM2 log: Stopping app:myNextApp id:1
2023-07-14T17:40:22: PM2 log: pid=2522 msg=failed to kill - retrying in 100ms
2023-07-14T17:40:22: PM2 log: pid=2523 msg=failed to kill - retrying in 100ms
2023-07-14T17:40:22: PM2 log: App [myNextApp:1] exited with code [0] via signal [SIGINT]
2023-07-14T17:40:23: PM2 log: pid=2522 msg=failed to kill - retrying in 100ms
2023-07-14T17:40:23: PM2 log: pid=2523 msg=process killed
2023-07-14T17:40:23: PM2 log: App [myNextApp:1] starting in -cluster mode-
2023-07-14T17:40:23: PM2 log: pid=2522 msg=failed to kill - retrying in 100ms
2023-07-14T17:40:23: PM2 log: App [myNextApp:1] online
2023-07-14T17:40:23: PM2 log: Stopping app:myNextApp id:2
2023-07-14T17:40:23: PM2 log: pid=2522 msg=failed to kill - retrying in 100ms
2023-07-14T17:40:23: PM2 log: pid=2536 msg=failed to kill - retrying in 100ms
2023-07-14T17:40:23: PM2 log: pid=2522 msg=failed to kill - retrying in 100ms
2023-07-14T17:40:23: PM2 log: pid=2536 msg=failed to kill - retrying in 100ms
2023-07-14T17:40:23: PM2 log: pid=2522 msg=failed to kill - retrying in 100ms
2023-07-14T17:40:23: PM2 log: pid=2536 msg=failed to kill - retrying in 100ms
2023-07-14T17:40:23: PM2 log: pid=2522 msg=failed to kill - retrying in 100ms
2023-07-14T17:40:23: PM2 log: pid=2536 msg=failed to kill - retrying in 100ms
2023-07-14T17:40:23: PM2 log: pid=2522 msg=failed to kill - retrying in 100ms
2023-07-14T17:40:23: PM2 log: pid=2536 msg=failed to kill - retrying in 100ms
2023-07-14T17:40:23: PM2 log: pid=2522 msg=failed to kill - retrying in 100ms
2023-07-14T17:40:23: PM2 log: pid=2536 msg=failed to kill - retrying in 100ms
2023-07-14T17:40:23: PM2 log: pid=2522 msg=failed to kill - retrying in 100ms
2023-07-14T17:40:23: PM2 log: App [myNextApp:0] exited with code [0] via signal [SIGINT]
2023-07-14T17:40:23: PM2 log: pid=2536 msg=failed to kill - retrying in 100ms
2023-07-14T17:40:23: PM2 log: pid=2522 msg=process killed
2023-07-14T17:40:23: PM2 log: App [myNextApp:0] starting in -cluster mode-
2023-07-14T17:40:24: PM2 log: pid=2536 msg=failed to kill - retrying in 100ms
2023-07-14T17:40:24: PM2 log: App [myNextApp:0] online
2023-07-14T17:40:24: PM2 log: Stopping app:myNextApp id:3
2023-07-14T17:40:24: PM2 log: pid=2536 msg=failed to kill - retrying in 100ms
2023-07-14T17:40:24: PM2 log: pid=2536 msg=failed to kill - retrying in 100ms
2023-07-14T17:40:24: PM2 log: pid=2538 msg=failed to kill - retrying in 100ms
2023-07-14T17:40:24: PM2 log: pid=2536 msg=failed to kill - retrying in 100ms
2023-07-14T17:40:24: PM2 log: pid=2538 msg=failed to kill - retrying in 100ms
2023-07-14T17:40:24: PM2 log: pid=2536 msg=failed to kill - retrying in 100ms
2023-07-14T17:40:24: PM2 log: pid=2538 msg=failed to kill - retrying in 100ms
2023-07-14T17:40:24: PM2 log: pid=2536 msg=failed to kill - retrying in 100ms
2023-07-14T17:40:24: PM2 log: pid=2538 msg=failed to kill - retrying in 100ms
2023-07-14T17:40:24: PM2 log: pid=2536 msg=failed to kill - retrying in 100ms
2023-07-14T17:40:24: PM2 log: pid=2538 msg=failed to kill - retrying in 100ms
2023-07-14T17:40:24: PM2 log: pid=2536 msg=failed to kill - retrying in 100ms
2023-07-14T17:40:24: PM2 log: pid=2538 msg=failed to kill - retrying in 100ms
2023-07-14T17:40:24: PM2 log: Process with pid 2536 still alive after 1600ms, sending it SIGKILL now...
2023-07-14T17:40:24: PM2 log: pid=2538 msg=failed to kill - retrying in 100ms
2023-07-14T17:40:24: PM2 log: App [myNextApp:2] exited with code [0] via signal [SIGKILL]
2023-07-14T17:40:24: PM2 log: pid=2538 msg=failed to kill - retrying in 100ms
2023-07-14T17:40:25: PM2 log: pid=2536 msg=process killed
2023-07-14T17:40:25: PM2 log: App [myNextApp:2] starting in -cluster mode-
2023-07-14T17:40:25: PM2 log: pid=2538 msg=failed to kill - retrying in 100ms
2023-07-14T17:40:25: PM2 log: App [myNextApp:2] online
2023-07-14T17:40:25: PM2 log: Stopping app:myNextApp id:4
2023-07-14T17:40:25: PM2 log: pid=2538 msg=failed to kill - retrying in 100ms
2023-07-14T17:40:25: PM2 log: pid=2538 msg=failed to kill - retrying in 100ms
2023-07-14T17:40:25: PM2 log: pid=2538 msg=failed to kill - retrying in 100ms
2023-07-14T17:40:25: PM2 log: pid=2558 msg=failed to kill - retrying in 100ms
2023-07-14T17:40:25: PM2 log: pid=2538 msg=failed to kill - retrying in 100ms
2023-07-14T17:40:25: PM2 log: pid=2558 msg=failed to kill - retrying in 100ms
2023-07-14T17:40:25: PM2 log: pid=2538 msg=failed to kill - retrying in 100ms
2023-07-14T17:40:25: PM2 log: pid=2558 msg=failed to kill - retrying in 100ms
2023-07-14T17:40:25: PM2 log: Process with pid 2538 still alive after 1600ms, sending it SIGKILL now...
2023-07-14T17:40:25: PM2 log: pid=2558 msg=failed to kill - retrying in 100ms
2023-07-14T17:40:25: PM2 log: App [myNextApp:3] exited with code [0] via signal [SIGINT]
2023-07-14T17:40:25: PM2 log: pid=2558 msg=failed to kill - retrying in 100ms
2023-07-14T17:40:25: PM2 log: pid=2538 msg=process killed
2023-07-14T17:40:25: PM2 log: App [myNextApp:3] starting in -cluster mode-
2023-07-14T17:40:25: PM2 log: pid=2558 msg=failed to kill - retrying in 100ms
2023-07-14T17:40:26: PM2 log: App [myNextApp:3] online
2023-07-14T17:40:26: PM2 log: Stopping app:myNextApp id:5
2023-07-14T17:40:26: PM2 log: pid=2558 msg=failed to kill - retrying in 100ms
2023-07-14T17:40:26: PM2 log: pid=2558 msg=failed to kill - retrying in 100ms
2023-07-14T17:40:26: PM2 log: pid=2564 msg=failed to kill - retrying in 100ms
2023-07-14T17:40:26: PM2 log: pid=2558 msg=failed to kill - retrying in 100ms
2023-07-14T17:40:26: PM2 log: pid=2564 msg=failed to kill - retrying in 100ms
2023-07-14T17:40:26: PM2 log: pid=2558 msg=failed to kill - retrying in 100ms
2023-07-14T17:40:26: PM2 log: pid=2564 msg=failed to kill - retrying in 100ms
2023-07-14T17:40:26: PM2 log: App [myNextApp:4] exited with code [0] via signal [SIGINT]
2023-07-14T17:40:26: PM2 log: pid=2558 msg=process killed
2023-07-14T17:40:26: PM2 log: App [myNextApp:4] starting in -cluster mode-
2023-07-14T17:40:26: PM2 log: pid=2564 msg=failed to kill - retrying in 100ms
2023-07-14T17:40:26: PM2 log: App [myNextApp:5] exited with code [0] via signal [SIGINT]
2023-07-14T17:40:26: PM2 log: App [myNextApp:4] online
2023-07-14T17:40:26: PM2 log: Stopping app:myNextApp id:6
2023-07-14T17:40:26: PM2 log: pid=2564 msg=process killed
2023-07-14T17:40:26: PM2 log: App [myNextApp:5] starting in -cluster mode-
2023-07-14T17:40:26: PM2 log: App [myNextApp:5] online
2023-07-14T17:40:26: PM2 log: Stopping app:myNextApp id:7
2023-07-14T17:40:26: PM2 log: pid=2580 msg=failed to kill - retrying in 100ms
2023-07-14T17:40:26: PM2 log: pid=2580 msg=failed to kill - retrying in 100ms
2023-07-14T17:40:26: PM2 log: pid=2587 msg=failed to kill - retrying in 100ms
2023-07-14T17:40:26: PM2 log: App [myNextApp:6] exited with code [0] via signal [SIGINT]
2023-07-14T17:40:26: PM2 log: App [myNextApp:7] exited with code [0] via signal [SIGINT]
2023-07-14T17:40:27: PM2 log: pid=2580 msg=process killed
2023-07-14T17:40:27: PM2 log: App [myNextApp:6] starting in -cluster mode-
2023-07-14T17:40:27: PM2 log: pid=2587 msg=process killed
2023-07-14T17:40:27: PM2 log: App [myNextApp:7] starting in -cluster mode-
2023-07-14T17:40:27: PM2 log: App [myNextApp:6] online
2023-07-14T17:40:27: PM2 log: App [myNextApp:7] online
2023-07-14T17:40:27: PM2 log: Stopping app:myNextApp id:8
2023-07-14T17:40:27: PM2 log: Stopping app:myNextApp id:9
2023-07-14T17:40:27: PM2 log: App [myNextApp:8] exited with code [0] via signal [SIGINT]
2023-07-14T17:40:27: PM2 log: App [myNextApp:9] exited with code [0] via signal [SIGINT]
2023-07-14T17:40:27: PM2 log: pid=2593 msg=process killed
2023-07-14T17:40:27: PM2 log: App [myNextApp:8] starting in -cluster mode-
2023-07-14T17:40:27: PM2 log: pid=2609 msg=process killed
2023-07-14T17:40:27: PM2 log: App [myNextApp:9] starting in -cluster mode-
2023-07-14T17:40:27: PM2 log: App [myNextApp:8] online
2023-07-14T17:40:27: PM2 log: App [myNextApp:9] online
2023-07-14T17:59:07: PM2 log: Stopping app:myNextApp id:0
2023-07-14T17:59:07: PM2 log: Stopping app:myNextApp id:1
2023-07-14T17:59:07: PM2 log: App name:myNextApp id:0 disconnected
2023-07-14T17:59:07: PM2 log: App [myNextApp:0] exited with code [0] via signal [SIGINT]
2023-07-14T17:59:07: PM2 log: pid=2762 msg=process killed
2023-07-14T17:59:07: PM2 log: App [myNextApp:0] starting in -cluster mode-
2023-07-14T17:59:07: PM2 log: pid=2740 msg=failed to kill - retrying in 100ms
2023-07-14T17:59:07: PM2 log: App [myNextApp:0] online
2023-07-14T17:59:07: PM2 log: Stopping app:myNextApp id:2
2023-07-14T17:59:07: PM2 log: pid=2740 msg=failed to kill - retrying in 100ms
2023-07-14T17:59:07: PM2 log: pid=2740 msg=failed to kill - retrying in 100ms
2023-07-14T17:59:07: PM2 log: App name:myNextApp id:2 disconnected
2023-07-14T17:59:07: PM2 log: App [myNextApp:2] exited with code [0] via signal [SIGINT]
2023-07-14T17:59:07: PM2 log: pid=2811 msg=process killed
2023-07-14T17:59:07: PM2 log: App [myNextApp:2] starting in -cluster mode-
2023-07-14T17:59:07: PM2 log: App name:myNextApp id:1 disconnected
2023-07-14T17:59:07: PM2 log: App [myNextApp:1] exited with code [0] via signal [SIGINT]
2023-07-14T17:59:07: PM2 log: pid=2740 msg=process killed
2023-07-14T17:59:07: PM2 log: App [myNextApp:1] starting in -cluster mode-
2023-07-14T17:59:07: PM2 log: App [myNextApp:2] online
2023-07-14T17:59:07: PM2 log: Stopping app:myNextApp id:3
2023-07-14T17:59:07: PM2 log: App [myNextApp:1] online
2023-07-14T17:59:07: PM2 log: Stopping app:myNextApp id:4
2023-07-14T17:59:08: PM2 log: pid=2859 msg=failed to kill - retrying in 100ms
2023-07-14T17:59:08: PM2 log: pid=2879 msg=failed to kill - retrying in 100ms
2023-07-14T17:59:08: PM2 log: pid=2859 msg=failed to kill - retrying in 100ms
2023-07-14T17:59:08: PM2 log: pid=2879 msg=failed to kill - retrying in 100ms
2023-07-14T17:59:08: PM2 log: pid=2859 msg=failed to kill - retrying in 100ms
2023-07-14T17:59:08: PM2 log: pid=2879 msg=failed to kill - retrying in 100ms
2023-07-14T17:59:08: PM2 log: pid=2859 msg=failed to kill - retrying in 100ms
2023-07-14T17:59:08: PM2 log: pid=2879 msg=failed to kill - retrying in 100ms
2023-07-14T17:59:08: PM2 log: App name:myNextApp id:4 disconnected
2023-07-14T17:59:08: PM2 log: App [myNextApp:4] exited with code [0] via signal [SIGINT]
2023-07-14T17:59:08: PM2 log: pid=2859 msg=failed to kill - retrying in 100ms
2023-07-14T17:59:08: PM2 log: pid=2879 msg=process killed
2023-07-14T17:59:08: PM2 log: App [myNextApp:4] starting in -cluster mode-
2023-07-14T17:59:08: PM2 log: pid=2859 msg=failed to kill - retrying in 100ms
2023-07-14T17:59:08: PM2 log: App name:myNextApp id:3 disconnected
2023-07-14T17:59:08: PM2 log: App [myNextApp:3] exited with code [0] via signal [SIGINT]
2023-07-14T17:59:08: PM2 log: App [myNextApp:4] online
2023-07-14T17:59:08: PM2 log: Stopping app:myNextApp id:5
2023-07-14T17:59:08: PM2 log: pid=2859 msg=process killed
2023-07-14T17:59:08: PM2 log: App [myNextApp:3] starting in -cluster mode-
2023-07-14T17:59:08: PM2 log: pid=2891 msg=failed to kill - retrying in 100ms
2023-07-14T17:59:08: PM2 log: App name:myNextApp id:5 disconnected
2023-07-14T17:59:08: PM2 log: App [myNextApp:3] online
2023-07-14T17:59:08: PM2 log: App [myNextApp:5] exited with code [0] via signal [SIGINT]
2023-07-14T17:59:09: PM2 log: Stopping app:myNextApp id:6
2023-07-14T17:59:09: PM2 log: pid=2891 msg=process killed
2023-07-14T17:59:09: PM2 log: App [myNextApp:5] starting in -cluster mode-
2023-07-14T17:59:09: PM2 log: App [myNextApp:5] online
2023-07-14T17:59:09: PM2 log: Stopping app:myNextApp id:7
2023-07-14T17:59:09: PM2 log: App name:myNextApp id:6 disconnected
2023-07-14T17:59:09: PM2 log: App [myNextApp:6] exited with code [0] via signal [SIGINT]
2023-07-14T17:59:09: PM2 log: pid=2914 msg=process killed
2023-07-14T17:59:09: PM2 log: App [myNextApp:6] starting in -cluster mode-
2023-07-14T17:59:09: PM2 log: App [myNextApp:6] online
2023-07-14T17:59:09: PM2 log: Stopping app:myNextApp id:8
2023-07-14T17:59:09: PM2 log: pid=2920 msg=failed to kill - retrying in 100ms
2023-07-14T17:59:09: PM2 log: App name:myNextApp id:7 disconnected
2023-07-14T17:59:09: PM2 log: App [myNextApp:7] exited with code [0] via signal [SIGINT]
2023-07-14T17:59:09: PM2 log: pid=2920 msg=process killed
2023-07-14T17:59:09: PM2 log: App [myNextApp:7] starting in -cluster mode-
2023-07-14T17:59:09: PM2 log: App name:myNextApp id:8 disconnected
2023-07-14T17:59:09: PM2 log: App [myNextApp:8] exited with code [0] via signal [SIGINT]
2023-07-14T17:59:09: PM2 log: pid=2971 msg=process killed
2023-07-14T17:59:09: PM2 log: App [myNextApp:8] starting in -cluster mode-
2023-07-14T17:59:09: PM2 log: App [myNextApp:7] online
2023-07-14T17:59:09: PM2 log: Stopping app:myNextApp id:9
2023-07-14T17:59:09: PM2 log: App [myNextApp:8] online
2023-07-14T17:59:09: PM2 log: pid=2972 msg=failed to kill - retrying in 100ms
2023-07-14T17:59:09: PM2 log: App name:myNextApp id:9 disconnected
2023-07-14T17:59:09: PM2 log: App [myNextApp:9] exited with code [0] via signal [SIGINT]
2023-07-14T17:59:09: PM2 log: pid=2972 msg=process killed
2023-07-14T17:59:09: PM2 log: App [myNextApp:9] starting in -cluster mode-
2023-07-14T17:59:09: PM2 log: App [myNextApp:9] online
2023-07-15T11:01:55: PM2 log: App name:myNextApp id:9 disconnected
2023-07-15T11:01:55: PM2 log: App [myNextApp:9] exited with code [0] via signal [SIGKILL]
2023-07-15T11:01:56: PM2 log: App [myNextApp:9] starting in -cluster mode-
2023-07-15T11:01:59: PM2 log: App [myNextApp:9] online
2023-07-15T11:05:40: PM2 log: [PM2] This PM2 is not UP TO DATE
2023-07-15T11:05:40: PM2 log: [PM2] Upgrade to version 5.3.0
2023-07-15T12:32:40: PM2 log: Stopping app:myNextApp id:0
2023-07-15T12:32:40: PM2 log: Stopping app:myNextApp id:1
2023-07-15T12:32:40: PM2 log: pid=5354 msg=failed to kill - retrying in 100ms
2023-07-15T12:32:40: PM2 log: pid=5372 msg=failed to kill - retrying in 100ms
2023-07-15T12:32:40: PM2 log: pid=5354 msg=failed to kill - retrying in 100ms
2023-07-15T12:32:40: PM2 log: pid=5372 msg=failed to kill - retrying in 100ms
2023-07-15T12:32:40: PM2 log: pid=5354 msg=failed to kill - retrying in 100ms
2023-07-15T12:32:40: PM2 log: pid=5372 msg=failed to kill - retrying in 100ms
2023-07-15T12:32:40: PM2 log: pid=5354 msg=failed to kill - retrying in 100ms
2023-07-15T12:32:40: PM2 log: pid=5372 msg=failed to kill - retrying in 100ms
2023-07-15T12:32:40: PM2 log: pid=5354 msg=failed to kill - retrying in 100ms
2023-07-15T12:32:40: PM2 log: pid=5372 msg=failed to kill - retrying in 100ms
2023-07-15T12:32:40: PM2 log: pid=5354 msg=failed to kill - retrying in 100ms
2023-07-15T12:32:40: PM2 log: pid=5372 msg=failed to kill - retrying in 100ms
2023-07-15T12:32:40: PM2 log: pid=5354 msg=failed to kill - retrying in 100ms
2023-07-15T12:32:41: PM2 log: App [myNextApp:0] exited with code [0] via signal [SIGINT]
2023-07-15T12:32:41: PM2 log: pid=5372 msg=failed to kill - retrying in 100ms
2023-07-15T12:32:41: PM2 log: App [myNextApp:1] exited with code [0] via signal [SIGINT]
2023-07-15T12:32:41: PM2 log: pid=5354 msg=process killed
2023-07-15T12:32:41: PM2 log: App [myNextApp:0] starting in -cluster mode-
2023-07-15T12:32:41: PM2 log: pid=5372 msg=process killed
2023-07-15T12:32:41: PM2 log: App [myNextApp:1] starting in -cluster mode-
2023-07-15T12:32:41: PM2 log: App [myNextApp:0] online
2023-07-15T12:32:41: PM2 log: Stopping app:myNextApp id:2
2023-07-15T12:32:41: PM2 log: App [myNextApp:1] online
2023-07-15T12:32:41: PM2 log: Stopping app:myNextApp id:3
2023-07-15T12:32:41: PM2 log: pid=5366 msg=failed to kill - retrying in 100ms
2023-07-15T12:32:41: PM2 log: pid=5414 msg=failed to kill - retrying in 100ms
2023-07-15T12:32:41: PM2 log: pid=5366 msg=failed to kill - retrying in 100ms
2023-07-15T12:32:41: PM2 log: pid=5414 msg=failed to kill - retrying in 100ms
2023-07-15T12:32:41: PM2 log: pid=5366 msg=failed to kill - retrying in 100ms
2023-07-15T12:32:41: PM2 log: pid=5414 msg=failed to kill - retrying in 100ms
2023-07-15T12:32:41: PM2 log: pid=5366 msg=failed to kill - retrying in 100ms
2023-07-15T12:32:41: PM2 log: pid=5414 msg=failed to kill - retrying in 100ms
2023-07-15T12:32:41: PM2 log: pid=5366 msg=failed to kill - retrying in 100ms
2023-07-15T12:32:41: PM2 log: pid=5414 msg=failed to kill - retrying in 100ms
2023-07-15T12:32:41: PM2 log: pid=5366 msg=failed to kill - retrying in 100ms
2023-07-15T12:32:41: PM2 log: pid=5414 msg=failed to kill - retrying in 100ms
2023-07-15T12:32:42: PM2 log: pid=5366 msg=failed to kill - retrying in 100ms
2023-07-15T12:32:42: PM2 log: pid=5414 msg=failed to kill - retrying in 100ms
2023-07-15T12:32:42: PM2 log: pid=5366 msg=failed to kill - retrying in 100ms
2023-07-15T12:32:42: PM2 log: pid=5414 msg=failed to kill - retrying in 100ms
2023-07-15T12:32:42: PM2 log: pid=5366 msg=failed to kill - retrying in 100ms
2023-07-15T12:32:42: PM2 log: pid=5414 msg=failed to kill - retrying in 100ms
2023-07-15T12:32:42: PM2 log: pid=5366 msg=failed to kill - retrying in 100ms
2023-07-15T12:32:42: PM2 log: pid=5414 msg=failed to kill - retrying in 100ms
2023-07-15T12:32:42: PM2 log: pid=5366 msg=failed to kill - retrying in 100ms
2023-07-15T12:32:42: PM2 log: pid=5414 msg=failed to kill - retrying in 100ms
2023-07-15T12:32:42: PM2 log: pid=5366 msg=failed to kill - retrying in 100ms
2023-07-15T12:32:42: PM2 log: App [myNextApp:3] exited with code [0] via signal [SIGINT]
2023-07-15T12:32:42: PM2 log: App [myNextApp:2] exited with code [0] via signal [SIGINT]
2023-07-15T12:32:42: PM2 log: pid=5414 msg=process killed
2023-07-15T12:32:42: PM2 log: App [myNextApp:3] starting in -cluster mode-
2023-07-15T12:32:42: PM2 log: pid=5366 msg=process killed
2023-07-15T12:32:42: PM2 log: App [myNextApp:2] starting in -cluster mode-
2023-07-15T12:32:42: PM2 log: App [myNextApp:3] online
2023-07-15T12:32:42: PM2 log: Stopping app:myNextApp id:4
2023-07-15T12:32:42: PM2 log: App [myNextApp:2] online
2023-07-15T12:32:42: PM2 log: Stopping app:myNextApp id:5
2023-07-15T12:32:42: PM2 log: pid=5402 msg=failed to kill - retrying in 100ms
2023-07-15T12:32:42: PM2 log: pid=5434 msg=failed to kill - retrying in 100ms
2023-07-15T12:32:42: PM2 log: pid=5402 msg=failed to kill - retrying in 100ms
2023-07-15T12:32:43: PM2 log: pid=5434 msg=failed to kill - retrying in 100ms
2023-07-15T12:32:43: PM2 log: pid=5402 msg=failed to kill - retrying in 100ms
2023-07-15T12:32:43: PM2 log: pid=5434 msg=failed to kill - retrying in 100ms
2023-07-15T12:32:43: PM2 log: pid=5402 msg=failed to kill - retrying in 100ms
2023-07-15T12:32:43: PM2 log: pid=5434 msg=failed to kill - retrying in 100ms
2023-07-15T12:32:43: PM2 log: pid=5402 msg=failed to kill - retrying in 100ms
2023-07-15T12:32:43: PM2 log: pid=5434 msg=failed to kill - retrying in 100ms
2023-07-15T12:32:43: PM2 log: pid=5402 msg=failed to kill - retrying in 100ms
2023-07-15T12:32:43: PM2 log: pid=5434 msg=failed to kill - retrying in 100ms
2023-07-15T12:32:43: PM2 log: pid=5402 msg=failed to kill - retrying in 100ms
2023-07-15T12:32:43: PM2 log: pid=5434 msg=failed to kill - retrying in 100ms
2023-07-15T12:32:43: PM2 log: pid=5402 msg=failed to kill - retrying in 100ms
2023-07-15T12:32:43: PM2 log: pid=5434 msg=failed to kill - retrying in 100ms
2023-07-15T12:32:43: PM2 log: pid=5402 msg=failed to kill - retrying in 100ms
2023-07-15T12:32:43: PM2 log: pid=5434 msg=failed to kill - retrying in 100ms
2023-07-15T12:32:43: PM2 log: pid=5402 msg=failed to kill - retrying in 100ms
2023-07-15T12:32:43: PM2 log: App name:myNextApp id:4 disconnected
2023-07-15T12:32:43: PM2 log: App [myNextApp:4] exited with code [0] via signal [SIGINT]
2023-07-15T12:32:43: PM2 log: pid=5434 msg=failed to kill - retrying in 100ms
2023-07-15T12:32:43: PM2 log: pid=5402 msg=process killed
2023-07-15T12:32:43: PM2 log: App [myNextApp:4] starting in -cluster mode-
2023-07-15T12:32:43: PM2 log: App name:myNextApp id:5 disconnected
2023-07-15T12:32:43: PM2 log: App [myNextApp:5] exited with code [0] via signal [SIGINT]
2023-07-15T12:32:43: PM2 log: pid=5434 msg=process killed
2023-07-15T12:32:43: PM2 log: App [myNextApp:5] starting in -cluster mode-
2023-07-15T12:32:43: PM2 log: App [myNextApp:4] online
2023-07-15T12:32:43: PM2 log: Stopping app:myNextApp id:6
2023-07-15T12:32:44: PM2 log: App [myNextApp:5] online
2023-07-15T12:32:44: PM2 log: Stopping app:myNextApp id:7
2023-07-15T12:32:44: PM2 log: pid=5446 msg=failed to kill - retrying in 100ms
2023-07-15T12:32:44: PM2 log: pid=5446 msg=failed to kill - retrying in 100ms
2023-07-15T12:32:44: PM2 log: pid=5462 msg=failed to kill - retrying in 100ms
2023-07-15T12:32:44: PM2 log: pid=5446 msg=failed to kill - retrying in 100ms
2023-07-15T12:32:44: PM2 log: pid=5462 msg=failed to kill - retrying in 100ms
2023-07-15T12:32:44: PM2 log: pid=5446 msg=failed to kill - retrying in 100ms
2023-07-15T12:32:44: PM2 log: pid=5462 msg=failed to kill - retrying in 100ms
2023-07-15T12:32:44: PM2 log: pid=5446 msg=failed to kill - retrying in 100ms
2023-07-15T12:32:44: PM2 log: pid=5462 msg=failed to kill - retrying in 100ms
2023-07-15T12:32:44: PM2 log: pid=5446 msg=failed to kill - retrying in 100ms
2023-07-15T12:32:44: PM2 log: pid=5462 msg=failed to kill - retrying in 100ms
2023-07-15T12:32:44: PM2 log: pid=5446 msg=failed to kill - retrying in 100ms
2023-07-15T12:32:44: PM2 log: pid=5462 msg=failed to kill - retrying in 100ms
2023-07-15T12:32:44: PM2 log: pid=5446 msg=failed to kill - retrying in 100ms
2023-07-15T12:32:44: PM2 log: pid=5462 msg=failed to kill - retrying in 100ms
2023-07-15T12:32:45: PM2 log: pid=5446 msg=failed to kill - retrying in 100ms
2023-07-15T12:32:45: PM2 log: pid=5462 msg=failed to kill - retrying in 100ms
2023-07-15T12:32:45: PM2 log: pid=5446 msg=failed to kill - retrying in 100ms
2023-07-15T12:32:45: PM2 log: pid=5462 msg=failed to kill - retrying in 100ms
2023-07-15T12:32:45: PM2 log: pid=5446 msg=failed to kill - retrying in 100ms
2023-07-15T12:32:45: PM2 log: pid=5462 msg=failed to kill - retrying in 100ms
2023-07-15T12:32:45: PM2 log: App name:myNextApp id:6 disconnected
2023-07-15T12:32:45: PM2 log: App [myNextApp:6] exited with code [0] via signal [SIGINT]
2023-07-15T12:32:45: PM2 log: pid=5446 msg=process killed
2023-07-15T12:32:45: PM2 log: App [myNextApp:6] starting in -cluster mode-
2023-07-15T12:32:45: PM2 log: pid=5462 msg=failed to kill - retrying in 100ms
2023-07-15T12:32:45: PM2 log: App [myNextApp:7] exited with code [0] via signal [SIGINT]
2023-07-15T12:32:45: PM2 log: App [myNextApp:6] online
2023-07-15T12:32:45: PM2 log: Stopping app:myNextApp id:8
2023-07-15T12:32:45: PM2 log: pid=5462 msg=process killed
2023-07-15T12:32:45: PM2 log: App [myNextApp:7] starting in -cluster mode-
2023-07-15T12:32:45: PM2 log: App [myNextApp:7] online
2023-07-15T12:32:45: PM2 log: Stopping app:myNextApp id:9
2023-07-15T12:32:45: PM2 log: pid=5468 msg=failed to kill - retrying in 100ms
2023-07-15T12:32:45: PM2 log: pid=5468 msg=failed to kill - retrying in 100ms
2023-07-15T12:32:45: PM2 log: pid=18672 msg=failed to kill - retrying in 100ms
2023-07-15T12:32:45: PM2 log: App name:myNextApp id:9 disconnected
2023-07-15T12:32:45: PM2 log: App name:myNextApp id:8 disconnected
2023-07-15T12:32:45: PM2 log: App [myNextApp:8] exited with code [0] via signal [SIGINT]
2023-07-15T12:32:45: PM2 log: App [myNextApp:9] exited with code [0] via signal [SIGINT]
2023-07-15T12:32:46: PM2 log: pid=5468 msg=process killed
2023-07-15T12:32:46: PM2 log: App [myNextApp:8] starting in -cluster mode-
2023-07-15T12:32:46: PM2 log: pid=18672 msg=process killed
2023-07-15T12:32:46: PM2 log: App [myNextApp:9] starting in -cluster mode-
2023-07-15T12:32:46: PM2 log: App [myNextApp:8] online
2023-07-15T12:32:46: PM2 log: App [myNextApp:9] online
2023-07-15T12:52:34: PM2 log: Stopping app:myNextApp id:0
2023-07-15T12:52:34: PM2 log: Stopping app:myNextApp id:1
2023-07-15T12:52:34: PM2 log: pid=2429 msg=failed to kill - retrying in 100ms
2023-07-15T12:52:34: PM2 log: pid=2435 msg=failed to kill - retrying in 100ms
2023-07-15T12:52:34: PM2 log: App name:myNextApp id:1 disconnected
2023-07-15T12:52:34: PM2 log: App name:myNextApp id:0 disconnected
2023-07-15T12:52:34: PM2 log: App [myNextApp:0] exited with code [0] via signal [SIGINT]
2023-07-15T12:52:34: PM2 log: App [myNextApp:1] exited with code [0] via signal [SIGINT]
2023-07-15T12:52:34: PM2 log: pid=2429 msg=process killed
2023-07-15T12:52:34: PM2 log: App [myNextApp:0] starting in -cluster mode-
2023-07-15T12:52:34: PM2 log: pid=2435 msg=process killed
2023-07-15T12:52:34: PM2 log: App [myNextApp:1] starting in -cluster mode-
2023-07-15T12:52:34: PM2 log: App [myNextApp:0] online
2023-07-15T12:52:34: PM2 log: Stopping app:myNextApp id:2
2023-07-15T12:52:34: PM2 log: App [myNextApp:1] online
2023-07-15T12:52:34: PM2 log: Stopping app:myNextApp id:3
2023-07-15T12:52:35: PM2 log: App name:myNextApp id:2 disconnected
2023-07-15T12:52:35: PM2 log: pid=2466 msg=failed to kill - retrying in 100ms
2023-07-15T12:52:35: PM2 log: pid=2460 msg=failed to kill - retrying in 100ms
2023-07-15T12:52:35: PM2 log: App [myNextApp:2] exited with code [0] via signal [SIGINT]
2023-07-15T12:52:35: PM2 log: pid=2466 msg=process killed
2023-07-15T12:52:35: PM2 log: App [myNextApp:2] starting in -cluster mode-
2023-07-15T12:52:35: PM2 log: pid=2460 msg=failed to kill - retrying in 100ms
2023-07-15T12:52:35: PM2 log: App [myNextApp:2] online
2023-07-15T12:52:35: PM2 log: Stopping app:myNextApp id:4
2023-07-15T12:52:35: PM2 log: pid=2460 msg=failed to kill - retrying in 100ms
2023-07-15T12:52:35: PM2 log: pid=2460 msg=failed to kill - retrying in 100ms
2023-07-15T12:52:35: PM2 log: pid=2484 msg=failed to kill - retrying in 100ms
2023-07-15T12:52:35: PM2 log: pid=2460 msg=failed to kill - retrying in 100ms
2023-07-15T12:52:35: PM2 log: pid=2484 msg=failed to kill - retrying in 100ms
2023-07-15T12:52:35: PM2 log: pid=2460 msg=failed to kill - retrying in 100ms
2023-07-15T12:52:35: PM2 log: pid=2484 msg=failed to kill - retrying in 100ms
2023-07-15T12:52:35: PM2 log: pid=2460 msg=failed to kill - retrying in 100ms
2023-07-15T12:52:35: PM2 log: pid=2484 msg=failed to kill - retrying in 100ms
2023-07-15T12:52:35: PM2 log: pid=2460 msg=failed to kill - retrying in 100ms
2023-07-15T12:52:35: PM2 log: pid=2484 msg=failed to kill - retrying in 100ms
2023-07-15T12:52:35: PM2 log: pid=2460 msg=failed to kill - retrying in 100ms
2023-07-15T12:52:35: PM2 log: App name:myNextApp id:4 disconnected
2023-07-15T12:52:35: PM2 log: App [myNextApp:4] exited with code [0] via signal [SIGINT]
2023-07-15T12:52:35: PM2 log: App name:myNextApp id:3 disconnected
2023-07-15T12:52:35: PM2 log: App [myNextApp:3] exited with code [0] via signal [SIGINT]
2023-07-15T12:52:35: PM2 log: pid=2484 msg=process killed
2023-07-15T12:52:35: PM2 log: App [myNextApp:4] starting in -cluster mode-
2023-07-15T12:52:35: PM2 log: pid=2460 msg=process killed
2023-07-15T12:52:35: PM2 log: App [myNextApp:3] starting in -cluster mode-
2023-07-15T12:52:36: PM2 log: App [myNextApp:4] online
2023-07-15T12:52:36: PM2 log: Stopping app:myNextApp id:5
2023-07-15T12:52:36: PM2 log: App [myNextApp:3] online
2023-07-15T12:52:36: PM2 log: Stopping app:myNextApp id:6
2023-07-15T12:52:36: PM2 log: pid=2491 msg=failed to kill - retrying in 100ms
2023-07-15T12:52:36: PM2 log: pid=2508 msg=failed to kill - retrying in 100ms
2023-07-15T12:52:36: PM2 log: pid=2491 msg=failed to kill - retrying in 100ms
2023-07-15T12:52:36: PM2 log: App name:myNextApp id:5 disconnected
2023-07-15T12:52:36: PM2 log: App [myNextApp:5] exited with code [0] via signal [SIGINT]
2023-07-15T12:52:36: PM2 log: pid=2508 msg=failed to kill - retrying in 100ms
2023-07-15T12:52:36: PM2 log: pid=2491 msg=process killed
2023-07-15T12:52:36: PM2 log: App [myNextApp:5] starting in -cluster mode-
2023-07-15T12:52:36: PM2 log: pid=2508 msg=failed to kill - retrying in 100ms
2023-07-15T12:52:36: PM2 log: pid=2508 msg=failed to kill - retrying in 100ms
2023-07-15T12:52:36: PM2 log: App [myNextApp:5] online
2023-07-15T12:52:36: PM2 log: pid=2508 msg=failed to kill - retrying in 100ms
2023-07-15T12:52:36: PM2 log: Stopping app:myNextApp id:7
2023-07-15T12:52:36: PM2 log: pid=2508 msg=failed to kill - retrying in 100ms
2023-07-15T12:52:36: PM2 log: App name:myNextApp id:6 disconnected
2023-07-15T12:52:36: PM2 log: pid=2516 msg=failed to kill - retrying in 100ms
2023-07-15T12:52:36: PM2 log: App [myNextApp:6] exited with code [0] via signal [SIGINT]
2023-07-15T12:52:37: PM2 log: pid=2508 msg=process killed
2023-07-15T12:52:37: PM2 log: App [myNextApp:6] starting in -cluster mode-
2023-07-15T12:52:37: PM2 log: pid=2516 msg=failed to kill - retrying in 100ms
2023-07-15T12:52:37: PM2 log: App [myNextApp:6] online
2023-07-15T12:52:37: PM2 log: Stopping app:myNextApp id:8
2023-07-15T12:52:37: PM2 log: pid=2516 msg=failed to kill - retrying in 100ms
2023-07-15T12:52:37: PM2 log: pid=2560 msg=failed to kill - retrying in 100ms
2023-07-15T12:52:37: PM2 log: pid=2516 msg=failed to kill - retrying in 100ms
2023-07-15T12:52:37: PM2 log: App name:myNextApp id:7 disconnected
2023-07-15T12:52:37: PM2 log: App [myNextApp:7] exited with code [0] via signal [SIGINT]
2023-07-15T12:52:37: PM2 log: pid=2560 msg=failed to kill - retrying in 100ms
2023-07-15T12:52:37: PM2 log: pid=2516 msg=process killed
2023-07-15T12:52:37: PM2 log: App [myNextApp:7] starting in -cluster mode-
2023-07-15T12:52:37: PM2 log: pid=2560 msg=failed to kill - retrying in 100ms
2023-07-15T12:52:37: PM2 log: App [myNextApp:7] online
2023-07-15T12:52:37: PM2 log: Stopping app:myNextApp id:9
2023-07-15T12:52:37: PM2 log: pid=2560 msg=failed to kill - retrying in 100ms
2023-07-15T12:52:37: PM2 log: App name:myNextApp id:8 disconnected
2023-07-15T12:52:37: PM2 log: App [myNextApp:8] exited with code [0] via signal [SIGINT]
2023-07-15T12:52:37: PM2 log: pid=2566 msg=failed to kill - retrying in 100ms
2023-07-15T12:52:37: PM2 log: pid=2560 msg=process killed
2023-07-15T12:52:37: PM2 log: App [myNextApp:8] starting in -cluster mode-
2023-07-15T12:52:37: PM2 log: pid=2566 msg=failed to kill - retrying in 100ms
2023-07-15T12:52:37: PM2 log: App [myNextApp:8] online
2023-07-15T12:52:37: PM2 log: pid=2566 msg=failed to kill - retrying in 100ms
2023-07-15T12:52:37: PM2 log: pid=2566 msg=failed to kill - retrying in 100ms
2023-07-15T12:52:38: PM2 log: pid=2566 msg=failed to kill - retrying in 100ms
2023-07-15T12:52:38: PM2 log: pid=2566 msg=failed to kill - retrying in 100ms
2023-07-15T12:52:38: PM2 log: pid=2566 msg=failed to kill - retrying in 100ms
2023-07-15T12:52:38: PM2 log: pid=2566 msg=failed to kill - retrying in 100ms
2023-07-15T12:52:38: PM2 log: pid=2566 msg=failed to kill - retrying in 100ms
2023-07-15T12:52:38: PM2 log: pid=2566 msg=failed to kill - retrying in 100ms
2023-07-15T12:52:38: PM2 log: App name:myNextApp id:9 disconnected
2023-07-15T12:52:38: PM2 log: App [myNextApp:9] exited with code [0] via signal [SIGINT]
2023-07-15T12:52:39: PM2 log: pid=2566 msg=process killed
2023-07-15T12:52:39: PM2 log: App [myNextApp:9] starting in -cluster mode-
2023-07-15T12:52:39: PM2 log: App [myNextApp:9] online
2023-07-15T14:20:52: PM2 log: Stopping app:myNextApp id:0
2023-07-15T14:20:52: PM2 log: Stopping app:myNextApp id:1
2023-07-15T14:20:52: PM2 log: pid=6665 msg=failed to kill - retrying in 100ms
2023-07-15T14:20:52: PM2 log: pid=6672 msg=failed to kill - retrying in 100ms
2023-07-15T14:20:52: PM2 log: pid=6665 msg=failed to kill - retrying in 100ms
2023-07-15T14:20:52: PM2 log: pid=6672 msg=failed to kill - retrying in 100ms
2023-07-15T14:20:52: PM2 log: pid=6665 msg=failed to kill - retrying in 100ms
2023-07-15T14:20:52: PM2 log: pid=6672 msg=failed to kill - retrying in 100ms
2023-07-15T14:20:52: PM2 log: pid=6665 msg=failed to kill - retrying in 100ms
2023-07-15T14:20:52: PM2 log: pid=6672 msg=failed to kill - retrying in 100ms
2023-07-15T14:20:53: PM2 log: App name:myNextApp id:0 disconnected
2023-07-15T14:20:53: PM2 log: App [myNextApp:0] exited with code [0] via signal [SIGINT]
2023-07-15T14:20:53: PM2 log: pid=6665 msg=process killed
2023-07-15T14:20:53: PM2 log: App [myNextApp:0] starting in -cluster mode-
2023-07-15T14:20:53: PM2 log: pid=6672 msg=failed to kill - retrying in 100ms
2023-07-15T14:20:53: PM2 log: App name:myNextApp id:1 disconnected
2023-07-15T14:20:53: PM2 log: App [myNextApp:1] exited with code [0] via signal [SIGINT]
2023-07-15T14:20:53: PM2 log: App [myNextApp:0] online
2023-07-15T14:20:53: PM2 log: pid=6672 msg=process killed
2023-07-15T14:20:53: PM2 log: App [myNextApp:1] starting in -cluster mode-
2023-07-15T14:20:53: PM2 log: Stopping app:myNextApp id:2
2023-07-15T14:20:53: PM2 log: App [myNextApp:1] online
2023-07-15T14:20:53: PM2 log: Stopping app:myNextApp id:3
2023-07-15T14:20:53: PM2 log: pid=6689 msg=failed to kill - retrying in 100ms
2023-07-15T14:20:53: PM2 log: pid=6689 msg=failed to kill - retrying in 100ms
2023-07-15T14:20:53: PM2 log: pid=6707 msg=failed to kill - retrying in 100ms
2023-07-15T14:20:53: PM2 log: pid=6689 msg=failed to kill - retrying in 100ms
2023-07-15T14:20:53: PM2 log: pid=6707 msg=failed to kill - retrying in 100ms
2023-07-15T14:20:53: PM2 log: pid=6689 msg=failed to kill - retrying in 100ms
2023-07-15T14:20:53: PM2 log: pid=6707 msg=failed to kill - retrying in 100ms
2023-07-15T14:20:53: PM2 log: pid=6689 msg=failed to kill - retrying in 100ms
2023-07-15T14:20:53: PM2 log: pid=6707 msg=failed to kill - retrying in 100ms
2023-07-15T14:20:53: PM2 log: pid=6689 msg=failed to kill - retrying in 100ms
2023-07-15T14:20:53: PM2 log: pid=6707 msg=failed to kill - retrying in 100ms
2023-07-15T14:20:54: PM2 log: pid=6689 msg=failed to kill - retrying in 100ms
2023-07-15T14:20:54: PM2 log: pid=6707 msg=failed to kill - retrying in 100ms
2023-07-15T14:20:54: PM2 log: pid=6689 msg=failed to kill - retrying in 100ms
2023-07-15T14:20:54: PM2 log: pid=6707 msg=failed to kill - retrying in 100ms
2023-07-15T14:20:54: PM2 log: App name:myNextApp id:3 disconnected
2023-07-15T14:20:54: PM2 log: App [myNextApp:3] exited with code [0] via signal [SIGINT]
2023-07-15T14:20:54: PM2 log: pid=6689 msg=failed to kill - retrying in 100ms
2023-07-15T14:20:54: PM2 log: App name:myNextApp id:2 disconnected
2023-07-15T14:20:54: PM2 log: App [myNextApp:2] exited with code [0] via signal [SIGINT]
2023-07-15T14:20:54: PM2 log: pid=6707 msg=process killed
2023-07-15T14:20:54: PM2 log: App [myNextApp:3] starting in -cluster mode-
2023-07-15T14:20:54: PM2 log: pid=6689 msg=process killed
2023-07-15T14:20:54: PM2 log: App [myNextApp:2] starting in -cluster mode-
2023-07-15T14:20:55: PM2 log: App [myNextApp:3] online
2023-07-15T14:20:55: PM2 log: App [myNextApp:2] online
2023-07-15T14:20:55: PM2 log: Stopping app:myNextApp id:4
2023-07-15T14:20:55: PM2 log: Stopping app:myNextApp id:5
2023-07-15T14:20:55: PM2 log: pid=6725 msg=failed to kill - retrying in 100ms
2023-07-15T14:20:55: PM2 log: pid=6701 msg=failed to kill - retrying in 100ms
2023-07-15T14:20:55: PM2 log: pid=6725 msg=failed to kill - retrying in 100ms
2023-07-15T14:20:55: PM2 log: pid=6701 msg=failed to kill - retrying in 100ms
2023-07-15T14:20:55: PM2 log: pid=6725 msg=failed to kill - retrying in 100ms
2023-07-15T14:20:55: PM2 log: pid=6701 msg=failed to kill - retrying in 100ms
2023-07-15T14:20:56: PM2 log: pid=6725 msg=failed to kill - retrying in 100ms
2023-07-15T14:20:56: PM2 log: pid=6701 msg=failed to kill - retrying in 100ms
2023-07-15T14:20:56: PM2 log: pid=6725 msg=failed to kill - retrying in 100ms
2023-07-15T14:20:56: PM2 log: pid=6701 msg=failed to kill - retrying in 100ms
2023-07-15T14:20:56: PM2 log: App name:myNextApp id:4 disconnected
2023-07-15T14:20:56: PM2 log: App [myNextApp:4] exited with code [0] via signal [SIGINT]
2023-07-15T14:20:56: PM2 log: pid=6725 msg=failed to kill - retrying in 100ms
2023-07-15T14:20:56: PM2 log: pid=6701 msg=process killed
2023-07-15T14:20:56: PM2 log: App [myNextApp:4] starting in -cluster mode-
2023-07-15T14:20:56: PM2 log: App [myNextApp:5] exited with code [0] via signal [SIGINT]
2023-07-15T14:20:56: PM2 log: pid=6725 msg=process killed
2023-07-15T14:20:56: PM2 log: App [myNextApp:5] starting in -cluster mode-
2023-07-15T14:20:56: PM2 log: App [myNextApp:4] online
2023-07-15T14:20:56: PM2 log: Stopping app:myNextApp id:6
2023-07-15T14:20:56: PM2 log: App [myNextApp:5] online
2023-07-15T14:20:56: PM2 log: Stopping app:myNextApp id:7
2023-07-15T14:20:56: PM2 log: pid=6733 msg=failed to kill - retrying in 100ms
2023-07-15T14:20:56: PM2 log: pid=6749 msg=failed to kill - retrying in 100ms
2023-07-15T14:20:56: PM2 log: pid=6733 msg=failed to kill - retrying in 100ms
2023-07-15T14:20:56: PM2 log: pid=6749 msg=failed to kill - retrying in 100ms
2023-07-15T14:20:56: PM2 log: pid=6733 msg=failed to kill - retrying in 100ms
2023-07-15T14:20:56: PM2 log: pid=6749 msg=failed to kill - retrying in 100ms
2023-07-15T14:20:56: PM2 log: pid=6733 msg=failed to kill - retrying in 100ms
2023-07-15T14:20:56: PM2 log: pid=6749 msg=failed to kill - retrying in 100ms
2023-07-15T14:20:56: PM2 log: pid=6733 msg=failed to kill - retrying in 100ms
2023-07-15T14:20:57: PM2 log: pid=6749 msg=failed to kill - retrying in 100ms
2023-07-15T14:20:57: PM2 log: pid=6733 msg=failed to kill - retrying in 100ms
2023-07-15T14:20:57: PM2 log: pid=6749 msg=failed to kill - retrying in 100ms
2023-07-15T14:20:57: PM2 log: pid=6733 msg=failed to kill - retrying in 100ms
2023-07-15T14:20:57: PM2 log: pid=6749 msg=failed to kill - retrying in 100ms
2023-07-15T14:20:57: PM2 log: pid=6733 msg=failed to kill - retrying in 100ms
2023-07-15T14:20:57: PM2 log: pid=6749 msg=failed to kill - retrying in 100ms
2023-07-15T14:20:57: PM2 log: App name:myNextApp id:6 disconnected
2023-07-15T14:20:57: PM2 log: App [myNextApp:6] exited with code [0] via signal [SIGINT]
2023-07-15T14:20:57: PM2 log: App [myNextApp:7] exited with code [0] via signal [SIGINT]
2023-07-15T14:20:57: PM2 log: pid=6733 msg=process killed
2023-07-15T14:20:57: PM2 log: App [myNextApp:6] starting in -cluster mode-
2023-07-15T14:20:57: PM2 log: pid=6749 msg=process killed
2023-07-15T14:20:57: PM2 log: App [myNextApp:7] starting in -cluster mode-
2023-07-15T14:20:57: PM2 log: App [myNextApp:6] online
2023-07-15T14:20:57: PM2 log: Stopping app:myNextApp id:8
2023-07-15T14:20:57: PM2 log: App [myNextApp:7] online
2023-07-15T14:20:57: PM2 log: Stopping app:myNextApp id:9
2023-07-15T14:20:57: PM2 log: pid=6793 msg=failed to kill - retrying in 100ms
2023-07-15T14:20:57: PM2 log: pid=6809 msg=failed to kill - retrying in 100ms
2023-07-15T14:20:58: PM2 log: pid=6793 msg=failed to kill - retrying in 100ms
2023-07-15T14:20:58: PM2 log: pid=6809 msg=failed to kill - retrying in 100ms
2023-07-15T14:20:58: PM2 log: App name:myNextApp id:9 disconnected
2023-07-15T14:20:58: PM2 log: App [myNextApp:9] exited with code [0] via signal [SIGINT]
2023-07-15T14:20:58: PM2 log: pid=6793 msg=failed to kill - retrying in 100ms
2023-07-15T14:20:58: PM2 log: pid=6809 msg=process killed
2023-07-15T14:20:58: PM2 log: App [myNextApp:9] starting in -cluster mode-
2023-07-15T14:20:58: PM2 log: pid=6793 msg=failed to kill - retrying in 100ms
2023-07-15T14:20:58: PM2 log: App [myNextApp:9] online
2023-07-15T14:20:58: PM2 log: pid=6793 msg=failed to kill - retrying in 100ms
2023-07-15T14:20:58: PM2 log: App [myNextApp:8] exited with code [0] via signal [SIGINT]
2023-07-15T14:20:58: PM2 log: pid=6793 msg=process killed
2023-07-15T14:20:58: PM2 log: App [myNextApp:8] starting in -cluster mode-
2023-07-15T14:20:59: PM2 log: App [myNextApp:8] online
2023-07-15T17:38:24: PM2 log: Stopping app:myNextApp id:0
2023-07-15T17:38:24: PM2 log: Stopping app:myNextApp id:1
2023-07-15T17:38:24: PM2 log: pid=23833 msg=failed to kill - retrying in 100ms
2023-07-15T17:38:24: PM2 log: pid=23840 msg=failed to kill - retrying in 100ms
2023-07-15T17:38:24: PM2 log: pid=23833 msg=failed to kill - retrying in 100ms
2023-07-15T17:38:24: PM2 log: pid=23840 msg=failed to kill - retrying in 100ms
2023-07-15T17:38:25: PM2 log: pid=23833 msg=failed to kill - retrying in 100ms
2023-07-15T17:38:25: PM2 log: pid=23840 msg=failed to kill - retrying in 100ms
2023-07-15T17:38:25: PM2 log: App name:myNextApp id:1 disconnected
2023-07-15T17:38:25: PM2 log: App [myNextApp:1] exited with code [0] via signal [SIGINT]
2023-07-15T17:38:25: PM2 log: pid=23833 msg=failed to kill - retrying in 100ms
2023-07-15T17:38:25: PM2 log: pid=23840 msg=process killed
2023-07-15T17:38:25: PM2 log: App [myNextApp:1] starting in -cluster mode-
2023-07-15T17:38:25: PM2 log: App name:myNextApp id:0 disconnected
2023-07-15T17:38:25: PM2 log: App [myNextApp:0] exited with code [0] via signal [SIGINT]
2023-07-15T17:38:25: PM2 log: App [myNextApp:1] online
2023-07-15T17:38:25: PM2 log: pid=23833 msg=process killed
2023-07-15T17:38:25: PM2 log: App [myNextApp:0] starting in -cluster mode-
2023-07-15T17:38:25: PM2 log: Stopping app:myNextApp id:2
2023-07-15T17:38:25: PM2 log: App [myNextApp:0] online
2023-07-15T17:38:25: PM2 log: Stopping app:myNextApp id:3
2023-07-15T17:38:25: PM2 log: pid=23863 msg=failed to kill - retrying in 100ms
2023-07-15T17:38:25: PM2 log: pid=23857 msg=failed to kill - retrying in 100ms
2023-07-15T17:38:25: PM2 log: pid=23863 msg=failed to kill - retrying in 100ms
2023-07-15T17:38:25: PM2 log: pid=23857 msg=failed to kill - retrying in 100ms
2023-07-15T17:38:25: PM2 log: pid=23863 msg=failed to kill - retrying in 100ms
2023-07-15T17:38:25: PM2 log: pid=23857 msg=failed to kill - retrying in 100ms
2023-07-15T17:38:25: PM2 log: pid=23863 msg=failed to kill - retrying in 100ms
2023-07-15T17:38:25: PM2 log: pid=23857 msg=failed to kill - retrying in 100ms
2023-07-15T17:38:25: PM2 log: pid=23863 msg=failed to kill - retrying in 100ms
2023-07-15T17:38:25: PM2 log: pid=23857 msg=failed to kill - retrying in 100ms
2023-07-15T17:38:25: PM2 log: pid=23863 msg=failed to kill - retrying in 100ms
2023-07-15T17:38:26: PM2 log: pid=23857 msg=failed to kill - retrying in 100ms
2023-07-15T17:38:26: PM2 log: pid=23863 msg=failed to kill - retrying in 100ms
2023-07-15T17:38:26: PM2 log: pid=23857 msg=failed to kill - retrying in 100ms
2023-07-15T17:38:26: PM2 log: pid=23863 msg=failed to kill - retrying in 100ms
2023-07-15T17:38:26: PM2 log: pid=23857 msg=failed to kill - retrying in 100ms
2023-07-15T17:38:26: PM2 log: pid=23863 msg=failed to kill - retrying in 100ms
2023-07-15T17:38:26: PM2 log: App [myNextApp:2] exited with code [0] via signal [SIGINT]
2023-07-15T17:38:26: PM2 log: pid=23857 msg=failed to kill - retrying in 100ms
2023-07-15T17:38:26: PM2 log: pid=23863 msg=process killed
2023-07-15T17:38:26: PM2 log: App [myNextApp:2] starting in -cluster mode-
2023-07-15T17:38:26: PM2 log: App [myNextApp:2] online
2023-07-15T17:38:26: PM2 log: Stopping app:myNextApp id:4
2023-07-15T17:38:26: PM2 log: pid=23857 msg=failed to kill - retrying in 100ms
2023-07-15T17:38:26: PM2 log: pid=23857 msg=failed to kill - retrying in 100ms
2023-07-15T17:38:26: PM2 log: App [myNextApp:3] exited with code [0] via signal [SIGINT]
2023-07-15T17:38:26: PM2 log: pid=23857 msg=process killed
2023-07-15T17:38:26: PM2 log: App [myNextApp:3] starting in -cluster mode-
2023-07-15T17:38:26: PM2 log: pid=23897 msg=failed to kill - retrying in 100ms
2023-07-15T17:38:27: PM2 log: App [myNextApp:3] online
2023-07-15T17:38:27: PM2 log: Stopping app:myNextApp id:5
2023-07-15T17:38:27: PM2 log: pid=23897 msg=failed to kill - retrying in 100ms
2023-07-15T17:38:27: PM2 log: pid=23897 msg=failed to kill - retrying in 100ms
2023-07-15T17:38:27: PM2 log: pid=23904 msg=failed to kill - retrying in 100ms
2023-07-15T17:38:27: PM2 log: pid=23897 msg=failed to kill - retrying in 100ms
2023-07-15T17:38:27: PM2 log: pid=23904 msg=failed to kill - retrying in 100ms
2023-07-15T17:38:27: PM2 log: pid=23897 msg=failed to kill - retrying in 100ms
2023-07-15T17:38:27: PM2 log: pid=23904 msg=failed to kill - retrying in 100ms
2023-07-15T17:38:27: PM2 log: pid=23897 msg=failed to kill - retrying in 100ms
2023-07-15T17:38:27: PM2 log: pid=23904 msg=failed to kill - retrying in 100ms
2023-07-15T17:38:27: PM2 log: pid=23897 msg=failed to kill - retrying in 100ms
2023-07-15T17:38:27: PM2 log: pid=23904 msg=failed to kill - retrying in 100ms
2023-07-15T17:38:27: PM2 log: pid=23897 msg=failed to kill - retrying in 100ms
2023-07-15T17:38:27: PM2 log: pid=23904 msg=failed to kill - retrying in 100ms
2023-07-15T17:38:27: PM2 log: pid=23897 msg=failed to kill - retrying in 100ms
2023-07-15T17:38:27: PM2 log: pid=23904 msg=failed to kill - retrying in 100ms
2023-07-15T17:38:27: PM2 log: pid=23897 msg=failed to kill - retrying in 100ms
2023-07-15T17:38:27: PM2 log: pid=23904 msg=failed to kill - retrying in 100ms
2023-07-15T17:38:27: PM2 log: pid=23897 msg=failed to kill - retrying in 100ms
2023-07-15T17:38:28: PM2 log: pid=23904 msg=failed to kill - retrying in 100ms
2023-07-15T17:38:28: PM2 log: pid=23897 msg=failed to kill - retrying in 100ms
2023-07-15T17:38:28: PM2 log: pid=23904 msg=failed to kill - retrying in 100ms
2023-07-15T17:38:28: PM2 log: pid=23897 msg=failed to kill - retrying in 100ms
2023-07-15T17:38:28: PM2 log: pid=23904 msg=failed to kill - retrying in 100ms
2023-07-15T17:38:28: PM2 log: pid=23897 msg=failed to kill - retrying in 100ms
2023-07-15T17:38:28: PM2 log: pid=23904 msg=failed to kill - retrying in 100ms
2023-07-15T17:38:28: PM2 log: App [myNextApp:4] exited with code [0] via signal [SIGINT]
2023-07-15T17:38:28: PM2 log: App [myNextApp:5] exited with code [0] via signal [SIGINT]
2023-07-15T17:38:28: PM2 log: pid=23897 msg=process killed
2023-07-15T17:38:28: PM2 log: App [myNextApp:4] starting in -cluster mode-
2023-07-15T17:38:28: PM2 log: pid=23904 msg=process killed
2023-07-15T17:38:28: PM2 log: App [myNextApp:5] starting in -cluster mode-
2023-07-15T17:38:28: PM2 log: App [myNextApp:4] online
2023-07-15T17:38:28: PM2 log: Stopping app:myNextApp id:6
2023-07-15T17:38:28: PM2 log: App [myNextApp:5] online
2023-07-15T17:38:28: PM2 log: Stopping app:myNextApp id:7
2023-07-15T17:38:28: PM2 log: pid=23929 msg=failed to kill - retrying in 100ms
2023-07-15T17:38:28: PM2 log: pid=23935 msg=failed to kill - retrying in 100ms
2023-07-15T17:38:28: PM2 log: pid=23929 msg=failed to kill - retrying in 100ms
2023-07-15T17:38:28: PM2 log: pid=23935 msg=failed to kill - retrying in 100ms
2023-07-15T17:38:28: PM2 log: pid=23929 msg=failed to kill - retrying in 100ms
2023-07-15T17:38:28: PM2 log: pid=23935 msg=failed to kill - retrying in 100ms
2023-07-15T17:38:29: PM2 log: pid=23929 msg=failed to kill - retrying in 100ms
2023-07-15T17:38:29: PM2 log: pid=23935 msg=failed to kill - retrying in 100ms
2023-07-15T17:38:29: PM2 log: pid=23929 msg=failed to kill - retrying in 100ms
2023-07-15T17:38:29: PM2 log: pid=23935 msg=failed to kill - retrying in 100ms
2023-07-15T17:38:29: PM2 log: pid=23929 msg=failed to kill - retrying in 100ms
2023-07-15T17:38:29: PM2 log: pid=23935 msg=failed to kill - retrying in 100ms
2023-07-15T17:38:29: PM2 log: pid=23929 msg=failed to kill - retrying in 100ms
2023-07-15T17:38:29: PM2 log: pid=23935 msg=failed to kill - retrying in 100ms
2023-07-15T17:38:29: PM2 log: pid=23929 msg=failed to kill - retrying in 100ms
2023-07-15T17:38:29: PM2 log: pid=23935 msg=failed to kill - retrying in 100ms
2023-07-15T17:38:29: PM2 log: pid=23929 msg=failed to kill - retrying in 100ms
2023-07-15T17:38:29: PM2 log: pid=23935 msg=failed to kill - retrying in 100ms
2023-07-15T17:38:29: PM2 log: pid=23929 msg=failed to kill - retrying in 100ms
2023-07-15T17:38:29: PM2 log: pid=23935 msg=failed to kill - retrying in 100ms
2023-07-15T17:38:30: PM2 log: pid=23929 msg=failed to kill - retrying in 100ms
2023-07-15T17:38:30: PM2 log: pid=23935 msg=failed to kill - retrying in 100ms
2023-07-15T17:38:30: PM2 log: Process with pid 23929 still alive after 1600ms, sending it SIGKILL now...
2023-07-15T17:38:30: PM2 log: Process with pid 23935 still alive after 1600ms, sending it SIGKILL now...
2023-07-15T17:38:30: PM2 log: App [myNextApp:6] exited with code [0] via signal [SIGINT]
2023-07-15T17:38:30: PM2 log: App [myNextApp:7] exited with code [0] via signal [SIGINT]
2023-07-15T17:38:30: PM2 log: pid=23935 msg=process killed
2023-07-15T17:38:30: PM2 log: App [myNextApp:7] starting in -cluster mode-
2023-07-15T17:38:30: PM2 log: pid=23929 msg=process killed
2023-07-15T17:38:30: PM2 log: App [myNextApp:6] starting in -cluster mode-
2023-07-15T17:38:31: PM2 log: App [myNextApp:7] online
2023-07-15T17:38:31: PM2 log: App [myNextApp:6] online
2023-07-15T17:38:31: PM2 log: Stopping app:myNextApp id:8
2023-07-15T17:38:31: PM2 log: Stopping app:myNextApp id:9
2023-07-15T17:38:31: PM2 log: pid=23976 msg=failed to kill - retrying in 100ms
2023-07-15T17:38:31: PM2 log: pid=23961 msg=failed to kill - retrying in 100ms
2023-07-15T17:38:31: PM2 log: pid=23976 msg=failed to kill - retrying in 100ms
2023-07-15T17:38:31: PM2 log: pid=23961 msg=failed to kill - retrying in 100ms
2023-07-15T17:38:31: PM2 log: pid=23976 msg=failed to kill - retrying in 100ms
2023-07-15T17:38:31: PM2 log: pid=23961 msg=failed to kill - retrying in 100ms
2023-07-15T17:38:31: PM2 log: pid=23976 msg=failed to kill - retrying in 100ms
2023-07-15T17:38:31: PM2 log: App name:myNextApp id:8 disconnected
2023-07-15T17:38:31: PM2 log: App [myNextApp:8] exited with code [0] via signal [SIGINT]
2023-07-15T17:38:31: PM2 log: App name:myNextApp id:9 disconnected
2023-07-15T17:38:31: PM2 log: App [myNextApp:9] exited with code [0] via signal [SIGINT]
2023-07-15T17:38:31: PM2 log: pid=23961 msg=process killed
2023-07-15T17:38:31: PM2 log: App [myNextApp:9] starting in -cluster mode-
2023-07-15T17:38:31: PM2 log: pid=23976 msg=process killed
2023-07-15T17:38:31: PM2 log: App [myNextApp:8] starting in -cluster mode-
2023-07-15T17:38:32: PM2 log: App [myNextApp:9] online
2023-07-15T17:38:32: PM2 log: App [myNextApp:8] online
2023-07-15T17:47:26: PM2 log: Stopping app:myNextApp id:0
2023-07-15T17:47:26: PM2 log: Stopping app:myNextApp id:1
2023-07-15T17:47:26: PM2 log: App name:myNextApp id:0 disconnected
2023-07-15T17:47:26: PM2 log: App [myNextApp:0] exited with code [0] via signal [SIGINT]
2023-07-15T17:47:26: PM2 log: App name:myNextApp id:1 disconnected
2023-07-15T17:47:26: PM2 log: App [myNextApp:1] exited with code [0] via signal [SIGINT]
2023-07-15T17:47:26: PM2 log: pid=2423 msg=process killed
2023-07-15T17:47:26: PM2 log: App [myNextApp:0] starting in -cluster mode-
2023-07-15T17:47:26: PM2 log: pid=2416 msg=process killed
2023-07-15T17:47:26: PM2 log: App [myNextApp:1] starting in -cluster mode-
2023-07-15T17:47:26: PM2 log: App [myNextApp:0] online
2023-07-15T17:47:26: PM2 log: Stopping app:myNextApp id:2
2023-07-15T17:47:26: PM2 log: App [myNextApp:1] online
2023-07-15T17:47:26: PM2 log: Stopping app:myNextApp id:3
2023-07-15T17:47:26: PM2 log: App name:myNextApp id:2 disconnected
2023-07-15T17:47:26: PM2 log: App [myNextApp:2] exited with code [0] via signal [SIGINT]
2023-07-15T17:47:26: PM2 log: App [myNextApp:3] exited with code [0] via signal [SIGINT]
2023-07-15T17:47:26: PM2 log: App name:myNextApp id:3 disconnected
2023-07-15T17:47:26: PM2 log: pid=2444 msg=process killed
2023-07-15T17:47:26: PM2 log: App [myNextApp:2] starting in -cluster mode-
2023-07-15T17:47:26: PM2 log: pid=2457 msg=process killed
2023-07-15T17:47:26: PM2 log: App [myNextApp:3] starting in -cluster mode-
2023-07-15T17:47:26: PM2 log: App [myNextApp:3] online
2023-07-15T17:47:26: PM2 log: Stopping app:myNextApp id:4
2023-07-15T17:47:27: PM2 log: App [myNextApp:2] online
2023-07-15T17:47:27: PM2 log: Stopping app:myNextApp id:5
2023-07-15T17:47:27: PM2 log: pid=2495 msg=failed to kill - retrying in 100ms
2023-07-15T17:47:27: PM2 log: pid=2488 msg=failed to kill - retrying in 100ms
2023-07-15T17:47:27: PM2 log: App name:myNextApp id:4 disconnected
2023-07-15T17:47:27: PM2 log: App [myNextApp:4] exited with code [0] via signal [SIGINT]
2023-07-15T17:47:27: PM2 log: pid=2495 msg=failed to kill - retrying in 100ms
2023-07-15T17:47:27: PM2 log: pid=2488 msg=process killed
2023-07-15T17:47:27: PM2 log: App [myNextApp:4] starting in -cluster mode-
2023-07-15T17:47:27: PM2 log: App name:myNextApp id:5 disconnected
2023-07-15T17:47:27: PM2 log: App [myNextApp:5] exited with code [0] via signal [SIGINT]
2023-07-15T17:47:27: PM2 log: App [myNextApp:4] online
2023-07-15T17:47:27: PM2 log: Stopping app:myNextApp id:6
2023-07-15T17:47:27: PM2 log: pid=2495 msg=process killed
2023-07-15T17:47:27: PM2 log: App [myNextApp:5] starting in -cluster mode-
2023-07-15T17:47:27: PM2 log: App [myNextApp:5] online
2023-07-15T17:47:27: PM2 log: App name:myNextApp id:6 disconnected
2023-07-15T17:47:27: PM2 log: App [myNextApp:6] exited with code [0] via signal [SIGINT]
2023-07-15T17:47:27: PM2 log: pid=2538 msg=process killed
2023-07-15T17:47:27: PM2 log: App [myNextApp:6] starting in -cluster mode-
2023-07-15T17:47:27: PM2 log: Stopping app:myNextApp id:7
2023-07-15T17:47:27: PM2 log: App [myNextApp:6] online
2023-07-15T17:47:27: PM2 log: Stopping app:myNextApp id:8
2023-07-15T17:47:27: PM2 log: App [myNextApp:7] exited with code [0] via signal [SIGINT]
2023-07-15T17:47:27: PM2 log: App name:myNextApp id:7 disconnected
2023-07-15T17:47:27: PM2 log: pid=2532 msg=process killed
2023-07-15T17:47:27: PM2 log: App [myNextApp:7] starting in -cluster mode-
2023-07-15T17:47:27: PM2 log: App name:myNextApp id:8 disconnected
2023-07-15T17:47:27: PM2 log: App [myNextApp:8] exited with code [0] via signal [SIGINT]
2023-07-15T17:47:27: PM2 log: App [myNextApp:7] online
2023-07-15T17:47:27: PM2 log: Stopping app:myNextApp id:9
2023-07-15T17:47:27: PM2 log: pid=2588 msg=process killed
2023-07-15T17:47:27: PM2 log: App [myNextApp:8] starting in -cluster mode-
2023-07-15T17:47:27: PM2 log: App [myNextApp:8] online
2023-07-15T17:47:27: PM2 log: App name:myNextApp id:9 disconnected
2023-07-15T17:47:27: PM2 log: App [myNextApp:9] exited with code [0] via signal [SIGINT]
2023-07-15T17:47:27: PM2 log: pid=2582 msg=process killed
2023-07-15T17:47:27: PM2 log: App [myNextApp:9] starting in -cluster mode-
2023-07-15T17:47:28: PM2 log: App [myNextApp:9] online
2023-07-16T11:05:41: PM2 log: [PM2] This PM2 is not UP TO DATE
2023-07-16T11:05:41: PM2 log: [PM2] Upgrade to version 5.3.0
2023-07-16T11:13:53: PM2 log: App [myNextApp:2] exited with code [0] via signal [SIGKILL]
2023-07-16T11:13:54: PM2 log: App [myNextApp:2] starting in -cluster mode-
2023-07-16T11:14:00: PM2 log: App [myNextApp:2] online
2023-07-16T15:58:37: PM2 log: App name:myNextApp id:4 disconnected
2023-07-16T15:58:37: PM2 log: App [myNextApp:4] exited with code [0] via signal [SIGKILL]
2023-07-16T15:58:37: PM2 log: App [myNextApp:4] starting in -cluster mode-
2023-07-16T15:58:43: PM2 log: App [myNextApp:4] online
2023-07-16T16:32:47: PM2 log: Stopping app:myNextApp id:0
2023-07-16T16:32:47: PM2 log: Stopping app:myNextApp id:1
2023-07-16T16:32:48: PM2 log: pid=5221 msg=failed to kill - retrying in 100ms
2023-07-16T16:32:48: PM2 log: pid=5227 msg=failed to kill - retrying in 100ms
2023-07-16T16:32:48: PM2 log: pid=5221 msg=failed to kill - retrying in 100ms
2023-07-16T16:32:48: PM2 log: pid=5227 msg=failed to kill - retrying in 100ms
2023-07-16T16:32:48: PM2 log: pid=5221 msg=failed to kill - retrying in 100ms
2023-07-16T16:32:48: PM2 log: pid=5227 msg=failed to kill - retrying in 100ms
2023-07-16T16:32:48: PM2 log: pid=5221 msg=failed to kill - retrying in 100ms
2023-07-16T16:32:48: PM2 log: pid=5227 msg=failed to kill - retrying in 100ms
2023-07-16T16:32:48: PM2 log: pid=5221 msg=failed to kill - retrying in 100ms
2023-07-16T16:32:48: PM2 log: pid=5227 msg=failed to kill - retrying in 100ms
2023-07-16T16:32:48: PM2 log: pid=5221 msg=failed to kill - retrying in 100ms
2023-07-16T16:32:48: PM2 log: pid=5227 msg=failed to kill - retrying in 100ms
2023-07-16T16:32:49: PM2 log: pid=5221 msg=failed to kill - retrying in 100ms
2023-07-16T16:32:49: PM2 log: pid=5227 msg=failed to kill - retrying in 100ms
2023-07-16T16:32:49: PM2 log: pid=5221 msg=failed to kill - retrying in 100ms
2023-07-16T16:32:49: PM2 log: pid=5227 msg=failed to kill - retrying in 100ms
2023-07-16T16:32:49: PM2 log: pid=5221 msg=failed to kill - retrying in 100ms
2023-07-16T16:32:49: PM2 log: pid=5227 msg=failed to kill - retrying in 100ms
2023-07-16T16:32:49: PM2 log: App name:myNextApp id:1 disconnected
2023-07-16T16:32:49: PM2 log: pid=5221 msg=failed to kill - retrying in 100ms
2023-07-16T16:32:49: PM2 log: App [myNextApp:1] exited with code [0] via signal [SIGINT]
2023-07-16T16:32:49: PM2 log: pid=5227 msg=process killed
2023-07-16T16:32:49: PM2 log: App [myNextApp:1] starting in -cluster mode-
2023-07-16T16:32:49: PM2 log: App [myNextApp:0] exited with code [0] via signal [SIGINT]
2023-07-16T16:32:49: PM2 log: pid=5221 msg=process killed
2023-07-16T16:32:49: PM2 log: App [myNextApp:0] starting in -cluster mode-
2023-07-16T16:32:49: PM2 log: App [myNextApp:1] online
2023-07-16T16:32:49: PM2 log: App [myNextApp:0] online
2023-07-16T16:32:49: PM2 log: Stopping app:myNextApp id:2
2023-07-16T16:32:49: PM2 log: Stopping app:myNextApp id:3
2023-07-16T16:32:49: PM2 log: pid=9110 msg=failed to kill - retrying in 100ms
2023-07-16T16:32:49: PM2 log: App name:myNextApp id:2 disconnected
2023-07-16T16:32:49: PM2 log: App [myNextApp:2] exited with code [0] via signal [SIGINT]
2023-07-16T16:32:49: PM2 log: pid=5246 msg=failed to kill - retrying in 100ms
2023-07-16T16:32:49: PM2 log: pid=9110 msg=process killed
2023-07-16T16:32:49: PM2 log: App [myNextApp:2] starting in -cluster mode-
2023-07-16T16:32:49: PM2 log: pid=5246 msg=failed to kill - retrying in 100ms
2023-07-16T16:32:49: PM2 log: App [myNextApp:2] online
2023-07-16T16:32:49: PM2 log: Stopping app:myNextApp id:4
2023-07-16T16:32:50: PM2 log: pid=5246 msg=failed to kill - retrying in 100ms
2023-07-16T16:32:50: PM2 log: pid=5246 msg=failed to kill - retrying in 100ms
2023-07-16T16:32:50: PM2 log: pid=3229 msg=failed to kill - retrying in 100ms
2023-07-16T16:32:50: PM2 log: pid=5246 msg=failed to kill - retrying in 100ms
2023-07-16T16:32:50: PM2 log: pid=3229 msg=failed to kill - retrying in 100ms
2023-07-16T16:32:50: PM2 log: pid=5246 msg=failed to kill - retrying in 100ms
2023-07-16T16:32:50: PM2 log: pid=3229 msg=failed to kill - retrying in 100ms
2023-07-16T16:32:50: PM2 log: pid=5246 msg=failed to kill - retrying in 100ms
2023-07-16T16:32:50: PM2 log: pid=3229 msg=failed to kill - retrying in 100ms
2023-07-16T16:32:50: PM2 log: pid=5246 msg=failed to kill - retrying in 100ms
2023-07-16T16:32:50: PM2 log: pid=3229 msg=failed to kill - retrying in 100ms
2023-07-16T16:32:50: PM2 log: pid=5246 msg=failed to kill - retrying in 100ms
2023-07-16T16:32:50: PM2 log: pid=3229 msg=failed to kill - retrying in 100ms
2023-07-16T16:32:50: PM2 log: pid=5246 msg=failed to kill - retrying in 100ms
2023-07-16T16:32:50: PM2 log: pid=3229 msg=failed to kill - retrying in 100ms
2023-07-16T16:32:50: PM2 log: pid=5246 msg=failed to kill - retrying in 100ms
2023-07-16T16:32:50: PM2 log: pid=3229 msg=failed to kill - retrying in 100ms
2023-07-16T16:32:50: PM2 log: pid=5246 msg=failed to kill - retrying in 100ms
2023-07-16T16:32:50: PM2 log: pid=3229 msg=failed to kill - retrying in 100ms
2023-07-16T16:32:51: PM2 log: pid=5246 msg=failed to kill - retrying in 100ms
2023-07-16T16:32:51: PM2 log: pid=3229 msg=failed to kill - retrying in 100ms
2023-07-16T16:32:51: PM2 log: pid=5246 msg=failed to kill - retrying in 100ms
2023-07-16T16:32:51: PM2 log: pid=3229 msg=failed to kill - retrying in 100ms
2023-07-16T16:32:51: PM2 log: pid=5246 msg=failed to kill - retrying in 100ms
2023-07-16T16:32:51: PM2 log: pid=3229 msg=failed to kill - retrying in 100ms
2023-07-16T16:32:51: PM2 log: Process with pid 5246 still alive after 1600ms, sending it SIGKILL now...
2023-07-16T16:32:51: PM2 log: pid=3229 msg=failed to kill - retrying in 100ms
2023-07-16T16:32:51: PM2 log: pid=3229 msg=failed to kill - retrying in 100ms
2023-07-16T16:32:51: PM2 log: pid=5246 msg=failed to kill - retrying in 100ms
2023-07-16T16:32:51: PM2 log: App name:myNextApp id:3 disconnected
2023-07-16T16:32:51: PM2 log: App [myNextApp:3] exited with code [0] via signal [SIGKILL]
2023-07-16T16:32:51: PM2 log: pid=3229 msg=failed to kill - retrying in 100ms
2023-07-16T16:32:51: PM2 log: pid=5246 msg=process killed
2023-07-16T16:32:51: PM2 log: App [myNextApp:3] starting in -cluster mode-
2023-07-16T16:32:51: PM2 log: Process with pid 3229 still alive after 1600ms, sending it SIGKILL now...
2023-07-16T16:32:51: PM2 log: App [myNextApp:3] online
2023-07-16T16:32:51: PM2 log: Stopping app:myNextApp id:5
2023-07-16T16:32:51: PM2 log: pid=3229 msg=failed to kill - retrying in 100ms
2023-07-16T16:32:51: PM2 log: App name:myNextApp id:4 disconnected
2023-07-16T16:32:51: PM2 log: App [myNextApp:4] exited with code [0] via signal [SIGKILL]
2023-07-16T16:32:51: PM2 log: pid=3229 msg=process killed
2023-07-16T16:32:51: PM2 log: App [myNextApp:4] starting in -cluster mode-
2023-07-16T16:32:51: PM2 log: pid=5297 msg=failed to kill - retrying in 100ms
2023-07-16T16:32:52: PM2 log: App [myNextApp:4] online
2023-07-16T16:32:52: PM2 log: Stopping app:myNextApp id:6
2023-07-16T16:32:52: PM2 log: pid=5297 msg=failed to kill - retrying in 100ms
2023-07-16T16:32:52: PM2 log: pid=5297 msg=failed to kill - retrying in 100ms
2023-07-16T16:32:52: PM2 log: pid=5313 msg=failed to kill - retrying in 100ms
2023-07-16T16:32:52: PM2 log: pid=5297 msg=failed to kill - retrying in 100ms
2023-07-16T16:32:52: PM2 log: pid=5313 msg=failed to kill - retrying in 100ms
2023-07-16T16:32:52: PM2 log: pid=5297 msg=failed to kill - retrying in 100ms
2023-07-16T16:32:52: PM2 log: pid=5313 msg=failed to kill - retrying in 100ms
2023-07-16T16:32:52: PM2 log: pid=5297 msg=failed to kill - retrying in 100ms
2023-07-16T16:32:52: PM2 log: pid=5313 msg=failed to kill - retrying in 100ms
2023-07-16T16:32:52: PM2 log: pid=5297 msg=failed to kill - retrying in 100ms
2023-07-16T16:32:52: PM2 log: pid=5313 msg=failed to kill - retrying in 100ms
2023-07-16T16:32:52: PM2 log: pid=5297 msg=failed to kill - retrying in 100ms
2023-07-16T16:32:52: PM2 log: pid=5313 msg=failed to kill - retrying in 100ms
2023-07-16T16:32:52: PM2 log: pid=5297 msg=failed to kill - retrying in 100ms
2023-07-16T16:32:52: PM2 log: pid=5313 msg=failed to kill - retrying in 100ms
2023-07-16T16:32:52: PM2 log: pid=5297 msg=failed to kill - retrying in 100ms
2023-07-16T16:32:52: PM2 log: pid=5313 msg=failed to kill - retrying in 100ms
2023-07-16T16:32:53: PM2 log: pid=5297 msg=failed to kill - retrying in 100ms
2023-07-16T16:32:53: PM2 log: pid=5313 msg=failed to kill - retrying in 100ms
2023-07-16T16:32:53: PM2 log: App [myNextApp:5] exited with code [0] via signal [SIGINT]
2023-07-16T16:32:53: PM2 log: pid=5297 msg=process killed
2023-07-16T16:32:53: PM2 log: App [myNextApp:5] starting in -cluster mode-
2023-07-16T16:32:53: PM2 log: pid=5313 msg=failed to kill - retrying in 100ms
2023-07-16T16:32:53: PM2 log: App [myNextApp:5] online
2023-07-16T16:32:53: PM2 log: App [myNextApp:6] exited with code [0] via signal [SIGINT]
2023-07-16T16:32:53: PM2 log: Stopping app:myNextApp id:7
2023-07-16T16:32:53: PM2 log: pid=5313 msg=process killed
2023-07-16T16:32:53: PM2 log: App [myNextApp:6] starting in -cluster mode-
2023-07-16T16:32:53: PM2 log: App [myNextApp:6] online
2023-07-16T16:32:53: PM2 log: Stopping app:myNextApp id:8
2023-07-16T16:32:53: PM2 log: pid=5338 msg=failed to kill - retrying in 100ms
2023-07-16T16:32:53: PM2 log: pid=5338 msg=failed to kill - retrying in 100ms
2023-07-16T16:32:53: PM2 log: pid=5346 msg=failed to kill - retrying in 100ms
2023-07-16T16:32:53: PM2 log: pid=5338 msg=failed to kill - retrying in 100ms
2023-07-16T16:32:53: PM2 log: pid=5346 msg=failed to kill - retrying in 100ms
2023-07-16T16:32:53: PM2 log: pid=5338 msg=failed to kill - retrying in 100ms
2023-07-16T16:32:53: PM2 log: pid=5346 msg=failed to kill - retrying in 100ms
2023-07-16T16:32:53: PM2 log: pid=5338 msg=failed to kill - retrying in 100ms
2023-07-16T16:32:53: PM2 log: pid=5346 msg=failed to kill - retrying in 100ms
2023-07-16T16:32:53: PM2 log: pid=5338 msg=failed to kill - retrying in 100ms
2023-07-16T16:32:53: PM2 log: pid=5346 msg=failed to kill - retrying in 100ms
2023-07-16T16:32:54: PM2 log: pid=5338 msg=failed to kill - retrying in 100ms
2023-07-16T16:32:54: PM2 log: pid=5346 msg=failed to kill - retrying in 100ms
2023-07-16T16:32:54: PM2 log: pid=5338 msg=failed to kill - retrying in 100ms
2023-07-16T16:32:54: PM2 log: pid=5346 msg=failed to kill - retrying in 100ms
2023-07-16T16:32:54: PM2 log: pid=5338 msg=failed to kill - retrying in 100ms
2023-07-16T16:32:54: PM2 log: pid=5346 msg=failed to kill - retrying in 100ms
2023-07-16T16:32:54: PM2 log: pid=5338 msg=failed to kill - retrying in 100ms
2023-07-16T16:32:54: PM2 log: pid=5346 msg=failed to kill - retrying in 100ms
2023-07-16T16:32:54: PM2 log: pid=5338 msg=failed to kill - retrying in 100ms
2023-07-16T16:32:54: PM2 log: pid=5346 msg=failed to kill - retrying in 100ms
2023-07-16T16:32:54: PM2 log: pid=5338 msg=failed to kill - retrying in 100ms
2023-07-16T16:32:54: PM2 log: pid=5346 msg=failed to kill - retrying in 100ms
2023-07-16T16:32:54: PM2 log: pid=5338 msg=failed to kill - retrying in 100ms
2023-07-16T16:32:54: PM2 log: pid=5346 msg=failed to kill - retrying in 100ms
2023-07-16T16:32:54: PM2 log: pid=5338 msg=failed to kill - retrying in 100ms
2023-07-16T16:32:54: PM2 log: pid=5346 msg=failed to kill - retrying in 100ms
2023-07-16T16:32:54: PM2 log: pid=5338 msg=failed to kill - retrying in 100ms
2023-07-16T16:32:54: PM2 log: pid=5346 msg=failed to kill - retrying in 100ms
2023-07-16T16:32:54: PM2 log: Process with pid 5338 still alive after 1600ms, sending it SIGKILL now...
2023-07-16T16:32:54: PM2 log: pid=5346 msg=failed to kill - retrying in 100ms
2023-07-16T16:32:55: PM2 log: Process with pid 5346 still alive after 1600ms, sending it SIGKILL now...
2023-07-16T16:32:55: PM2 log: pid=5338 msg=failed to kill - retrying in 100ms
2023-07-16T16:32:55: PM2 log: App name:myNextApp id:7 disconnected
2023-07-16T16:32:55: PM2 log: App [myNextApp:7] exited with code [0] via signal [SIGKILL]
2023-07-16T16:32:55: PM2 log: pid=5338 msg=process killed
2023-07-16T16:32:55: PM2 log: App [myNextApp:7] starting in -cluster mode-
2023-07-16T16:32:55: PM2 log: pid=5346 msg=failed to kill - retrying in 100ms
2023-07-16T16:32:55: PM2 log: pid=5346 msg=failed to kill - retrying in 100ms
2023-07-16T16:32:55: PM2 log: App [myNextApp:7] online
2023-07-16T16:32:55: PM2 log: App [myNextApp:8] exited with code [0] via signal [SIGKILL]
2023-07-16T16:32:55: PM2 log: Stopping app:myNextApp id:9
2023-07-16T16:32:55: PM2 log: pid=5346 msg=process killed
2023-07-16T16:32:55: PM2 log: App [myNextApp:8] starting in -cluster mode-
2023-07-16T16:32:56: PM2 log: App [myNextApp:8] online
2023-07-16T16:32:56: PM2 log: pid=5365 msg=failed to kill - retrying in 100ms
2023-07-16T16:32:56: PM2 log: pid=5365 msg=failed to kill - retrying in 100ms
2023-07-16T16:32:56: PM2 log: pid=5365 msg=failed to kill - retrying in 100ms
2023-07-16T16:32:56: PM2 log: pid=5365 msg=failed to kill - retrying in 100ms
2023-07-16T16:32:56: PM2 log: pid=5365 msg=failed to kill - retrying in 100ms
2023-07-16T16:32:56: PM2 log: pid=5365 msg=failed to kill - retrying in 100ms
2023-07-16T16:32:56: PM2 log: pid=5365 msg=failed to kill - retrying in 100ms
2023-07-16T16:32:56: PM2 log: pid=5365 msg=failed to kill - retrying in 100ms
2023-07-16T16:32:57: PM2 log: pid=5365 msg=failed to kill - retrying in 100ms
2023-07-16T16:32:57: PM2 log: pid=5365 msg=failed to kill - retrying in 100ms
2023-07-16T16:32:57: PM2 log: pid=5365 msg=failed to kill - retrying in 100ms
2023-07-16T16:32:57: PM2 log: pid=5365 msg=failed to kill - retrying in 100ms
2023-07-16T16:32:57: PM2 log: Process with pid 5365 still alive after 1600ms, sending it SIGKILL now...
2023-07-16T16:32:58: PM2 log: App [myNextApp:9] exited with code [0] via signal [SIGINT]
2023-07-16T16:32:58: PM2 log: pid=5365 msg=process killed
2023-07-16T16:32:58: PM2 log: App [myNextApp:9] starting in -cluster mode-
2023-07-16T16:32:58: PM2 log: App [myNextApp:9] online
2023-07-17T10:39:50: PM2 log: App name:myNextApp id:4 disconnected
2023-07-17T10:39:50: PM2 log: App [myNextApp:4] exited with code [0] via signal [SIGKILL]
2023-07-17T10:39:50: PM2 log: App [myNextApp:4] starting in -cluster mode-
2023-07-17T10:39:54: PM2 log: App [myNextApp:4] online
2023-07-17T11:05:41: PM2 log: [PM2] This PM2 is not UP TO DATE
2023-07-17T11:05:41: PM2 log: [PM2] Upgrade to version 5.3.0
2023-07-17T12:01:37: PM2 log: App name:myNextApp id:6 disconnected
2023-07-17T12:01:38: PM2 log: App [myNextApp:6] exited with code [0] via signal [SIGKILL]
2023-07-17T12:01:38: PM2 log: App [myNextApp:6] starting in -cluster mode-
2023-07-17T12:01:43: PM2 log: App [myNextApp:6] online
2023-07-17T13:05:50: PM2 log: App name:myNextApp id:5 disconnected
2023-07-17T13:05:50: PM2 log: App [myNextApp:5] exited with code [0] via signal [SIGKILL]
2023-07-17T13:05:50: PM2 log: App [myNextApp:5] starting in -cluster mode-
2023-07-17T13:05:55: PM2 log: App [myNextApp:5] online
2023-07-17T14:56:11: PM2 log: App name:myNextApp id:9 disconnected
2023-07-17T14:56:11: PM2 log: App [myNextApp:9] exited with code [0] via signal [SIGKILL]
2023-07-17T14:56:11: PM2 log: App [myNextApp:9] starting in -cluster mode-
2023-07-17T14:56:14: PM2 log: App [myNextApp:9] online
2023-07-17T18:10:32: PM2 log: Stopping app:myNextApp id:0
2023-07-17T18:10:32: PM2 log: Stopping app:myNextApp id:1
2023-07-17T18:10:32: PM2 log: pid=13190 msg=failed to kill - retrying in 100ms
2023-07-17T18:10:32: PM2 log: pid=13184 msg=failed to kill - retrying in 100ms
2023-07-17T18:10:33: PM2 log: pid=13190 msg=failed to kill - retrying in 100ms
2023-07-17T18:10:33: PM2 log: pid=13184 msg=failed to kill - retrying in 100ms
2023-07-17T18:10:33: PM2 log: pid=13190 msg=failed to kill - retrying in 100ms
2023-07-17T18:10:33: PM2 log: pid=13184 msg=failed to kill - retrying in 100ms
2023-07-17T18:10:33: PM2 log: pid=13190 msg=failed to kill - retrying in 100ms
2023-07-17T18:10:33: PM2 log: pid=13184 msg=failed to kill - retrying in 100ms
2023-07-17T18:10:33: PM2 log: pid=13190 msg=failed to kill - retrying in 100ms
2023-07-17T18:10:33: PM2 log: pid=13184 msg=failed to kill - retrying in 100ms
2023-07-17T18:10:33: PM2 log: pid=13190 msg=failed to kill - retrying in 100ms
2023-07-17T18:10:33: PM2 log: pid=13184 msg=failed to kill - retrying in 100ms
2023-07-17T18:10:33: PM2 log: pid=13190 msg=failed to kill - retrying in 100ms
2023-07-17T18:10:33: PM2 log: pid=13184 msg=failed to kill - retrying in 100ms
2023-07-17T18:10:33: PM2 log: pid=13190 msg=failed to kill - retrying in 100ms
2023-07-17T18:10:33: PM2 log: pid=13184 msg=failed to kill - retrying in 100ms
2023-07-17T18:10:33: PM2 log: App [myNextApp:0] exited with code [0] via signal [SIGINT]
2023-07-17T18:10:33: PM2 log: pid=13190 msg=process killed
2023-07-17T18:10:33: PM2 log: App [myNextApp:0] starting in -cluster mode-
2023-07-17T18:10:33: PM2 log: App [myNextApp:1] exited with code [0] via signal [SIGINT]
2023-07-17T18:10:33: PM2 log: pid=13184 msg=process killed
2023-07-17T18:10:33: PM2 log: App [myNextApp:1] starting in -cluster mode-
2023-07-17T18:10:33: PM2 log: App [myNextApp:0] online
2023-07-17T18:10:33: PM2 log: Stopping app:myNextApp id:2
2023-07-17T18:10:33: PM2 log: App [myNextApp:1] online
2023-07-17T18:10:33: PM2 log: Stopping app:myNextApp id:3
2023-07-17T18:10:34: PM2 log: pid=13201 msg=failed to kill - retrying in 100ms
2023-07-17T18:10:34: PM2 log: pid=13201 msg=failed to kill - retrying in 100ms
2023-07-17T18:10:34: PM2 log: pid=13228 msg=failed to kill - retrying in 100ms
2023-07-17T18:10:34: PM2 log: pid=13201 msg=failed to kill - retrying in 100ms
2023-07-17T18:10:34: PM2 log: pid=13228 msg=failed to kill - retrying in 100ms
2023-07-17T18:10:34: PM2 log: pid=13201 msg=failed to kill - retrying in 100ms
2023-07-17T18:10:34: PM2 log: pid=13228 msg=failed to kill - retrying in 100ms
2023-07-17T18:10:34: PM2 log: pid=13201 msg=failed to kill - retrying in 100ms
2023-07-17T18:10:34: PM2 log: pid=13228 msg=failed to kill - retrying in 100ms
2023-07-17T18:10:34: PM2 log: pid=13201 msg=failed to kill - retrying in 100ms
2023-07-17T18:10:34: PM2 log: pid=13228 msg=failed to kill - retrying in 100ms
2023-07-17T18:10:34: PM2 log: pid=13201 msg=failed to kill - retrying in 100ms
2023-07-17T18:10:34: PM2 log: pid=13228 msg=failed to kill - retrying in 100ms
2023-07-17T18:10:34: PM2 log: pid=13201 msg=failed to kill - retrying in 100ms
2023-07-17T18:10:34: PM2 log: pid=13228 msg=failed to kill - retrying in 100ms
2023-07-17T18:10:34: PM2 log: pid=13201 msg=failed to kill - retrying in 100ms
2023-07-17T18:10:34: PM2 log: pid=13228 msg=failed to kill - retrying in 100ms
2023-07-17T18:10:35: PM2 log: pid=13201 msg=failed to kill - retrying in 100ms
2023-07-17T18:10:35: PM2 log: pid=13228 msg=failed to kill - retrying in 100ms
2023-07-17T18:10:35: PM2 log: App [myNextApp:2] exited with code [0] via signal [SIGINT]
2023-07-17T18:10:35: PM2 log: pid=13201 msg=process killed
2023-07-17T18:10:35: PM2 log: App [myNextApp:2] starting in -cluster mode-
2023-07-17T18:10:35: PM2 log: pid=13228 msg=failed to kill - retrying in 100ms
2023-07-17T18:10:35: PM2 log: pid=13228 msg=failed to kill - retrying in 100ms
2023-07-17T18:10:35: PM2 log: App [myNextApp:2] online
2023-07-17T18:10:35: PM2 log: Stopping app:myNextApp id:4
2023-07-17T18:10:35: PM2 log: pid=13228 msg=failed to kill - retrying in 100ms
2023-07-17T18:10:35: PM2 log: pid=13228 msg=failed to kill - retrying in 100ms
2023-07-17T18:10:35: PM2 log: App [myNextApp:3] exited with code [0] via signal [SIGINT]
2023-07-17T18:10:35: PM2 log: Process with pid 13228 still alive after 1600ms, sending it SIGKILL now...
2023-07-17T18:10:35: PM2 log: pid=23878 msg=failed to kill - retrying in 100ms
2023-07-17T18:10:35: PM2 log: pid=23878 msg=failed to kill - retrying in 100ms
2023-07-17T18:10:35: PM2 log: pid=13228 msg=process killed
2023-07-17T18:10:35: PM2 log: App [myNextApp:3] starting in -cluster mode-
2023-07-17T18:10:35: PM2 log: App [myNextApp:4] exited with code [0] via signal [SIGINT]
2023-07-17T18:10:35: PM2 log: pid=23878 msg=process killed
2023-07-17T18:10:35: PM2 log: App [myNextApp:4] starting in -cluster mode-
2023-07-17T18:10:36: PM2 log: App [myNextApp:3] online
2023-07-17T18:10:36: PM2 log: Stopping app:myNextApp id:5
2023-07-17T18:10:36: PM2 log: App [myNextApp:4] online
2023-07-17T18:10:36: PM2 log: Stopping app:myNextApp id:6
2023-07-17T18:10:36: PM2 log: pid=8135 msg=failed to kill - retrying in 100ms
2023-07-17T18:10:36: PM2 log: pid=22109 msg=failed to kill - retrying in 100ms
2023-07-17T18:10:36: PM2 log: App name:myNextApp id:5 disconnected
2023-07-17T18:10:36: PM2 log: App [myNextApp:5] exited with code [0] via signal [SIGINT]
2023-07-17T18:10:36: PM2 log: App [myNextApp:6] exited with code [0] via signal [SIGINT]
2023-07-17T18:10:36: PM2 log: pid=8135 msg=process killed
2023-07-17T18:10:36: PM2 log: App [myNextApp:6] starting in -cluster mode-
2023-07-17T18:10:36: PM2 log: App name:myNextApp id:6 disconnected
2023-07-17T18:10:36: PM2 log: pid=22109 msg=process killed
2023-07-17T18:10:36: PM2 log: App [myNextApp:5] starting in -cluster mode-
2023-07-17T18:10:36: PM2 log: App [myNextApp:6] online
2023-07-17T18:10:36: PM2 log: Stopping app:myNextApp id:7
2023-07-17T18:10:36: PM2 log: App [myNextApp:5] online
2023-07-17T18:10:36: PM2 log: Stopping app:myNextApp id:8
2023-07-17T18:10:36: PM2 log: pid=13317 msg=failed to kill - retrying in 100ms
2023-07-17T18:10:36: PM2 log: pid=13325 msg=failed to kill - retrying in 100ms
2023-07-17T18:10:36: PM2 log: pid=13317 msg=failed to kill - retrying in 100ms
2023-07-17T18:10:36: PM2 log: pid=13325 msg=failed to kill - retrying in 100ms
2023-07-17T18:10:36: PM2 log: pid=13317 msg=failed to kill - retrying in 100ms
2023-07-17T18:10:36: PM2 log: pid=13325 msg=failed to kill - retrying in 100ms
2023-07-17T18:10:36: PM2 log: pid=13317 msg=failed to kill - retrying in 100ms
2023-07-17T18:10:37: PM2 log: pid=13325 msg=failed to kill - retrying in 100ms
2023-07-17T18:10:37: PM2 log: pid=13317 msg=failed to kill - retrying in 100ms
2023-07-17T18:10:37: PM2 log: pid=13325 msg=failed to kill - retrying in 100ms
2023-07-17T18:10:37: PM2 log: pid=13317 msg=failed to kill - retrying in 100ms
2023-07-17T18:10:37: PM2 log: pid=13325 msg=failed to kill - retrying in 100ms
2023-07-17T18:10:37: PM2 log: pid=13317 msg=failed to kill - retrying in 100ms
2023-07-17T18:10:37: PM2 log: pid=13325 msg=failed to kill - retrying in 100ms
2023-07-17T18:10:37: PM2 log: pid=13317 msg=failed to kill - retrying in 100ms
2023-07-17T18:10:37: PM2 log: pid=13325 msg=failed to kill - retrying in 100ms
2023-07-17T18:10:37: PM2 log: pid=13317 msg=failed to kill - retrying in 100ms
2023-07-17T18:10:37: PM2 log: pid=13325 msg=failed to kill - retrying in 100ms
2023-07-17T18:10:37: PM2 log: pid=13317 msg=failed to kill - retrying in 100ms
2023-07-17T18:10:37: PM2 log: App [myNextApp:7] exited with code [0] via signal [SIGINT]
2023-07-17T18:10:37: PM2 log: pid=13325 msg=failed to kill - retrying in 100ms
2023-07-17T18:10:37: PM2 log: pid=13317 msg=process killed
2023-07-17T18:10:37: PM2 log: App [myNextApp:7] starting in -cluster mode-
2023-07-17T18:10:37: PM2 log: pid=13325 msg=failed to kill - retrying in 100ms
2023-07-17T18:10:37: PM2 log: App [myNextApp:7] online
2023-07-17T18:10:37: PM2 log: pid=13325 msg=failed to kill - retrying in 100ms
2023-07-17T18:10:37: PM2 log: Stopping app:myNextApp id:9
2023-07-17T18:10:38: PM2 log: pid=13325 msg=failed to kill - retrying in 100ms
2023-07-17T18:10:38: PM2 log: pid=16176 msg=failed to kill - retrying in 100ms
2023-07-17T18:10:38: PM2 log: pid=13325 msg=failed to kill - retrying in 100ms
2023-07-17T18:10:38: PM2 log: Process with pid 13325 still alive after 1600ms, sending it SIGKILL now...
2023-07-17T18:10:38: PM2 log: App [myNextApp:8] exited with code [0] via signal [SIGINT]
2023-07-17T18:10:38: PM2 log: pid=16176 msg=failed to kill - retrying in 100ms
2023-07-17T18:10:38: PM2 log: App name:myNextApp id:9 disconnected
2023-07-17T18:10:38: PM2 log: App [myNextApp:9] exited with code [0] via signal [SIGINT]
2023-07-17T18:10:38: PM2 log: pid=13325 msg=process killed
2023-07-17T18:10:38: PM2 log: App [myNextApp:8] starting in -cluster mode-
2023-07-17T18:10:38: PM2 log: pid=16176 msg=process killed
2023-07-17T18:10:38: PM2 log: App [myNextApp:9] starting in -cluster mode-
2023-07-17T18:10:38: PM2 log: App [myNextApp:8] online
2023-07-17T18:10:38: PM2 log: App [myNextApp:9] online
2023-07-17T19:45:37: PM2 log: Stopping app:myNextApp id:0
2023-07-17T19:45:37: PM2 log: Stopping app:myNextApp id:1
2023-07-17T19:45:38: PM2 log: pid=29110 msg=failed to kill - retrying in 100ms
2023-07-17T19:45:38: PM2 log: pid=29116 msg=failed to kill - retrying in 100ms
2023-07-17T19:45:38: PM2 log: pid=29110 msg=failed to kill - retrying in 100ms
2023-07-17T19:45:38: PM2 log: pid=29116 msg=failed to kill - retrying in 100ms
2023-07-17T19:45:38: PM2 log: pid=29110 msg=failed to kill - retrying in 100ms
2023-07-17T19:45:38: PM2 log: pid=29116 msg=failed to kill - retrying in 100ms
2023-07-17T19:45:38: PM2 log: pid=29110 msg=failed to kill - retrying in 100ms
2023-07-17T19:45:38: PM2 log: pid=29116 msg=failed to kill - retrying in 100ms
2023-07-17T19:45:38: PM2 log: pid=29110 msg=failed to kill - retrying in 100ms
2023-07-17T19:45:38: PM2 log: pid=29116 msg=failed to kill - retrying in 100ms
2023-07-17T19:45:38: PM2 log: pid=29110 msg=failed to kill - retrying in 100ms
2023-07-17T19:45:38: PM2 log: pid=29116 msg=failed to kill - retrying in 100ms
2023-07-17T19:45:38: PM2 log: pid=29110 msg=failed to kill - retrying in 100ms
2023-07-17T19:45:38: PM2 log: pid=29116 msg=failed to kill - retrying in 100ms
2023-07-17T19:45:38: PM2 log: pid=29110 msg=failed to kill - retrying in 100ms
2023-07-17T19:45:38: PM2 log: pid=29116 msg=failed to kill - retrying in 100ms
2023-07-17T19:45:38: PM2 log: pid=29110 msg=failed to kill - retrying in 100ms
2023-07-17T19:45:38: PM2 log: pid=29116 msg=failed to kill - retrying in 100ms
2023-07-17T19:45:39: PM2 log: pid=29110 msg=failed to kill - retrying in 100ms
2023-07-17T19:45:39: PM2 log: pid=29116 msg=failed to kill - retrying in 100ms
2023-07-17T19:45:39: PM2 log: App name:myNextApp id:1 disconnected
2023-07-17T19:45:39: PM2 log: App [myNextApp:1] exited with code [0] via signal [SIGINT]
2023-07-17T19:45:39: PM2 log: App name:myNextApp id:0 disconnected
2023-07-17T19:45:39: PM2 log: App [myNextApp:0] exited with code [0] via signal [SIGINT]
2023-07-17T19:45:39: PM2 log: pid=29110 msg=process killed
2023-07-17T19:45:39: PM2 log: App [myNextApp:0] starting in -cluster mode-
2023-07-17T19:45:39: PM2 log: pid=29116 msg=process killed
2023-07-17T19:45:39: PM2 log: App [myNextApp:1] starting in -cluster mode-
2023-07-17T19:45:39: PM2 log: App [myNextApp:0] online
2023-07-17T19:45:39: PM2 log: App [myNextApp:1] online
2023-07-17T19:45:39: PM2 log: Stopping app:myNextApp id:2
2023-07-17T19:45:39: PM2 log: Stopping app:myNextApp id:3
2023-07-17T19:45:39: PM2 log: pid=29141 msg=failed to kill - retrying in 100ms
2023-07-17T19:45:39: PM2 log: pid=29154 msg=failed to kill - retrying in 100ms
2023-07-17T19:45:39: PM2 log: pid=29141 msg=failed to kill - retrying in 100ms
2023-07-17T19:45:39: PM2 log: pid=29154 msg=failed to kill - retrying in 100ms
2023-07-17T19:45:39: PM2 log: pid=29141 msg=failed to kill - retrying in 100ms
2023-07-17T19:45:39: PM2 log: pid=29154 msg=failed to kill - retrying in 100ms
2023-07-17T19:45:39: PM2 log: pid=29141 msg=failed to kill - retrying in 100ms
2023-07-17T19:45:39: PM2 log: pid=29154 msg=failed to kill - retrying in 100ms
2023-07-17T19:45:39: PM2 log: pid=29141 msg=failed to kill - retrying in 100ms
2023-07-17T19:45:39: PM2 log: pid=29154 msg=failed to kill - retrying in 100ms
2023-07-17T19:45:40: PM2 log: pid=29141 msg=failed to kill - retrying in 100ms
2023-07-17T19:45:40: PM2 log: pid=29154 msg=failed to kill - retrying in 100ms
2023-07-17T19:45:42: PM2 log: pid=29141 msg=failed to kill - retrying in 100ms
2023-07-17T19:45:42: PM2 log: pid=29154 msg=failed to kill - retrying in 100ms
2023-07-17T19:45:42: PM2 log: Process with pid 29141 still alive after 1600ms, sending it SIGKILL now...
2023-07-17T19:45:42: PM2 log: Process with pid 29154 still alive after 1600ms, sending it SIGKILL now...
2023-07-17T19:45:42: PM2 log: App name:myNextApp id:3 disconnected
2023-07-17T19:45:42: PM2 log: App [myNextApp:2] exited with code [0] via signal [SIGINT]
2023-07-17T19:45:42: PM2 log: App [myNextApp:3] exited with code [0] via signal [SIGINT]
2023-07-17T19:45:43: PM2 log: pid=29141 msg=process killed
2023-07-17T19:45:43: PM2 log: App [myNextApp:2] starting in -cluster mode-
2023-07-17T19:45:43: PM2 log: pid=29154 msg=process killed
2023-07-17T19:45:43: PM2 log: App [myNextApp:3] starting in -cluster mode-
2023-07-17T19:45:43: PM2 log: App [myNextApp:2] online
2023-07-17T19:45:43: PM2 log: App [myNextApp:3] online
2023-07-17T19:45:43: PM2 log: Stopping app:myNextApp id:4
2023-07-17T19:45:43: PM2 log: Stopping app:myNextApp id:5
2023-07-17T19:45:43: PM2 log: pid=29160 msg=failed to kill - retrying in 100ms
2023-07-17T19:45:43: PM2 log: pid=29183 msg=failed to kill - retrying in 100ms
2023-07-17T19:45:43: PM2 log: pid=29160 msg=failed to kill - retrying in 100ms
2023-07-17T19:45:43: PM2 log: pid=29183 msg=failed to kill - retrying in 100ms
2023-07-17T19:45:43: PM2 log: pid=29160 msg=failed to kill - retrying in 100ms
2023-07-17T19:45:43: PM2 log: pid=29183 msg=failed to kill - retrying in 100ms
2023-07-17T19:45:43: PM2 log: pid=29160 msg=failed to kill - retrying in 100ms
2023-07-17T19:45:44: PM2 log: pid=29183 msg=failed to kill - retrying in 100ms
2023-07-17T19:45:44: PM2 log: pid=29160 msg=failed to kill - retrying in 100ms
2023-07-17T19:45:44: PM2 log: pid=29183 msg=failed to kill - retrying in 100ms
2023-07-17T19:45:44: PM2 log: pid=29160 msg=failed to kill - retrying in 100ms
2023-07-17T19:45:44: PM2 log: pid=29183 msg=failed to kill - retrying in 100ms
2023-07-17T19:45:44: PM2 log: pid=29160 msg=failed to kill - retrying in 100ms
2023-07-17T19:45:44: PM2 log: App name:myNextApp id:4 disconnected
2023-07-17T19:45:44: PM2 log: App [myNextApp:4] exited with code [0] via signal [SIGINT]
2023-07-17T19:45:44: PM2 log: pid=29183 msg=failed to kill - retrying in 100ms
2023-07-17T19:45:44: PM2 log: pid=29160 msg=process killed
2023-07-17T19:45:44: PM2 log: App [myNextApp:4] starting in -cluster mode-
2023-07-17T19:45:44: PM2 log: App [myNextApp:4] online
2023-07-17T19:45:44: PM2 log: pid=29183 msg=failed to kill - retrying in 100ms
2023-07-17T19:45:44: PM2 log: Stopping app:myNextApp id:6
2023-07-17T19:45:44: PM2 log: pid=29183 msg=failed to kill - retrying in 100ms
2023-07-17T19:45:44: PM2 log: pid=29182 msg=failed to kill - retrying in 100ms
2023-07-17T19:45:44: PM2 log: pid=29183 msg=failed to kill - retrying in 100ms
2023-07-17T19:45:44: PM2 log: pid=29182 msg=failed to kill - retrying in 100ms
2023-07-17T19:45:44: PM2 log: pid=29183 msg=failed to kill - retrying in 100ms
2023-07-17T19:45:44: PM2 log: App name:myNextApp id:5 disconnected
2023-07-17T19:45:44: PM2 log: App [myNextApp:5] exited with code [0] via signal [SIGINT]
2023-07-17T19:45:45: PM2 log: pid=29182 msg=failed to kill - retrying in 100ms
2023-07-17T19:45:45: PM2 log: pid=29183 msg=process killed
2023-07-17T19:45:45: PM2 log: App [myNextApp:5] starting in -cluster mode-
2023-07-17T19:45:45: PM2 log: pid=29182 msg=failed to kill - retrying in 100ms
2023-07-17T19:45:45: PM2 log: App [myNextApp:5] online
2023-07-17T19:45:45: PM2 log: Stopping app:myNextApp id:7
2023-07-17T19:45:45: PM2 log: pid=29182 msg=failed to kill - retrying in 100ms
2023-07-17T19:45:45: PM2 log: pid=29182 msg=failed to kill - retrying in 100ms
2023-07-17T19:45:45: PM2 log: pid=29238 msg=failed to kill - retrying in 100ms
2023-07-17T19:45:45: PM2 log: pid=29182 msg=failed to kill - retrying in 100ms
2023-07-17T19:45:45: PM2 log: pid=29238 msg=failed to kill - retrying in 100ms
2023-07-17T19:45:45: PM2 log: pid=29182 msg=failed to kill - retrying in 100ms
2023-07-17T19:45:45: PM2 log: pid=29238 msg=failed to kill - retrying in 100ms
2023-07-17T19:45:46: PM2 log: pid=29182 msg=failed to kill - retrying in 100ms
2023-07-17T19:45:46: PM2 log: pid=29238 msg=failed to kill - retrying in 100ms
2023-07-17T19:45:46: PM2 log: pid=29182 msg=failed to kill - retrying in 100ms
2023-07-17T19:45:46: PM2 log: pid=29238 msg=failed to kill - retrying in 100ms
2023-07-17T19:45:46: PM2 log: Process with pid 29182 still alive after 1600ms, sending it SIGKILL now...
2023-07-17T19:45:46: PM2 log: App name:myNextApp id:7 disconnected
2023-07-17T19:45:46: PM2 log: App [myNextApp:7] exited with code [0] via signal [SIGINT]
2023-07-17T19:45:46: PM2 log: pid=29238 msg=process killed
2023-07-17T19:45:46: PM2 log: App [myNextApp:7] starting in -cluster mode-
2023-07-17T19:45:46: PM2 log: pid=29182 msg=failed to kill - retrying in 100ms
2023-07-17T19:45:46: PM2 log: App name:myNextApp id:6 disconnected
2023-07-17T19:45:46: PM2 log: App [myNextApp:6] exited with code [0] via signal [SIGKILL]
2023-07-17T19:45:46: PM2 log: App [myNextApp:7] online
2023-07-17T19:45:46: PM2 log: Stopping app:myNextApp id:8
2023-07-17T19:45:46: PM2 log: pid=29182 msg=process killed
2023-07-17T19:45:46: PM2 log: App [myNextApp:6] starting in -cluster mode-
2023-07-17T19:45:46: PM2 log: App [myNextApp:6] online
2023-07-17T19:45:46: PM2 log: pid=29252 msg=failed to kill - retrying in 100ms
2023-07-17T19:45:46: PM2 log: Stopping app:myNextApp id:9
2023-07-17T19:45:46: PM2 log: pid=29252 msg=failed to kill - retrying in 100ms
2023-07-17T19:45:46: PM2 log: pid=29259 msg=failed to kill - retrying in 100ms
2023-07-17T19:45:46: PM2 log: pid=29252 msg=failed to kill - retrying in 100ms
2023-07-17T19:45:46: PM2 log: pid=29259 msg=failed to kill - retrying in 100ms
2023-07-17T19:45:46: PM2 log: pid=29252 msg=failed to kill - retrying in 100ms
2023-07-17T19:45:47: PM2 log: pid=29259 msg=failed to kill - retrying in 100ms
2023-07-17T19:45:47: PM2 log: pid=29252 msg=failed to kill - retrying in 100ms
2023-07-17T19:45:47: PM2 log: pid=29259 msg=failed to kill - retrying in 100ms
2023-07-17T19:45:47: PM2 log: App name:myNextApp id:9 disconnected
2023-07-17T19:45:47: PM2 log: App [myNextApp:9] exited with code [0] via signal [SIGINT]
2023-07-17T19:45:47: PM2 log: pid=29252 msg=failed to kill - retrying in 100ms
2023-07-17T19:45:47: PM2 log: pid=29259 msg=process killed
2023-07-17T19:45:47: PM2 log: App [myNextApp:9] starting in -cluster mode-
2023-07-17T19:45:47: PM2 log: pid=29252 msg=failed to kill - retrying in 100ms
2023-07-17T19:45:47: PM2 log: App [myNextApp:9] online
2023-07-17T19:45:47: PM2 log: pid=29252 msg=failed to kill - retrying in 100ms
2023-07-17T19:45:47: PM2 log: App name:myNextApp id:8 disconnected
2023-07-17T19:45:47: PM2 log: App [myNextApp:8] exited with code [0] via signal [SIGINT]
2023-07-17T19:45:47: PM2 log: pid=29252 msg=process killed
2023-07-17T19:45:47: PM2 log: App [myNextApp:8] starting in -cluster mode-
2023-07-17T19:45:48: PM2 log: App [myNextApp:8] online
2023-07-18T11:05:43: PM2 log: [PM2] This PM2 is not UP TO DATE
2023-07-18T11:05:43: PM2 log: [PM2] Upgrade to version 5.3.0
2023-07-18T11:49:03: PM2 log: App [myNextApp:3] exited with code [0] via signal [SIGKILL]
2023-07-18T11:49:03: PM2 log: App [myNextApp:3] starting in -cluster mode-
2023-07-18T11:49:11: PM2 log: App [myNextApp:3] online
2023-07-18T13:33:31: PM2 log: App name:myNextApp id:7 disconnected
2023-07-18T13:33:32: PM2 log: App [myNextApp:7] exited with code [0] via signal [SIGKILL]
2023-07-18T13:33:32: PM2 log: App [myNextApp:7] starting in -cluster mode-
2023-07-18T13:33:40: PM2 log: App [myNextApp:7] online
2023-07-18T13:34:44: PM2 log: Stopping app:myNextApp id:0
2023-07-18T13:34:44: PM2 log: Stopping app:myNextApp id:1
2023-07-18T13:34:44: PM2 log: pid=8856 msg=failed to kill - retrying in 100ms
2023-07-18T13:34:44: PM2 log: pid=8857 msg=failed to kill - retrying in 100ms
2023-07-18T13:34:44: PM2 log: pid=8856 msg=failed to kill - retrying in 100ms
2023-07-18T13:34:44: PM2 log: pid=8857 msg=failed to kill - retrying in 100ms
2023-07-18T13:34:44: PM2 log: pid=8856 msg=failed to kill - retrying in 100ms
2023-07-18T13:34:44: PM2 log: pid=8857 msg=failed to kill - retrying in 100ms
2023-07-18T13:34:45: PM2 log: pid=8856 msg=failed to kill - retrying in 100ms
2023-07-18T13:34:45: PM2 log: pid=8857 msg=failed to kill - retrying in 100ms
2023-07-18T13:34:45: PM2 log: pid=8856 msg=failed to kill - retrying in 100ms
2023-07-18T13:34:45: PM2 log: pid=8857 msg=failed to kill - retrying in 100ms
2023-07-18T13:34:45: PM2 log: pid=8856 msg=failed to kill - retrying in 100ms
2023-07-18T13:34:45: PM2 log: pid=8857 msg=failed to kill - retrying in 100ms
2023-07-18T13:34:45: PM2 log: pid=8856 msg=failed to kill - retrying in 100ms
2023-07-18T13:34:45: PM2 log: pid=8857 msg=failed to kill - retrying in 100ms
2023-07-18T13:34:45: PM2 log: pid=8856 msg=failed to kill - retrying in 100ms
2023-07-18T13:34:45: PM2 log: pid=8857 msg=failed to kill - retrying in 100ms
2023-07-18T13:34:45: PM2 log: App [myNextApp:0] exited with code [0] via signal [SIGINT]
2023-07-18T13:34:45: PM2 log: pid=8856 msg=process killed
2023-07-18T13:34:45: PM2 log: App [myNextApp:0] starting in -cluster mode-
2023-07-18T13:34:45: PM2 log: App name:myNextApp id:1 disconnected
2023-07-18T13:34:45: PM2 log: App [myNextApp:1] exited with code [0] via signal [SIGINT]
2023-07-18T13:34:45: PM2 log: pid=8857 msg=process killed
2023-07-18T13:34:45: PM2 log: App [myNextApp:1] starting in -cluster mode-
2023-07-18T13:34:45: PM2 log: App [myNextApp:0] online
2023-07-18T13:34:45: PM2 log: Stopping app:myNextApp id:2
2023-07-18T13:34:45: PM2 log: App [myNextApp:1] online
2023-07-18T13:34:45: PM2 log: Stopping app:myNextApp id:3
2023-07-18T13:34:46: PM2 log: pid=8882 msg=failed to kill - retrying in 100ms
2023-07-18T13:34:46: PM2 log: pid=30117 msg=failed to kill - retrying in 100ms
2023-07-18T13:34:46: PM2 log: App name:myNextApp id:3 disconnected
2023-07-18T13:34:46: PM2 log: App [myNextApp:3] exited with code [0] via signal [SIGINT]
2023-07-18T13:34:46: PM2 log: pid=8882 msg=failed to kill - retrying in 100ms
2023-07-18T13:34:46: PM2 log: pid=30117 msg=process killed
2023-07-18T13:34:46: PM2 log: App [myNextApp:3] starting in -cluster mode-
2023-07-18T13:34:46: PM2 log: App [myNextApp:3] online
2023-07-18T13:34:46: PM2 log: pid=8882 msg=failed to kill - retrying in 100ms
2023-07-18T13:34:46: PM2 log: Stopping app:myNextApp id:4
2023-07-18T13:34:46: PM2 log: pid=8882 msg=failed to kill - retrying in 100ms
2023-07-18T13:34:46: PM2 log: pid=8906 msg=failed to kill - retrying in 100ms
2023-07-18T13:34:46: PM2 log: pid=8882 msg=failed to kill - retrying in 100ms
2023-07-18T13:34:46: PM2 log: pid=8906 msg=failed to kill - retrying in 100ms
2023-07-18T13:34:46: PM2 log: pid=8882 msg=failed to kill - retrying in 100ms
2023-07-18T13:34:46: PM2 log: pid=8906 msg=failed to kill - retrying in 100ms
2023-07-18T13:34:46: PM2 log: App name:myNextApp id:2 disconnected
2023-07-18T13:34:46: PM2 log: pid=8882 msg=failed to kill - retrying in 100ms
2023-07-18T13:34:46: PM2 log: App [myNextApp:2] exited with code [0] via signal [SIGINT]
2023-07-18T13:34:46: PM2 log: pid=8906 msg=failed to kill - retrying in 100ms
2023-07-18T13:34:46: PM2 log: pid=8882 msg=process killed
2023-07-18T13:34:46: PM2 log: App [myNextApp:2] starting in -cluster mode-
2023-07-18T13:34:46: PM2 log: pid=8906 msg=failed to kill - retrying in 100ms
2023-07-18T13:34:46: PM2 log: App [myNextApp:2] online
2023-07-18T13:34:47: PM2 log: Stopping app:myNextApp id:5
2023-07-18T13:34:47: PM2 log: pid=8906 msg=failed to kill - retrying in 100ms
2023-07-18T13:34:47: PM2 log: pid=8918 msg=failed to kill - retrying in 100ms
2023-07-18T13:34:47: PM2 log: App name:myNextApp id:4 disconnected
2023-07-18T13:34:47: PM2 log: App [myNextApp:4] exited with code [0] via signal [SIGINT]
2023-07-18T13:34:47: PM2 log: pid=8906 msg=process killed
2023-07-18T13:34:47: PM2 log: App [myNextApp:4] starting in -cluster mode-
2023-07-18T13:34:47: PM2 log: pid=8918 msg=failed to kill - retrying in 100ms
2023-07-18T13:34:47: PM2 log: App [myNextApp:4] online
2023-07-18T13:34:47: PM2 log: Stopping app:myNextApp id:6
2023-07-18T13:34:47: PM2 log: pid=8918 msg=failed to kill - retrying in 100ms
2023-07-18T13:34:47: PM2 log: pid=8918 msg=failed to kill - retrying in 100ms
2023-07-18T13:34:47: PM2 log: pid=8963 msg=failed to kill - retrying in 100ms
2023-07-18T13:34:47: PM2 log: pid=8918 msg=failed to kill - retrying in 100ms
2023-07-18T13:34:47: PM2 log: pid=8963 msg=failed to kill - retrying in 100ms
2023-07-18T13:34:47: PM2 log: App name:myNextApp id:5 disconnected
2023-07-18T13:34:47: PM2 log: App [myNextApp:5] exited with code [0] via signal [SIGINT]
2023-07-18T13:34:47: PM2 log: pid=8918 msg=process killed
2023-07-18T13:34:47: PM2 log: App [myNextApp:5] starting in -cluster mode-
2023-07-18T13:34:47: PM2 log: pid=8963 msg=failed to kill - retrying in 100ms
2023-07-18T13:34:47: PM2 log: App [myNextApp:5] online
2023-07-18T13:34:47: PM2 log: pid=8963 msg=failed to kill - retrying in 100ms
2023-07-18T13:34:47: PM2 log: Stopping app:myNextApp id:7
2023-07-18T13:34:47: PM2 log: pid=8963 msg=failed to kill - retrying in 100ms
2023-07-18T13:34:47: PM2 log: App name:myNextApp id:7 disconnected
2023-07-18T13:34:47: PM2 log: App [myNextApp:7] exited with code [0] via signal [SIGINT]
2023-07-18T13:34:47: PM2 log: pid=11838 msg=process killed
2023-07-18T13:34:48: PM2 log: App [myNextApp:7] starting in -cluster mode-
2023-07-18T13:34:48: PM2 log: pid=8963 msg=failed to kill - retrying in 100ms
2023-07-18T13:34:48: PM2 log: App [myNextApp:7] online
2023-07-18T13:34:48: PM2 log: Stopping app:myNextApp id:8
2023-07-18T13:34:48: PM2 log: pid=8963 msg=failed to kill - retrying in 100ms
2023-07-18T13:34:48: PM2 log: App name:myNextApp id:6 disconnected
2023-07-18T13:34:48: PM2 log: App [myNextApp:6] exited with code [0] via signal [SIGINT]
2023-07-18T13:34:48: PM2 log: pid=9000 msg=failed to kill - retrying in 100ms
2023-07-18T13:34:48: PM2 log: pid=8963 msg=process killed
2023-07-18T13:34:48: PM2 log: App [myNextApp:6] starting in -cluster mode-
2023-07-18T13:34:48: PM2 log: pid=9000 msg=failed to kill - retrying in 100ms
2023-07-18T13:34:48: PM2 log: App [myNextApp:6] online
2023-07-18T13:34:48: PM2 log: Stopping app:myNextApp id:9
2023-07-18T13:34:48: PM2 log: pid=9000 msg=failed to kill - retrying in 100ms
2023-07-18T13:34:48: PM2 log: pid=8989 msg=failed to kill - retrying in 100ms
2023-07-18T13:34:48: PM2 log: pid=9000 msg=failed to kill - retrying in 100ms
2023-07-18T13:34:48: PM2 log: pid=8989 msg=failed to kill - retrying in 100ms
2023-07-18T13:34:48: PM2 log: pid=9000 msg=failed to kill - retrying in 100ms
2023-07-18T13:34:48: PM2 log: pid=8989 msg=failed to kill - retrying in 100ms
2023-07-18T13:34:48: PM2 log: pid=9000 msg=failed to kill - retrying in 100ms
2023-07-18T13:34:48: PM2 log: pid=8989 msg=failed to kill - retrying in 100ms
2023-07-18T13:34:48: PM2 log: pid=9000 msg=failed to kill - retrying in 100ms
2023-07-18T13:34:48: PM2 log: App name:myNextApp id:8 disconnected
2023-07-18T13:34:48: PM2 log: App [myNextApp:8] exited with code [0] via signal [SIGINT]
2023-07-18T13:34:49: PM2 log: pid=8989 msg=failed to kill - retrying in 100ms
2023-07-18T13:34:49: PM2 log: pid=9000 msg=process killed
2023-07-18T13:34:49: PM2 log: App [myNextApp:8] starting in -cluster mode-
2023-07-18T13:34:49: PM2 log: App name:myNextApp id:9 disconnected
2023-07-18T13:34:49: PM2 log: App [myNextApp:9] exited with code [0] via signal [SIGINT]
2023-07-18T13:34:49: PM2 log: App [myNextApp:8] online
2023-07-18T13:34:49: PM2 log: pid=8989 msg=process killed
2023-07-18T13:34:49: PM2 log: App [myNextApp:9] starting in -cluster mode-
2023-07-18T13:34:49: PM2 log: App [myNextApp:9] online
